Date,Home Team,Away Team,Home Win Probability,Draw Probability,Away Win Probability,Home -1.5,Home -1.25,Home -1,Home -0.75,Home -0.5,Home -0.25,Home 0.25,Home 0.5,Home 0.75,Home 1,Home 1.25,Home 1.5,Away -1.5,Away -1.25,Away -1,Away -0.75,Away -0.5,Away -0.25,Away 0.25,Away 0.5,Away 0.75,Away 1,Away 1.25,Away 1.5
2026-09-27,Atlante,Atlas,0.5017015672242519,0.2429798695521895,0.2553185632235587,0.26799414237925506,0.26799414237925506,0.26799414237925506,0.38484785480175343,0.5017015672242519,0.5017015672242519,0.6231915020003467,0.7446814367764414,0.7446814367764414,0.7446814367764414,0.8230595263961327,0.901437616015824,0.09856238398417622,0.09856238398417622,0.09856238398417622,0.17694047360386747,0.2553185632235587,0.2553185632235587,0.37680849799965355,0.4982984327757483,0.4982984327757483,0.4982984327757483,0.6151521451982467,0.7320058576207451
2026-09-27,Atlante,Atletico San Luis,0.4907433548606251,0.23853607780592095,0.27072056733345373,0.2638601239685306,0.2638601239685306,0.2638601239685306,0.37730173941457784,0.4907433548606251,0.4907433548606251,0.6100113937635856,0.729279432666546,0.729279432666546,0.729279432666546,0.8095851970099277,0.8898909613533095,0.11010903864669035,0.11010903864669035,0.11010903864669035,0.19041480299007205,0.27072056733345373,0.27072056733345373,0.3899886062364143,0.5092566451393749,0.5092566451393749,0.5092566451393749,0.6226982605854221,0.7361398760314694
2026-09-27,Atlante,Club America,0.2993562897660923,0.25838836350777955,0.442255346726128,0.12088410081289551,0.12088410081289551,0.12088410081289551,0.2101201952894939,0.2993562897660923,0.2993562897660923,0.4285504715199822,0.5577446532738721,0.5577446532738721,0.5577446532738721,0.6706204277169617,0.7834962021600513,0.21650379783994866,0.21650379783994866,0.21650379783994866,0.3293795722830383,0.442255346726128,0.442255346726128,0.5714495284800178,0.7006437102339076,0.7006437102339076,0.7006437102339076,0.789879804710506,0.8791158991871045
2026-09-27,Atlante,Cruz Azul,0.3306047257169775,0.25112974232277746,0.4182655319602449,0.14452631564078078,0.14452631564078078,0.14452631564078078,0.23756552067887915,0.3306047257169775,0.3306047257169775,0.4561695968783662,0.5817344680397549,0.5817344680397549,0.5817344680397549,0.6885746854549555,0.7954149028701561,0.20458509712984377,0.20458509712984377,0.20458509712984377,0.31142531454504435,0.4182655319602449,0.4182655319602449,0.5438304031216337,0.6693952742830224,0.6693952742830224,0.6693952742830224,0.7624344793211209,0.8554736843592192
2026-09-27,Atlante,FC Juarez,0.5416545971973735,0.22788712956781068,0.23045827323481563,0.30810642478030764,0.30810642478030764,0.30810642478030764,0.4248805109888406,0.5416545971973735,0.5416545971973735,0.655598161981279,0.7695417267651843,0.7695417267651843,0.7695417267651843,0.8407716646388916,0.912001602512599,0.08799839748740088,0.08799839748740088,0.08799839748740088,0.15922833536110825,0.23045827323481563,0.23045827323481563,0.344401838018721,0.4583454028026263,0.4583454028026263,0.4583454028026263,0.5751194890111593,0.6918935752196923
2026-09-27,Atlante,Guadalajara,0.3400787371901198,0.2593879873824456,0.4005332754274345,0.14701261660516488,0.14701261660516488,0.14701261660516488,0.24354567689764234,0.3400787371901198,0.3400787371901198,0.4697727308813425,0.5994667245725653,0.5994667245725653,0.5994667245725653,0.7059379238256551,0.812409123078745,0.18759087692125484,0.18759087692125484,0.18759087692125484,0.29406207617434466,0.4005332754274345,0.4005332754274345,0.5302272691186573,0.6599212628098801,0.6599212628098801,0.6599212628098801,0.7564543231023575,0.8529873833948349
2026-09-27,Atlante,Leon,0.49761616205630377,0.24451072154549255,0.25787311639820354,0.264012251412257,0.264012251412257,0.264012251412257,0.38081420673428035,0.49761616205630377,0.49761616205630377,0.61987152282905,0.7421268836017962,0.7421268836017962,0.7421268836017962,0.821243788709433,0.90036069381707,0.0996393061829299,0.0996393061829299,0.0996393061829299,0.17875621129056674,0.25787311639820354,0.25787311639820354,0.3801284771709497,0.5023838379436959,0.5023838379436959,0.5023838379436959,0.6191857932657193,0.7359877485877427
2026-09-27,Atlante,Mazatlan,0.5740299318540443,0.22387985675044192,0.20209021139551386,0.3338070940891423,0.3338070940891423,0.3338070940891423,0.45391851297159325,0.5740299318540443,0.5740299318540443,0.6859698602292652,0.7979097886044862,0.7979097886044862,0.7979097886044862,0.863114402755119,0.9283190169057516,0.07168098309424846,0.07168098309424846,0.07168098309424846,0.13688559724488117,0.20209021139551386,0.20209021139551386,0.3140301397707348,0.4259700681459558,0.4259700681459558,0.4259700681459558,0.5460814870284068,0.6661929059108578
2026-09-27,Atlante,Monterrey,0.4045139746039242,0.24365846997762494,0.3518275554184509,0.19957297596739368,0.19957297596739368,0.19957297596739368,0.30204347528565895,0.4045139746039242,0.4045139746039242,0.5263432095927367,0.6481724445815492,0.6481724445815492,0.6481724445815492,0.742735305827777,0.8372981670740047,0.1627018329259955,0.1627018329259955,0.1627018329259955,0.2572646941722232,0.3518275554184509,0.3518275554184509,0.47365679040726333,0.5954860253960758,0.5954860253960758,0.5954860253960758,0.6979565247143411,0.8004270240326065
2026-09-27,Atlante,Necaxa,0.5095099555962954,0.23155357774162572,0.2589364666620788,0.2825960747712229,0.2825960747712229,0.2825960747712229,0.3960530151837591,0.5095099555962954,0.5095099555962954,0.6252867444671082,0.7410635333379211,0.7410635333379211,0.7410635333379211,0.81799558696851,0.8949276405990991,0.105072359400901,0.105072359400901,0.105072359400901,0.1820044130314899,0.2589364666620788,0.2589364666620788,0.37471325553289164,0.4904900444037045,0.4904900444037045,0.4904900444037045,0.6039469848162409,0.7174039252287772
2026-09-27,Atlante,Pachuca,0.38321375869649354,0.2680240900242287,0.34876215127927784,0.17137493575498536,0.17137493575498536,0.17137493575498536,0.2772943472257394,0.38321375869649354,0.38321375869649354,0.5172258037086079,0.6512378487207223,0.6512378487207223,0.6512378487207223,0.7512405396781525,0.8512432306355828,0.14875676936441723,0.14875676936441723,0.14875676936441723,0.24875946032184754,0.34876215127927784,0.34876215127927784,0.48277419629139207,0.6167862413035063,0.6167862413035063,0.6167862413035063,0.7227056527742605,0.8286250642450146
2026-09-27,Atlante,Puebla,0.5676231082795492,0.23703065895882605,0.19534623276162505,0.31723847157123264,0.31723847157123264,0.31723847157123264,0.4424307899253909,0.5676231082795492,0.5676231082795492,0.6861384377589623,0.8046537672383753,0.8046537672383753,0.8046537672383753,0.8702160560634375,0.9357783448884998,0.06422165511150056,0.06422165511150056,0.06422165511150056,0.1297839439365628,0.19534623276162505,0.19534623276162505,0.3138615622410381,0.43237689172045113,0.43237689172045113,0.43237689172045113,0.5575692100746094,0.6827615284287676
2026-09-27,Atlante,Queretaro,0.4715940428412446,0.2608253149016262,0.26758064225712924,0.23469440974382366,0.23469440974382366,0.23469440974382366,0.35314422629253417,0.4715940428412446,0.4715940428412446,0.6020067002920578,0.732419357742871,0.732419357742871,0.732419357742871,0.8161700958880761,0.8999208340332812,0.10007916596671886,0.10007916596671886,0.10007916596671886,0.18382990411192404,0.26758064225712924,0.26758064225712924,0.3979932997079424,0.5284059571587555,0.5284059571587555,0.5284059571587555,0.646855773707466,0.7653055902561765
2026-09-27,Atlante,Santos Laguna,0.5746970828269096,0.22147703903095697,0.20382587814213354,0.3366011602066112,0.3366011602066112,0.3366011602066112,0.4556491215167604,0.5746970828269096,0.5746970828269096,0.685435602342388,0.7961741218578665,0.7961741218578665,0.7961741218578665,0.8613705643294669,0.9265670068010674,0.07343299319893283,0.07343299319893283,0.07343299319893283,0.13862943567053318,0.20382587814213354,0.20382587814213354,0.314564397657612,0.4253029171730905,0.4253029171730905,0.4253029171730905,0.5443508784832397,0.663398839793389
2026-09-27,Atlante,Tigres UANL,0.3512384871862814,0.2686234712283427,0.38013804158537606,0.15009559863457458,0.15009559863457458,0.15009559863457458,0.250667042910428,0.3512384871862814,0.3512384871862814,0.4855502228004528,0.6198619584146241,0.6198619584146241,0.6198619584146241,0.7254106173377193,0.8309592762608145,0.16904072373918577,0.16904072373918577,0.16904072373918577,0.27458938266228095,0.38013804158537606,0.38013804158537606,0.5144497771995474,0.6487615128137187,0.6487615128137187,0.6487615128137187,0.7493329570895721,0.8499044013654256
2026-09-27,Atlante,Tijuana,0.43735751247951893,0.24621226626284623,0.3164302212576348,0.22099697074914798,0.22099697074914798,0.22099697074914798,0.3291772416143335,0.43735751247951893,0.43735751247951893,0.560463645610942,0.683569778742365,0.683569778742365,0.683569778742365,0.7731559812155551,0.8627421836887452,0.13725781631125483,0.13725781631125483,0.13725781631125483,0.22684401878444482,0.3164302212576348,0.3164302212576348,0.4395363543890579,0.5626424875204811,0.5626424875204811,0.5626424875204811,0.6708227583856665,0.7790030292508521
2026-09-27,Atlante,Toluca,0.2853725588052939,0.24215519476549252,0.4724722464292138,0.11829747402396366,0.11829747402396366,0.11829747402396366,0.20183501641462878,0.2853725588052939,0.2853725588052939,0.4064501561880401,0.5275277535707863,0.5275277535707863,0.5275277535707863,0.6395770670005572,0.751626380430328,0.24837361956967213,0.24837361956967213,0.24837361956967213,0.36042293299944295,0.4724722464292138,0.4724722464292138,0.5935498438119602,0.7146274411947064,0.7146274411947064,0.7146274411947064,0.7981649835853715,0.8817025259760365
2026-09-27,Atlante,UNAM Pumas,0.4123264605133963,0.25390545872969356,0.33376808075691,0.1988104786011906,0.1988104786011906,0.1988104786011906,0.30556846955729344,0.4123264605133963,0.4123264605133963,0.539279189878243,0.6662319192430898,0.6662319192430898,0.6662319192430898,0.7604388038149623,0.8546456883868347,0.14535431161316512,0.14535431161316512,0.14535431161316512,0.23956119618503757,0.33376808075691,0.33376808075691,0.46072081012175675,0.5876735394866035,0.5876735394866035,0.5876735394866035,0.6944315304427064,0.8011895213988093
2026-09-27,Atlas,Atlante,0.4064273963725554,0.2555631640465504,0.33800943958089413,0.19378947665878266,0.19378947665878266,0.19378947665878266,0.30010843651566904,0.4064273963725554,0.4064273963725554,0.5342089783958307,0.661990560419106,0.661990560419106,0.661990560419106,0.7572882546127293,0.8525859488063527,0.14741405119364723,0.14741405119364723,0.14741405119364723,0.2427117453872707,0.33800943958089413,0.33800943958089413,0.4657910216041694,0.5935726036274447,0.5935726036274447,0.5935726036274447,0.699891563484331,0.8062105233412173
2026-09-27,Atlas,Atletico San Luis,0.44087722710391436,0.24642816825148534,0.3126946046446003,0.2233120982623654,0.2233120982623654,0.2233120982623654,0.33209466268313986,0.44087722710391436,0.44087722710391436,0.564091311229657,0.6873053953553998,0.6873053953553998,0.6873053953553998,0.7763265795783821,0.8653477638013645,0.13465223619863556,0.13465223619863556,0.13465223619863556,0.22367342042161792,0.3126946046446003,0.3126946046446003,0.43590868877034306,0.5591227728960858,0.5591227728960858,0.5591227728960858,0.6679053373168602,0.7766879017376347
2026-09-27,Atlas,Club America,0.25976392686436006,0.25202429522170344,0.48821177791393644,0.09823001940690314,0.09823001940690314,0.09823001940690314,0.1789969731356316,0.25976392686436006,0.25976392686436006,0.3857760744752118,0.5117882220860634,0.5117882220860634,0.5117882220860634,0.6298892420772395,0.7479902620684156,0.2520097379315843,0.2520097379315843,0.2520097379315843,0.3701107579227604,0.48821177791393644,0.48821177791393644,0.6142239255247881,0.7402360731356398,0.7402360731356398,0.7402360731356398,0.8210030268643682,0.9017699805930968
2026-09-27,Atlas,Cruz Azul,0.287662191777437,0.24682302383585317,0.4655147843867097,0.11791596092360837,0.11791596092360837,0.11791596092360837,0.20278907635052268,0.287662191777437,0.287662191777437,0.4110737036953636,0.5344852156132902,0.5344852156132902,0.5344852156132902,0.6471527196304927,0.7598202236476952,0.2401797763523049,0.2401797763523049,0.2401797763523049,0.3528472803695073,0.4655147843867097,0.4655147843867097,0.5889262963046362,0.7123378082225629,0.7123378082225629,0.7123378082225629,0.7972109236494773,0.8820840390763918
2026-09-27,Atlas,FC Juarez,0.4912461953500435,0.2392181280204437,0.2695356766295128,0.2636829215938132,0.2636829215938132,0.2636829215938132,0.37746455847192834,0.4912461953500435,0.4912461953500435,0.6108552593602653,0.7304643233704871,0.7304643233704871,0.7304643233704871,0.8106963980248115,0.890928472679136,0.10907152732086398,0.10907152732086398,0.10907152732086398,0.18930360197518836,0.2695356766295128,0.2695356766295128,0.3891447406397347,0.5087538046499566,0.5087538046499566,0.5087538046499566,0.6225354415280717,0.7363170784061868
2026-09-27,Atlas,Guadalajara,0.2975592278974577,0.2561989594367487,0.44624181266579377,0.12059584266721281,0.12059584266721281,0.12059584266721281,0.20907753528233525,0.2975592278974577,0.2975592278974577,0.42565870761583213,0.5537581873342066,0.5537581873342066,0.5537581873342066,0.6665738114562252,0.7793894355782438,0.22061056442175636,0.22061056442175636,0.22061056442175636,0.33342618854377504,0.44624181266579377,0.44624181266579377,0.5743412923841681,0.7024407721025424,0.7024407721025424,0.7024407721025424,0.7909224647176649,0.8794041573327873
2026-09-27,Atlas,Leon,0.4489349928340013,0.25332410480109585,0.297740902364903,0.2243227044643994,0.2243227044643994,0.2243227044643994,0.33662884864920034,0.4489349928340013,0.4489349928340013,0.5755970452345491,0.702259097635097,0.702259097635097,0.702259097635097,0.7901982855884959,0.878137473541895,0.12186252645810511,0.12186252645810511,0.12186252645810511,0.20980171441150408,0.297740902364903,0.297740902364903,0.42440295476545087,0.5510650071659987,0.5510650071659987,0.5510650071659987,0.6633711513507996,0.7756772955356006
2026-09-27,Atlas,Mazatlan,0.524597389380794,0.23748125304302256,0.23792135757618335,0.2880998861589865,0.2880998861589865,0.2880998861589865,0.4063486377698903,0.524597389380794,0.524597389380794,0.6433380159023052,0.7620786424238165,0.7620786424238165,0.7620786424238165,0.8362865786046538,0.9104945147854911,0.08950548521450892,0.08950548521450892,0.08950548521450892,0.16371342139534614,0.23792135757618335,0.23792135757618335,0.35666198409769456,0.4754026106192058,0.4754026106192058,0.4754026106192058,0.5936513622301096,0.7119001138410135
2026-09-27,Atlas,Monterrey,0.3564553383422176,0.2448200650110054,0.39872459664677695,0.16529972519763245,0.16529972519763245,0.16529972519763245,0.260877531769925,0.3564553383422176,0.3564553383422176,0.4788653708477203,0.6012754033532229,0.6012754033532229,0.6012754033532229,0.7032374557173682,0.8051995080815134,0.19480049191848642,0.19480049191848642,0.19480049191848642,0.2967625442826317,0.39872459664677695,0.39872459664677695,0.5211346291522796,0.6435446616577822,0.6435446616577822,0.6435446616577822,0.7391224682300748,0.8347002748023674
2026-09-27,Atlas,Necaxa,0.45869046737907093,0.24054400076097895,0.3007655318599499,0.23986839405287994,0.23986839405287994,0.23986839405287994,0.34927943071597545,0.45869046737907093,0.45869046737907093,0.5789624677595604,0.69923446814005,0.69923446814005,0.69923446814005,0.7849969119730047,0.8707593558059594,0.1292406441940404,0.1292406441940404,0.1292406441940404,0.21500308802699516,0.3007655318599499,0.3007655318599499,0.42103753224043944,0.541309532620929,0.541309532620929,0.541309532620929,0.6507205692840244,0.7601316059471199
2026-09-27,Atlas,Pachuca,0.33952428825607844,0.2687354665741322,0.39174024516978934,0.1424486265423682,0.1424486265423682,0.1424486265423682,0.2409864573992233,0.33952428825607844,0.33952428825607844,0.47389202154314447,0.6082597548302106,0.6082597548302106,0.6082597548302106,0.7158068989592881,0.8233540430883657,0.1766459569116344,0.1766459569116344,0.1766459569116344,0.2841931010407119,0.39174024516978934,0.39174024516978934,0.5261079784568554,0.6604757117439216,0.6604757117439216,0.6604757117439216,0.7590135426007767,0.8575513734576319
2026-09-27,Atlas,Puebla,0.5203166487044502,0.2509868027191887,0.22869654857636107,0.2743300440295328,0.2743300440295328,0.2743300440295328,0.3973233463669915,0.5203166487044502,0.5203166487044502,0.6458100500640445,0.7713034514236389,0.7713034514236389,0.7713034514236389,0.845762527703309,0.920221603982979,0.07977839601702087,0.07977839601702087,0.07977839601702087,0.15423747229669096,0.22869654857636107,0.22869654857636107,0.35418994993595543,0.47968335129554973,0.47968335129554973,0.47968335129554973,0.6026766536330084,0.7256699559704671
2026-09-27,Atlas,Queretaro,0.425257231595901,0.2684763921388361,0.30626637626526265,0.19901460504203108,0.19901460504203108,0.19901460504203108,0.31213591831896603,0.425257231595901,0.425257231595901,0.559495427665319,0.6937336237347371,0.6937336237347371,0.6937336237347371,0.7861945939824084,0.8786555642300797,0.12134443576992,0.12134443576992,0.12134443576992,0.21380540601759132,0.30626637626526265,0.30626637626526265,0.4405045723346807,0.5747427684040988,0.5747427684040988,0.5747427684040988,0.6878640816810337,0.8009853949579687
2026-09-27,Atlas,Santos Laguna,0.5248118764744221,0.2349755809281337,0.24021254259744407,0.290350671729843,0.290350671729843,0.290350671729843,0.4075812741021325,0.5248118764744221,0.5248118764744221,0.642299666938489,0.7597874574025558,0.7597874574025558,0.7597874574025558,0.8340043368022829,0.90822121620201,0.09177878379799001,0.09177878379799001,0.09177878379799001,0.16599566319771702,0.24021254259744407,0.24021254259744407,0.35770033306151094,0.47518812352557777,0.47518812352557777,0.47518812352557777,0.5924187258978674,0.7096493282701569
2026-09-27,Atlas,Tigres UANL,0.30918678141395206,0.2667638799366232,0.42404933864942473,0.12385097910538695,0.12385097910538695,0.12385097910538695,0.2165188802596695,0.30918678141395206,0.30918678141395206,0.44256872138226366,0.5759506613505753,0.5759506613505753,0.5759506613505753,0.6883767538423873,0.8008028463341994,0.19919715366580062,0.19919715366580062,0.19919715366580062,0.31162324615761267,0.42404933864942473,0.42404933864942473,0.5574312786177364,0.690813218586048,0.690813218586048,0.690813218586048,0.7834811197403305,0.876149020894613
2026-09-27,Atlas,Tijuana,0.38888680619562055,0.2501845322722744,0.360928661532105,0.1848181847567171,0.1848181847567171,0.1848181847567171,0.2868524954761688,0.38888680619562055,0.38888680619562055,0.5139790723317577,0.6390713384678948,0.6390713384678948,0.6390713384678948,0.7367498549294249,0.8344283713909549,0.16557162860904504,0.16557162860904504,0.16557162860904504,0.26325014507057504,0.360928661532105,0.360928661532105,0.48602092766824223,0.6111131938043795,0.6111131938043795,0.6111131938043795,0.7131475045238311,0.8151818152432828
2026-09-27,Atlas,Toluca,0.24511920699388612,0.23411557210209819,0.5207652209040157,0.09518792208082866,0.09518792208082866,0.09518792208082866,0.1701535645373574,0.24511920699388612,0.24511920699388612,0.3621769930449353,0.47923477909598444,0.47923477909598444,0.47923477909598444,0.5954731539974603,0.7117115288989362,0.2882884711010638,0.2882884711010638,0.2882884711010638,0.40452684600253974,0.5207652209040157,0.5207652209040157,0.6378230069550648,0.7548807930061139,0.7548807930061139,0.7548807930061139,0.8298464354626427,0.9048120779191714
2026-09-27,Atlas,UNAM Pumas,0.3656393553112585,0.2562528180124663,0.3781078266762751,0.16564325252194703,0.16564325252194703,0.16564325252194703,0.2656413039166028,0.3656393553112585,0.3656393553112585,0.49376576431749175,0.6218921733237249,0.6218921733237249,0.6218921733237249,0.7239000115081717,0.8259078496926187,0.17409215030738134,0.17409215030738134,0.17409215030738134,0.27609998849182826,0.3781078266762751,0.3781078266762751,0.5062342356825084,0.6343606446887415,0.6343606446887415,0.6343606446887415,0.7343586960833972,0.8343567474780529
2026-09-27,Atletico San Luis,Atlante,0.42917660349112235,0.2466339078564903,0.32418948865238745,0.2150042004504335,0.2150042004504335,0.2150042004504335,0.32209040197077793,0.42917660349112235,0.42917660349112235,0.5524935574193675,0.6758105113476125,0.6758105113476125,0.6758105113476125,0.7667563912544504,0.8577022711612882,0.14229772883871186,0.14229772883871186,0.14229772883871186,0.23324360874554967,0.32418948865238745,0.32418948865238745,0.44750644258063266,0.5708233965088778,0.5708233965088778,0.5708233965088778,0.6779095980292222,0.7849957995495667
2026-09-27,Atletico San Luis,Atlas,0.4772407669268878,0.24163596669487591,0.28112326637823637,0.2520852070611389,0.2520852070611389,0.2520852070611389,0.36466298699401334,0.4772407669268878,0.4772407669268878,0.5980587502743258,0.7188767336217636,0.7188767336217636,0.7188767336217636,0.8015837660144216,0.8842907984070797,0.11570920159292042,0.11570920159292042,0.11570920159292042,0.1984162339855784,0.28112326637823637,0.28112326637823637,0.4019412497256743,0.5227592330731122,0.5227592330731122,0.5227592330731122,0.6353370130059867,0.7479147929388611
2026-09-27,Atletico San Luis,Club America,0.2752691694297608,0.24709905026309623,0.47763178030714304,0.10978064555315849,0.10978064555315849,0.10978064555315849,0.19252490749145965,0.2752691694297608,0.2752691694297608,0.3988186945613089,0.5223682196928571,0.5223682196928571,0.5223682196928571,0.6370080867400931,0.7516479537873293,0.2483520462126708,0.2483520462126708,0.2483520462126708,0.36299191325990693,0.47763178030714304,0.47763178030714304,0.6011813054386911,0.7247308305702391,0.7247308305702391,0.7247308305702391,0.8074750925085403,0.8902193544468415
2026-09-27,Atletico San Luis,Cruz Azul,0.30491232328884044,0.24162055429713677,0.45346712241402276,0.131559677832227,0.131559677832227,0.131559677832227,0.21823600056053372,0.30491232328884044,0.30491232328884044,0.42572260043740884,0.5465328775859772,0.5465328775859772,0.5465328775859772,0.65555304608145,0.7645732145769228,0.23542678542307713,0.23542678542307713,0.23542678542307713,0.34444695391854996,0.45346712241402276,0.45346712241402276,0.5742773995625912,0.6950876767111597,0.6950876767111597,0.6950876767111597,0.7817639994394663,0.868440322167773
2026-09-27,Atletico San Luis,FC Juarez,0.5170101123006033,0.22811751895349283,0.2548723687459038,0.2907592940501123,0.2907592940501123,0.2907592940501123,0.40388470317535785,0.5170101123006033,0.5170101123006033,0.6310688717773498,0.7451276312540962,0.7451276312540962,0.7451276312540962,0.820708842883461,0.896290054512826,0.10370994548717408,0.10370994548717408,0.10370994548717408,0.17929115711653892,0.2548723687459038,0.2548723687459038,0.3689311282226503,0.4829898876993967,0.4829898876993967,0.4829898876993967,0.5961152968246423,0.7092407059498878
2026-09-27,Atletico San Luis,Guadalajara,0.3151703173456658,0.25034222029469916,0.434487462359635,0.13456927032746688,0.13456927032746688,0.13456927032746688,0.22486979383656636,0.3151703173456658,0.3151703173456658,0.4403414274930154,0.565512537640365,0.565512537640365,0.565512537640365,0.6746022855888363,0.7836920335373074,0.21630796646269254,0.21630796646269254,0.21630796646269254,0.3253977144111638,0.434487462359635,0.434487462359635,0.5596585725069846,0.6848296826543342,0.6848296826543342,0.6848296826543342,0.7751302061634336,0.8654307296725331
2026-09-27,Atletico San Luis,Leon,0.4731933090368628,0.24299674684899747,0.28380994411413984,0.2482612424312596,0.2482612424312596,0.2482612424312596,0.3607272757340612,0.4731933090368628,0.4731933090368628,0.5946916824613615,0.7161900558858603,0.7161900558858603,0.7161900558858603,0.7996307971593108,0.8830715384327613,0.11692846156723863,0.11692846156723863,0.11692846156723863,0.20036920284068924,0.28380994411413984,0.28380994411413984,0.40530831753863844,0.526806690963137,0.526806690963137,0.526806690963137,0.6392727242659387,0.7517387575687404
2026-09-27,Atletico San Luis,Mazatlan,0.5510133218857742,0.2251304107712783,0.2238562673429474,0.31704737859238336,0.31704737859238336,0.31704737859238336,0.43403035023907877,0.5510133218857742,0.5510133218857742,0.6635785272714133,0.7761437326570524,0.7761437326570524,0.7761437326570524,0.8457028848493238,0.915262037041595,0.08473796295840502,0.08473796295840502,0.08473796295840502,0.1542971151506762,0.2238562673429474,0.2238562673429474,0.3364214727285866,0.44898667811422577,0.44898667811422577,0.44898667811422577,0.5659696497609212,0.6829526214076167
2026-09-27,Atletico San Luis,Monterrey,0.37737846096042904,0.23802222614778212,0.3845993128917889,0.18374773438360198,0.18374773438360198,0.18374773438360198,0.2805630976720155,0.37737846096042904,0.37737846096042904,0.49638957403432,0.6154006871082109,0.6154006871082109,0.6154006871082109,0.713260330820493,0.8111199745327751,0.18888002546722488,0.18888002546722488,0.18888002546722488,0.2867396691795069,0.3845993128917889,0.3845993128917889,0.5036104259656801,0.6226215390395712,0.6226215390395712,0.6226215390395712,0.7194369023279845,0.816252265616398
2026-09-27,Atletico San Luis,Necaxa,0.48361255011679877,0.23061084651118083,0.28577660337202043,0.2650200816262047,0.2650200816262047,0.2650200816262047,0.3743163158715017,0.48361255011679877,0.48361255011679877,0.5989179733723892,0.7142233966279796,0.7142233966279796,0.7142233966279796,0.795397790693704,0.8765721847594283,0.12342781524057175,0.12342781524057175,0.12342781524057175,0.20460220930629608,0.28577660337202043,0.28577660337202043,0.4010820266276107,0.5163874498832011,0.5163874498832011,0.5163874498832011,0.6256836841284982,0.7349799183737953
2026-09-27,Atletico San Luis,Pachuca,0.35908231511771455,0.2611992106662526,0.379718474216033,0.15876884400559038,0.15876884400559038,0.15876884400559038,0.25892557956165246,0.35908231511771455,0.35908231511771455,0.4896819204508409,0.6202815257839672,0.6202815257839672,0.6202815257839672,0.7238562742590349,0.8274310227341024,0.17256897726589776,0.17256897726589776,0.17256897726589776,0.27614372574096535,0.379718474216033,0.379718474216033,0.5103180795491593,0.6409176848822855,0.6409176848822855,0.6409176848822855,0.7410744204383477,0.8412311559944098
2026-09-27,Atletico San Luis,Puebla,0.5463207646038691,0.23789742987278742,0.2157818055233434,0.3024150456522759,0.3024150456522759,0.3024150456522759,0.42436790512807254,0.5463207646038691,0.5463207646038691,0.6652694795402629,0.7842181944766566,0.7842181944766566,0.7842181944766566,0.8541711408482354,0.9241240872198142,0.07587591278018595,0.07587591278018595,0.07587591278018595,0.14582885915176466,0.2157818055233434,0.2157818055233434,0.33473052045973706,0.4536792353961307,0.4536792353961307,0.4536792353961307,0.5756320948719276,0.6975849543477244
2026-09-27,Atletico San Luis,Queretaro,0.4484106574145073,0.25813837669858575,0.29345096588690694,0.22083774371766848,0.22083774371766848,0.22083774371766848,0.3346242005660879,0.4484106574145073,0.4484106574145073,0.5774798457638002,0.7065490341130931,0.7065490341130931,0.7065490341130931,0.7946706442945217,0.8827922544759503,0.11720774552404968,0.11720774552404968,0.11720774552404968,0.2053293557054783,0.29345096588690694,0.29345096588690694,0.4225201542361998,0.5515893425854927,0.5515893425854927,0.5515893425854927,0.6653757994339121,0.7791622562823315
2026-09-27,Atletico San Luis,Santos Laguna,0.551308714986929,0.22278413202376462,0.22590715298930628,0.3194345832417453,0.3194345832417453,0.3194345832417453,0.4353716491143371,0.551308714986929,0.551308714986929,0.6627007809988114,0.7740928470106937,0.7740928470106937,0.7740928470106937,0.8436371950187305,0.9131815430267671,0.08681845697323284,0.08681845697323284,0.08681845697323284,0.15636280498126956,0.22590715298930628,0.22590715298930628,0.3372992190011886,0.44869128501307093,0.44869128501307093,0.44869128501307093,0.5646283508856629,0.6805654167582548
2026-09-27,Atletico San Luis,Tigres UANL,0.3272388790913811,0.260125959547634,0.412635161360985,0.1382302740616595,0.1382302740616595,0.1382302740616595,0.2327345765765203,0.3272388790913811,0.3272388790913811,0.45730185886519803,0.587364838639015,0.587364838639015,0.587364838639015,0.6959991992696545,0.804633559900294,0.195366440099706,0.195366440099706,0.195366440099706,0.3040008007303455,0.412635161360985,0.412635161360985,0.5426981411348019,0.6727611209086187,0.6727611209086187,0.6727611209086187,0.7672654234234797,0.8617697259383406
2026-09-27,Atletico San Luis,Tijuana,0.41108611102303544,0.24212815407298358,0.34678573490398107,0.20515862840022428,0.20515862840022428,0.20515862840022428,0.3081223697116299,0.41108611102303544,0.41108611102303544,0.5321501880595273,0.6532142650960191,0.6532142650960191,0.6532142650960191,0.7466074049425868,0.8400005447891545,0.1599994552108455,0.1599994552108455,0.1599994552108455,0.2533925950574133,0.34678573490398107,0.34678573490398107,0.4678498119404729,0.5889138889769647,0.5889138889769647,0.5889138889769647,0.6918776302883702,0.7948413715997757
2026-09-27,Atletico San Luis,Toluca,0.2600684222643445,0.2302164768923991,0.5097151008432563,0.10633211822743743,0.10633211822743743,0.10633211822743743,0.18320027024589097,0.2600684222643445,0.2600684222643445,0.375176660710544,0.49028489915674356,0.49028489915674356,0.49028489915674356,0.603215475461967,0.7161460517671903,0.2838539482328095,0.2838539482328095,0.2838539482328095,0.3967845245380329,0.5097151008432563,0.5097151008432563,0.6248233392894558,0.7399315777356553,0.7399315777356553,0.7399315777356553,0.8167997297541089,0.8936678817725624
2026-09-27,Atletico San Luis,UNAM Pumas,0.38667639475939525,0.24859817319296804,0.3647254320476367,0.18418919474248804,0.18418919474248804,0.18418919474248804,0.28543279475094163,0.38667639475939525,0.38667639475939525,0.5109754813558793,0.6352745679523635,0.6352745679523635,0.6352745679523635,0.7331305608093424,0.8309865536663212,0.16901344633367882,0.16901344633367882,0.16901344633367882,0.26686943919065775,0.3647254320476367,0.3647254320476367,0.4890245186441209,0.613323605240605,0.613323605240605,0.613323605240605,0.7145672052490585,0.8158108052575119
2026-09-27,Club America,Atlante,0.6072454768714826,0.21913599656805557,0.173618526560462,0.36032358597812475,0.36032358597812475,0.36032358597812475,0.48378453142480365,0.6072454768714826,0.6072454768714826,0.7168134751555103,0.826381473439538,0.826381473439538,0.826381473439538,0.8850618973973341,0.9437423213551301,0.056257678644870045,0.056257678644870045,0.056257678644870045,0.11493810260266603,0.173618526560462,0.173618526560462,0.2831865248444898,0.39275452312851755,0.39275452312851755,0.39275452312851755,0.5162154685751965,0.6396764140218754
2026-09-27,Club America,Atlas,0.6513869990524865,0.20356291854367603,0.14505008240383732,0.4053343825754946,0.4053343825754946,0.4053343825754946,0.5283606908139906,0.6513869990524865,0.6513869990524865,0.7531684583243246,0.8549499175961627,0.8549499175961627,0.8549499175961627,0.9055326026890135,0.9561152877818643,0.043884712218135564,0.043884712218135564,0.043884712218135564,0.09446739731098644,0.14505008240383732,0.14505008240383732,0.24683154167567534,0.34861300094751335,0.34861300094751335,0.34861300094751335,0.4716393091860093,0.5946656174245053
2026-09-27,Club America,Atletico San Luis,0.6451473152915714,0.20124207434844232,0.15361061035998622,0.40432237459028386,0.40432237459028386,0.40432237459028386,0.5247348449409277,0.6451473152915714,0.6451473152915714,0.7457683524657925,0.8463893896400136,0.8463893896400136,0.8463893896400136,0.8986407392068261,0.9508920887736384,0.049107911226361566,0.049107911226361566,0.049107911226361566,0.1013592607931739,0.15361061035998622,0.15361061035998622,0.2542316475342074,0.35485268470842857,0.35485268470842857,0.35485268470842857,0.4752651550590723,0.595677625409716
2026-09-27,Club America,Cruz Azul,0.48237409484102206,0.24972374252035923,0.26790216263861844,0.2497049753599031,0.2497049753599031,0.2497049753599031,0.3660395351004626,0.48237409484102206,0.48237409484102206,0.6072359661012017,0.7320978373613812,0.7320978373613812,0.7320978373613812,0.813987531841661,0.8958772263219408,0.10412277367805887,0.10412277367805887,0.10412277367805887,0.18601246815833866,0.26790216263861844,0.26790216263861844,0.39276403389879805,0.5176259051589777,0.5176259051589777,0.5176259051589777,0.6339604648995372,0.7502950246400966
2026-09-27,Club America,FC Juarez,0.6914958818925017,0.1827612647404148,0.12574285336708346,0.455838464718829,0.455838464718829,0.455838464718829,0.5736671733056653,0.6914958818925017,0.6914958818925017,0.7828765142627091,0.8742571466329165,0.8742571466329165,0.8742571466329165,0.9183145537087476,0.9623719607845787,0.03762803921542133,0.03762803921542133,0.03762803921542133,0.08168544629125239,0.12574285336708346,0.12574285336708346,0.21712348573729087,0.3085041181074983,0.3085041181074983,0.3085041181074983,0.4263328266943347,0.5441615352811711
2026-09-27,Club America,Guadalajara,0.4884565832102271,0.2551647219130859,0.25637869487668696,0.2499165994522652,0.2499165994522652,0.2499165994522652,0.36918659133124615,0.4884565832102271,0.4884565832102271,0.6160389441667702,0.7436213051233131,0.7436213051233131,0.7436213051233131,0.8242591642612491,0.904897023399185,0.09510297660081497,0.09510297660081497,0.09510297660081497,0.17574083573875096,0.25637869487668696,0.25637869487668696,0.38396105583323,0.511543416789773,0.511543416789773,0.511543416789773,0.6308134086687538,0.7500834005477347
2026-09-27,Club America,Leon,0.6471694552564243,0.20573731976724793,0.14709322497632793,0.4001876256307215,0.4001876256307215,0.4001876256307215,0.5236785404435729,0.6471694552564243,0.6471694552564243,0.7500381151400483,0.8529067750236722,0.8529067750236722,0.8529067750236722,0.9041818038225115,0.9554568326213507,0.04454316737864945,0.04454316737864945,0.04454316737864945,0.09581819617748868,0.14709322497632793,0.14709322497632793,0.2499618848599519,0.3528305447435759,0.3528305447435759,0.3528305447435759,0.47632145955642724,0.5998123743692786
2026-09-27,Club America,Mazatlan,0.7170558560291934,0.17456963593338307,0.10837450803742343,0.48159973673438133,0.48159973673438133,0.48159973673438133,0.5993277963817873,0.7170558560291934,0.7170558560291934,0.8043406739958849,0.8916254919625766,0.8916254919625766,0.8916254919625766,0.9308020020972907,0.9699785122320049,0.03002148776799502,0.03002148776799502,0.03002148776799502,0.06919799790270922,0.10837450803742343,0.10837450803742343,0.19565932600411495,0.28294414397080647,0.28294414397080647,0.28294414397080647,0.40067220361821265,0.5184002632656188
2026-09-27,Club America,Monterrey,0.5644869169299093,0.22389523133399072,0.21161785173609993,0.3273818490385075,0.3273818490385075,0.3273818490385075,0.4459343829842084,0.5644869169299093,0.5644869169299093,0.6764345325969046,0.7883821482638999,0.7883821482638999,0.7883821482638999,0.8554453557712193,0.9225085632785387,0.07749143672146126,0.07749143672146126,0.07749143672146126,0.1445546442287806,0.21161785173609993,0.21161785173609993,0.32356546740309533,0.43551308307009073,0.43551308307009073,0.43551308307009073,0.5540656170157916,0.6726181509614924
2026-09-27,Club America,Necaxa,0.6646659521451822,0.19129311363697085,0.14404093421784675,0.4286642601405648,0.4286642601405648,0.4286642601405648,0.5466651061428736,0.6646659521451822,0.6646659521451822,0.7603125089636676,0.8559590657821531,0.8559590657821531,0.8559590657821531,0.9050061401333267,0.9540532144845003,0.04594678551549963,0.04594678551549963,0.04594678551549963,0.09499385986667319,0.14404093421784675,0.14404093421784675,0.2396874910363322,0.33533404785481763,0.33533404785481763,0.33533404785481763,0.45333489385712633,0.5713357398594351
2026-09-27,Club America,Pachuca,0.5295795160918425,0.2523886167881401,0.21803186712001732,0.27934893060792204,0.27934893060792204,0.27934893060792204,0.4044642233498823,0.5295795160918425,0.5295795160918425,0.6557738244859126,0.7819681328799828,0.7819681328799828,0.7819681328799828,0.8543780836089392,0.9267880343378957,0.07321196566210407,0.07321196566210407,0.07321196566210407,0.1456219163910607,0.21803186712001732,0.21803186712001732,0.3442261755140874,0.47042048390815744,0.47042048390815744,0.47042048390815744,0.5955357766501177,0.7206510693920779
2026-09-27,Club America,Puebla,0.7047841228519823,0.1878710259380215,0.10734485120999636,0.45592001350437433,0.45592001350437433,0.45592001350437433,0.5803520681781783,0.7047841228519823,0.7047841228519823,0.798719635820993,0.8926551487900037,0.8926551487900037,0.8926551487900037,0.9325999648129598,0.9725447808359159,0.02745521916408406,0.02745521916408406,0.02745521916408406,0.06740003518704021,0.10734485120999636,0.10734485120999636,0.20128036417900702,0.29521587714801767,0.29521587714801767,0.29521587714801767,0.4196479318218217,0.5440799864956257
2026-09-27,Club America,Queretaro,0.6162115562353943,0.22606748925868544,0.1577209545059203,0.35874285539019835,0.35874285539019835,0.35874285539019835,0.4874772058127963,0.6162115562353943,0.6162115562353943,0.729245300864737,0.8422790454940798,0.8422790454940798,0.8422790454940798,0.8980747062410747,0.9538703669880695,0.04612963301193053,0.04612963301193053,0.04612963301193053,0.10192529375892542,0.1577209545059203,0.1577209545059203,0.270754699135263,0.38378844376460575,0.38378844376460575,0.38378844376460575,0.5125227941872037,0.6412571446098018
2026-09-27,Club America,Santos Laguna,0.719019018693222,0.17219474542683028,0.1087862358799478,0.48621707014999954,0.48621707014999954,0.48621707014999954,0.6026180444216108,0.719019018693222,0.719019018693222,0.805116391406637,0.8912137641200522,0.8912137641200522,0.8912137641200522,0.9302897801773036,0.9693657962345551,0.03063420376544476,0.03063420376544476,0.03063420376544476,0.06971021982269628,0.1087862358799478,0.1087862358799478,0.19488360859336293,0.28098098130677807,0.28098098130677807,0.28098098130677807,0.3973819555783892,0.5137829298500003
2026-09-27,Club America,Tigres UANL,0.49587444867847325,0.26108417200542056,0.2430413793161062,0.2506604265532386,0.2506604265532386,0.2506604265532386,0.3732674376158559,0.49587444867847325,0.49587444867847325,0.6264165346811835,0.7569586206838937,0.7569586206838937,0.7569586206838937,0.8358346547630677,0.9147106888422418,0.08528931115775802,0.08528931115775802,0.08528931115775802,0.1641653452369321,0.2430413793161062,0.2430413793161062,0.3735834653188165,0.5041255513215267,0.5041255513215267,0.5041255513215267,0.626732562384144,0.7493395734467614
2026-09-27,Club America,Tijuana,0.5940395931095224,0.21907922978755126,0.18688117710292634,0.35183635096609017,0.35183635096609017,0.35183635096609017,0.4729379720378063,0.5940395931095224,0.5940395931095224,0.7035792080032979,0.8131188228970735,0.8131188228970735,0.8131188228970735,0.8745932864446857,0.9360677499922979,0.06393225000770211,0.06393225000770211,0.06393225000770211,0.12540671355531424,0.18688117710292634,0.18688117710292634,0.29642079199670196,0.4059604068904776,0.4059604068904776,0.4059604068904776,0.5270620279621937,0.6481636490339099
2026-09-27,Club America,Toluca,0.4341050207815405,0.2536974226341897,0.31219755658426995,0.2139039505211789,0.2139039505211789,0.2139039505211789,0.3240044856513597,0.4341050207815405,0.4341050207815405,0.5609537320986352,0.6878024434157299,0.6878024434157299,0.6878024434157299,0.7783274704362503,0.8688524974567706,0.1311475025432296,0.1311475025432296,0.1311475025432296,0.22167252956374978,0.31219755658426995,0.31219755658426995,0.43904626790136475,0.5658949792184595,0.5658949792184595,0.5658949792184595,0.6759955143486404,0.7860960494788212
2026-09-27,Club America,UNAM Pumas,0.56599572501637,0.2319833143001033,0.2020209606835267,0.32078942148440565,0.32078942148440565,0.32078942148440565,0.44339257325038783,0.56599572501637,0.56599572501637,0.6819873821664216,0.7979790393164733,0.7979790393164733,0.7979790393164733,0.8642976794381974,0.9306163195599215,0.06938368044007856,0.06938368044007856,0.06938368044007856,0.13570232056180265,0.2020209606835267,0.2020209606835267,0.3180126178335783,0.4340042749836299,0.4340042749836299,0.4340042749836299,0.5566074267496122,0.6792105785155943
2026-09-27,Cruz Azul,Atlante,0.588574913866988,0.21807809971081604,0.19334698642219572,0.34926166348596893,0.34926166348596893,0.34926166348596893,0.46891828867647845,0.588574913866988,0.588574913866988,0.697613963722396,0.8066530135778041,0.8066530135778041,0.8066530135778041,0.8692987920698738,0.9319445705619436,0.06805542943805634,0.06805542943805634,0.06805542943805634,0.13070120793012602,0.19334698642219572,0.19334698642219572,0.30238603627760374,0.4114250861330118,0.4114250861330118,0.4114250861330118,0.5310817113235214,0.650738336514031
2026-09-27,Cruz Azul,Atlas,0.6347691145909636,0.20350950056142839,0.16172138484760798,0.395153137576613,0.395153137576613,0.395153137576613,0.5149611260837883,0.6347691145909636,0.6347691145909636,0.7365238648716779,0.838278615152392,0.838278615152392,0.838278615152392,0.8925387764483549,0.9467989377443178,0.05320106225568214,0.05320106225568214,0.05320106225568214,0.10746122355164506,0.16172138484760798,0.16172138484760798,0.2634761351283222,0.36523088540903637,0.36523088540903637,0.36523088540903637,0.48503887391621164,0.6048468624233869
2026-09-27,Cruz Azul,Atletico San Luis,0.6271723314548914,0.20132223565586638,0.171505432889242,0.39286666249529417,0.39286666249529417,0.39286666249529417,0.5100194969750927,0.6271723314548914,0.6271723314548914,0.7278334492828246,0.8284945671107578,0.8284945671107578,0.8284945671107578,0.8844922765355236,0.9404899859602895,0.059510014039710325,0.059510014039710325,0.059510014039710325,0.11550772346447616,0.171505432889242,0.171505432889242,0.2721665507171752,0.37282766854510846,0.37282766854510846,0.37282766854510846,0.48998050302490714,0.6071333375047058
2026-09-27,Cruz Azul,Club America,0.41955554137067463,0.258066089350235,0.3223783692790905,0.20127328429364683,0.20127328429364683,0.20127328429364683,0.31041441283216076,0.41955554137067463,0.41955554137067463,0.5485885860457921,0.6776216307209095,0.6776216307209095,0.6776216307209095,0.7708379118795508,0.8640541930381921,0.13594580696180808,0.13594580696180808,0.13594580696180808,0.2291620881204493,0.3223783692790905,0.3223783692790905,0.45141141395420803,0.5804444586293256,0.5804444586293256,0.5804444586293256,0.6895855871678395,0.7987267157063533
2026-09-27,Cruz Azul,FC Juarez,0.675721203185126,0.18370711894984684,0.1405716778650271,0.4453526377463071,0.4453526377463071,0.4453526377463071,0.5605369204657166,0.675721203185126,0.675721203185126,0.7675747626600494,0.8594283221349729,0.8594283221349729,0.8594283221349729,0.9068691713543502,0.9543100205737276,0.045689979426272224,0.045689979426272224,0.045689979426272224,0.09313082864564967,0.1405716778650271,0.1405716778650271,0.23242523733995055,0.324278796814874,0.324278796814874,0.324278796814874,0.43946307953428343,0.5546473622536928
2026-09-27,Cruz Azul,Guadalajara,0.46630816109886297,0.24988613396561257,0.2838057049355243,0.23858005539686206,0.23858005539686206,0.23858005539686206,0.35244410824786254,0.46630816109886297,0.46630816109886297,0.5912512280816693,0.7161942950644756,0.7161942950644756,0.7161942950644756,0.8009923427641836,0.8857903904638917,0.11420960953610827,0.11420960953610827,0.11420960953610827,0.1990076572358163,0.2838057049355243,0.2838057049355243,0.4087487719183306,0.5336918389011369,0.5336918389011369,0.5336918389011369,0.6475558917521373,0.7614199446031379
2026-09-27,Cruz Azul,Leon,0.6304799814238847,0.20556645553709282,0.1639535630390224,0.3900523215771095,0.3900523215771095,0.3900523215771095,0.5102661515004971,0.6304799814238847,0.6304799814238847,0.7332632091924312,0.8360464369609776,0.8360464369609776,0.8360464369609776,0.8910279586073759,0.9460094802537744,0.05399051974622581,0.05399051974622581,0.05399051974622581,0.1089720413926241,0.1639535630390224,0.1639535630390224,0.2667367908075688,0.3695200185761152,0.3695200185761152,0.3695200185761152,0.48973384849950286,0.6099476784228905
2026-09-27,Cruz Azul,Mazatlan,0.7033324244286717,0.17563436628422893,0.12103320928709936,0.47266015008776857,0.47266015008776857,0.47266015008776857,0.5879962872582202,0.7033324244286717,0.7033324244286717,0.7911496075707862,0.8789667907129006,0.8789667907129006,0.8789667907129006,0.9212436365432528,0.963520482373605,0.036479517626395036,0.036479517626395036,0.036479517626395036,0.07875636345674719,0.12103320928709936,0.12103320928709936,0.20885039242921383,0.2966675755713283,0.2966675755713283,0.2966675755713283,0.4120037127417798,0.5273398499122314
2026-09-27,Cruz Azul,Monterrey,0.5423748220332318,0.22190548786673076,0.23571969010003768,0.3140552116247392,0.3140552116247392,0.3140552116247392,0.42821501682898555,0.5423748220332318,0.5423748220332318,0.6533275659665971,0.7642803098999625,0.7642803098999625,0.7642803098999625,0.835414454817752,0.9065485997355416,0.09345140026445857,0.09345140026445857,0.09345140026445857,0.16458554518224813,0.23571969010003768,0.23571969010003768,0.3466724340334031,0.4576251779667685,0.4576251779667685,0.4576251779667685,0.5717849831710147,0.685944788375261
2026-09-27,Cruz Azul,Necaxa,0.6470082361246274,0.1919203836936498,0.1610713801817228,0.4169308138639806,0.4169308138639806,0.4169308138639806,0.531969524994304,0.6470082361246274,0.6470082361246274,0.7429684279714523,0.8389286198182773,0.8389286198182773,0.8389286198182773,0.8915986308732372,0.9442686419281971,0.05573135807180299,0.05573135807180299,0.05573135807180299,0.10840136912676289,0.1610713801817228,0.1610713801817228,0.2570315720285477,0.3529917638753726,0.3529917638753726,0.3529917638753726,0.46803047500569595,0.5830691861360193
2026-09-27,Cruz Azul,Pachuca,0.5098527915978917,0.2485143091363149,0.24163289926579343,0.269248714882154,0.269248714882154,0.269248714882154,0.38955075324002286,0.5098527915978917,0.5098527915978917,0.6341099461660491,0.7583671007342065,0.7583671007342065,0.7583671007342065,0.8350594882035367,0.911751875672867,0.08824812432713298,0.08824812432713298,0.08824812432713298,0.1649405117964632,0.24163289926579343,0.24163289926579343,0.36589005383395085,0.4901472084021083,0.4901472084021083,0.4901472084021083,0.6104492467599771,0.7307512851178459
2026-09-27,Cruz Azul,Puebla,0.6923309160406252,0.18819963232727988,0.11946945163209483,0.44877788578928074,0.44877788578928074,0.44877788578928074,0.570554400914953,0.6923309160406252,0.6923309160406252,0.7864307322042652,0.880530548367905,0.880530548367905,0.880530548367905,0.923591449176546,0.9666523499851871,0.03334765001481288,0.03334765001481288,0.03334765001481288,0.07640855082345385,0.11946945163209483,0.11946945163209483,0.21356926779573476,0.3076690839593747,0.3076690839593747,0.3076690839593747,0.429445599085047,0.5512221142107192
2026-09-27,Cruz Azul,Queretaro,0.5999959282457286,0.22474201996583193,0.1752620517884395,0.34991487471109445,0.34991487471109445,0.34991487471109445,0.47495540147841153,0.5999959282457286,0.5999959282457286,0.7123669382286445,0.8247379482115604,0.8247379482115604,0.8247379482115604,0.8844343548301097,0.9441307614486588,0.055869238551341294,0.055869238551341294,0.055869238551341294,0.1155656451698904,0.1752620517884395,0.1752620517884395,0.2876330617713555,0.40000407175427144,0.40000407175427144,0.40000407175427144,0.5250445985215886,0.6500851252889056
2026-09-27,Cruz Azul,Santos Laguna,0.7050148836786871,0.1733980527292446,0.12158706359206825,0.476886072879889,0.476886072879889,0.476886072879889,0.590950478279288,0.7050148836786871,0.7050148836786871,0.7917139100433095,0.8784129364079317,0.8784129364079317,0.8784129364079317,0.9205918336682064,0.962770730928481,0.037229269071519036,0.037229269071519036,0.037229269071519036,0.07940816633179365,0.12158706359206825,0.12158706359206825,0.20828608995669057,0.2949851163213129,0.2949851163213129,0.2949851163213129,0.40904952172071196,0.5231139271201111
2026-09-27,Cruz Azul,Tigres UANL,0.4751830062769586,0.2559010371182979,0.26891595660474343,0.24045465298964833,0.24045465298964833,0.24045465298964833,0.35781882963330347,0.4751830062769586,0.4751830062769586,0.6031335248361075,0.7310840433952565,0.7310840433952565,0.7310840433952565,0.8142521344597555,0.8974202255242546,0.10257977447574529,0.10257977447574529,0.10257977447574529,0.18574786554024436,0.26891595660474343,0.26891595660474343,0.39686647516389245,0.5248169937230415,0.5248169937230415,0.5248169937230415,0.6421811703666966,0.7595453470103517
2026-09-27,Cruz Azul,Tijuana,0.5738999999459858,0.21785298926646593,0.20824701078754823,0.3396479470430632,0.3396479470430632,0.3396479470430632,0.45677397349452453,0.5738999999459858,0.5738999999459858,0.6828264945792188,0.7917529892124517,0.7917529892124517,0.7917529892124517,0.8572451948973185,0.9227374005821853,0.07726259941781467,0.07726259941781467,0.07726259941781467,0.14275480510268146,0.20824701078754823,0.20824701078754823,0.31717350542078115,0.4261000000540141,0.4261000000540141,0.4261000000540141,0.5432260265054755,0.6603520529569369
2026-09-27,Cruz Azul,Toluca,0.40904763581877457,0.24616868710373208,0.34478367707749347,0.20121615283706137,0.20121615283706137,0.20121615283706137,0.305131894327918,0.40904763581877457,0.40904763581877457,0.5321319793706405,0.6552163229225065,0.6552163229225065,0.6552163229225065,0.7493298371555348,0.843443351388563,0.15655664861143712,0.15655664861143712,0.15655664861143712,0.2506701628444653,0.34478367707749347,0.34478367707749347,0.4678680206293595,0.5909523641812255,0.5909523641812255,0.5909523641812255,0.6948681056720821,0.7987838471629387
2026-09-27,Cruz Azul,UNAM Pumas,0.5456517492521857,0.2297224923078233,0.2246257584399909,0.3091916558604042,0.3091916558604042,0.3091916558604042,0.42742170255629497,0.5456517492521857,0.5456517492521857,0.6605129954060973,0.775374241560009,0.775374241560009,0.775374241560009,0.8458197413953732,0.9162652412307375,0.08373475876926234,0.08373475876926234,0.08373475876926234,0.15418025860462664,0.2246257584399909,0.2246257584399909,0.3394870045939025,0.45434825074781415,0.45434825074781415,0.45434825074781415,0.572578297443705,0.6908083441395958
2026-09-27,FC Juarez,Atlante,0.38021731856580393,0.24890326368730453,0.37087941774689137,0.17954316589961744,0.17954316589961744,0.17954316589961744,0.2798802422327107,0.38021731856580393,0.38021731856580393,0.5046689504094563,0.6291205822531085,0.6291205822531085,0.6291205822531085,0.7280144100452348,0.826908237837361,0.17309176216263902,0.17309176216263902,0.17309176216263902,0.2719855899547652,0.37087941774689137,0.37087941774689137,0.49533104959054364,0.6197826814341959,0.6197826814341959,0.6197826814341959,0.7201197577672893,0.8204568341003826
2026-09-27,FC Juarez,Atlas,0.4272472933051567,0.2476410606433996,0.32511164605144366,0.2130101989342854,0.2130101989342854,0.2130101989342854,0.3201287461197211,0.4272472933051567,0.4272472933051567,0.5510678236268566,0.6748883539485564,0.6748883539485564,0.6748883539485564,0.7662181865533022,0.8575480191580481,0.14245198084195182,0.14245198084195182,0.14245198084195182,0.23378181344669774,0.32511164605144366,0.32511164605144366,0.4489321763731434,0.5727527066948432,0.5727527066948432,0.5727527066948432,0.6798712538802789,0.7869898010657146
2026-09-27,FC Juarez,Atletico San Luis,0.41405886806403663,0.2415437111299864,0.344397420805977,0.20763066880868353,0.20763066880868353,0.20763066880868353,0.3108447684363601,0.41405886806403663,0.41405886806403663,0.53483072362903,0.6556025791940232,0.6556025791940232,0.6556025791940232,0.748479792100885,0.8413570050077469,0.15864299499225304,0.15864299499225304,0.15864299499225304,0.251520207899115,0.344397420805977,0.344397420805977,0.46516927637097016,0.5859411319359633,0.5859411319359633,0.5859411319359633,0.6891552315636399,0.7923693311913165
2026-09-27,FC Juarez,Club America,0.23561062109435182,0.23706519056083397,0.5273241883448143,0.08820275904036852,0.08820275904036852,0.08820275904036852,0.16190669006736016,0.23561062109435182,0.23561062109435182,0.3541432163747688,0.4726758116551858,0.4726758116551858,0.4726758116551858,0.5911835387076514,0.709691265760117,0.29030873423988324,0.29030873423988324,0.29030873423988324,0.4088164612923488,0.5273241883448143,0.5273241883448143,0.6458567836252314,0.7643893789056484,0.7643893789056484,0.7643893789056484,0.8380933099326401,0.9117972409596318
2026-09-27,FC Juarez,Cruz Azul,0.26174015906259995,0.2336267478571556,0.5046330930802445,0.10611954987867668,0.10611954987867668,0.10611954987867668,0.1839298544706383,0.26174015906259995,0.26174015906259995,0.3785535329911778,0.49536690691975555,0.49536690691975555,0.49536690691975555,0.6089468681054511,0.7225268292911466,0.27747317070885347,0.27747317070885347,0.27747317070885347,0.391053131894549,0.5046330930802445,0.5046330930802445,0.6214464670088223,0.7382598409374002,0.7382598409374002,0.7382598409374002,0.8160701455293619,0.8938804501213236
2026-09-27,FC Juarez,Guadalajara,0.272350538193251,0.24347875298246108,0.48417070882428787,0.10927042736674002,0.10927042736674002,0.10927042736674002,0.19081048277999552,0.272350538193251,0.272350538193251,0.3940899146844815,0.515829291175712,0.515829291175712,0.515829291175712,0.6301494718251073,0.7444696524745025,0.2555303475254975,0.2555303475254975,0.2555303475254975,0.3698505281748927,0.48417070882428787,0.48417070882428787,0.6059100853155185,0.727649461806749,0.727649461806749,0.727649461806749,0.8091895172200044,0.8907295726332598
2026-09-27,FC Juarez,Leon,0.4234132221933172,0.24874025516286313,0.32784652264381997,0.20964232594493237,0.20964232594493237,0.20964232594493237,0.3165277740691248,0.4234132221933172,0.4234132221933172,0.5477833497747489,0.6721534773561805,0.6721534773561805,0.6721534773561805,0.7641843601256768,0.8562152428951733,0.143784757104827,0.143784757104827,0.143784757104827,0.23581563987432347,0.32784652264381997,0.32784652264381997,0.4522166502252515,0.576586777806683,0.576586777806683,0.576586777806683,0.6834722259308754,0.7903576740550678
2026-09-27,FC Juarez,Mazatlan,0.5001863936699451,0.23617372786142168,0.2636398784686334,0.27230984213491594,0.27230984213491594,0.27230984213491594,0.3862481179024305,0.5001863936699451,0.5001863936699451,0.618273257600656,0.7363601215313668,0.7363601215313668,0.7363601215313668,0.8149849124073096,0.8936097032832524,0.10639029671674763,0.10639029671674763,0.10639029671674763,0.18501508759269053,0.2636398784686334,0.2636398784686334,0.38172674239934423,0.4998136063300551,0.4998136063300551,0.4998136063300551,0.6137518820975696,0.7276901578650841
2026-09-27,FC Juarez,Monterrey,0.32861391460856787,0.2356007062658675,0.4357853791255646,0.15067344887389592,0.15067344887389592,0.15067344887389592,0.2396436817412319,0.32861391460856787,0.32861391460856787,0.4464142677415016,0.5642146208744354,0.5642146208744354,0.5642146208744354,0.6685814064423284,0.7729481920102215,0.2270518079897785,0.2270518079897785,0.2270518079897785,0.33141859355767156,0.4357853791255646,0.4357853791255646,0.5535857322584983,0.6713860853914321,0.6713860853914321,0.6713860853914321,0.760356318258768,0.849326551126104
2026-09-27,FC Juarez,Necaxa,0.43150353523458485,0.23654267067143042,0.3319537940939849,0.22333896111490686,0.22333896111490686,0.22333896111490686,0.3274212481747458,0.43150353523458485,0.43150353523458485,0.5497748705703001,0.6680462059060153,0.6680462059060153,0.6680462059060153,0.7577578700641723,0.8474695342223293,0.1525304657776708,0.1525304657776708,0.1525304657776708,0.24224212993582783,0.3319537940939849,0.3319537940939849,0.45022512942970006,0.5684964647654152,0.5684964647654152,0.5684964647654152,0.6725787518252542,0.7766610388850932
2026-09-27,FC Juarez,Pachuca,0.3148715554611597,0.25833929648327647,0.4267891480555638,0.13092613421176572,0.13092613421176572,0.13092613421176572,0.22289884483646272,0.3148715554611597,0.3148715554611597,0.44404120370279787,0.573210851944436,0.573210851944436,0.573210851944436,0.6835909923454516,0.7939711327464672,0.20602886725353273,0.20602886725353273,0.20602886725353273,0.31640900765454827,0.4267891480555638,0.4267891480555638,0.555958796297202,0.6851284445388403,0.6851284445388403,0.6851284445388403,0.7771011551635372,0.8690738657882342
2026-09-27,FC Juarez,Puebla,0.4978681426771726,0.2493029812580903,0.2528288760647371,0.26055511567535156,0.26055511567535156,0.26055511567535156,0.37921162917626206,0.4978681426771726,0.4978681426771726,0.6225196333062177,0.7471711239352629,0.7471711239352629,0.7471711239352629,0.8261596184444107,0.9051481129535583,0.09485188704644182,0.09485188704644182,0.09485188704644182,0.17384038155558945,0.2528288760647371,0.2528288760647371,0.37748036669378227,0.5021318573228274,0.5021318573228274,0.5021318573228274,0.6207883708237378,0.7394448843246484
2026-09-27,FC Juarez,Queretaro,0.4012001783563949,0.2626209807549511,0.33617884088865385,0.18623920650486284,0.18623920650486284,0.18623920650486284,0.29371969243062884,0.4012001783563949,0.4012001783563949,0.5325106687338705,0.6638211591113461,0.6638211591113461,0.6638211591113461,0.7604217316907049,0.8570223042700638,0.14297769572993616,0.14297769572993616,0.14297769572993616,0.23957826830929502,0.33617884088865385,0.33617884088865385,0.46748933126612946,0.5987998216436051,0.5987998216436051,0.5987998216436051,0.7062803075693711,0.813760793495137
2026-09-27,FC Juarez,Santos Laguna,0.49997926797493675,0.2337170866435568,0.26630364538150647,0.27413673615474404,0.27413673615474404,0.27413673615474404,0.3870580020648404,0.49997926797493675,0.49997926797493675,0.6168378112967152,0.7336963546184937,0.7336963546184937,0.7336963546184937,0.8123055774360685,0.8909148002536432,0.10908519974635685,0.10908519974635685,0.10908519974635685,0.18769442256393165,0.26630364538150647,0.26630364538150647,0.383162188703285,0.5000207320250636,0.5000207320250636,0.5000207320250636,0.6129419979351599,0.7258632638452562
2026-09-27,FC Juarez,Tigres UANL,0.28482526885150566,0.2546181550410396,0.4605565761074547,0.11305504728636732,0.11305504728636732,0.11305504728636732,0.1989401580689365,0.28482526885150566,0.28482526885150566,0.4121343463720254,0.5394434238925451,0.5394434238925451,0.5394434238925451,0.6540189186446728,0.7685944133968003,0.23140558660319968,0.23140558660319968,0.23140558660319968,0.3459810813553272,0.4605565761074547,0.4605565761074547,0.5878656536279745,0.7151747311484944,0.7151747311484944,0.7151747311484944,0.8010598419310635,0.8869449527136326
2026-09-27,FC Juarez,Tijuana,0.3617356198997846,0.24266732328981505,0.39559705681040036,0.17012234061959294,0.17012234061959294,0.17012234061959294,0.26592898025968875,0.3617356198997846,0.3617356198997846,0.4830692815446921,0.6044029431895996,0.6044029431895996,0.6044029431895996,0.7052549394621404,0.8061069357346811,0.19389306426531883,0.19389306426531883,0.19389306426531883,0.2947450605378596,0.39559705681040036,0.39559705681040036,0.5169307184553079,0.6382643801002155,0.6382643801002155,0.6382643801002155,0.7340710197403112,0.8298776593804069
2026-09-27,FC Juarez,Toluca,0.2199039319023735,0.2185503147519416,0.5615457533456849,0.08440463483867672,0.08440463483867672,0.08440463483867672,0.1521542833705251,0.2199039319023735,0.2199039319023735,0.3291790892783443,0.4384542466543151,0.4384542466543151,0.4384542466543151,0.5539671182128785,0.6694799897714419,0.33052001022855837,0.33052001022855837,0.33052001022855837,0.44603288178712164,0.5615457533456849,0.5615457533456849,0.6708209107216556,0.7800960680976264,0.7800960680976264,0.7800960680976264,0.8478457166294748,0.9155953651613233
2026-09-27,FC Juarez,UNAM Pumas,0.3392749704798723,0.2474335966286928,0.41329143289143483,0.1521601529571487,0.1521601529571487,0.1521601529571487,0.2457175617185105,0.3392749704798723,0.3392749704798723,0.4629917687942187,0.5867085671085651,0.5867085671085651,0.5867085671085651,0.6916522406781257,0.7965959142476863,0.20340408575231364,0.20340408575231364,0.20340408575231364,0.30834775932187425,0.41329143289143483,0.41329143289143483,0.5370082312057812,0.6607250295201276,0.6607250295201276,0.6607250295201276,0.7542824382814894,0.8478398470428512
2026-09-27,Guadalajara,Atlante,0.5664401901920406,0.22998056826185753,0.20357924154610174,0.32294437125574993,0.32294437125574993,0.32294437125574993,0.4446922807238953,0.5664401901920406,0.5664401901920406,0.6814304743229693,0.7964207584538981,0.7964207584538981,0.7964207584538981,0.862784257171322,0.9291477558887459,0.07085224411125417,0.07085224411125417,0.07085224411125417,0.13721574282867796,0.20357924154610174,0.20357924154610174,0.31856952567703045,0.4335598098079592,0.4335598098079592,0.4335598098079592,0.5553077192761046,0.67705562874425
2026-09-27,Guadalajara,Atlas,0.6121159160212474,0.21624665436782384,0.17163742961092862,0.3664983829353821,0.3664983829353821,0.3664983829353821,0.4893071494783148,0.6121159160212474,0.6121159160212474,0.7202392432051593,0.8283625703890712,0.8283625703890712,0.8283625703890712,0.8862704114738273,0.9441782525585833,0.05582174744141663,0.05582174744141663,0.05582174744141663,0.11372958852617263,0.17163742961092862,0.17163742961092862,0.2797607567948406,0.3878840839787525,0.3878840839787525,0.3878840839787525,0.5106928505216851,0.6335016170646177
2026-09-27,Guadalajara,Atletico San Luis,0.6045082227058272,0.21356333773308805,0.18192843956108468,0.36446214308056996,0.36446214308056996,0.36446214308056996,0.48448518289319853,0.6045082227058272,0.6045082227058272,0.7112898915723711,0.8180715604389152,0.8180715604389152,0.8180715604389152,0.8778018726203713,0.9375321848018274,0.06246781519817275,0.06246781519817275,0.06246781519817275,0.12219812737962871,0.18192843956108468,0.18192843956108468,0.2887101084276287,0.3954917772941727,0.3954917772941727,0.3954917772941727,0.5155148171068014,0.6355378569194301
2026-09-27,Guadalajara,Club America,0.4018378596114181,0.2667280394718845,0.33143410091669745,0.1844150463668204,0.1844150463668204,0.1844150463668204,0.29312645298911927,0.4018378596114181,0.4018378596114181,0.5352018793473603,0.6685658990833024,0.6685658990833024,0.6685658990833024,0.7652357722080129,0.8619056453327233,0.13809435466727665,0.13809435466727665,0.13809435466727665,0.23476422779198705,0.33143410091669745,0.33143410091669745,0.4647981206526397,0.598162140388582,0.598162140388582,0.598162140388582,0.7068735470108807,0.8155849536331794
2026-09-27,Guadalajara,Cruz Azul,0.4398262873057701,0.2533993447522692,0.30677436794196056,0.21802336574062364,0.21802336574062364,0.21802336574062364,0.3289248265231969,0.4398262873057701,0.4398262873057701,0.5665259596819048,0.6932256320580394,0.6932256320580394,0.6932256320580394,0.7827542507323832,0.8722828694067271,0.12771713059327297,0.12771713059327297,0.12771713059327297,0.21724574926761675,0.30677436794196056,0.30677436794196056,0.4334740403180951,0.5601737126942297,0.5601737126942297,0.5601737126942297,0.671075173476803,0.7819766342593764
2026-09-27,Guadalajara,FC Juarez,0.6528375696877743,0.19662717425888557,0.15053525605333995,0.4147024491896089,0.4147024491896089,0.4147024491896089,0.5337700094386916,0.6528375696877743,0.6528375696877743,0.7511511568172171,0.8494647439466599,0.8494647439466599,0.8494647439466599,0.9005229307504119,0.9515811175541637,0.04841888244583593,0.04841888244583593,0.04841888244583593,0.09947706924958793,0.15053525605333995,0.15053525605333995,0.24884884318278278,0.3471624303122256,0.3471624303122256,0.3471624303122256,0.4662299905613082,0.5852975508103908
2026-09-27,Guadalajara,Leon,0.6078679871137079,0.21827973006121842,0.17385228282507376,0.36162262413973056,0.36162262413973056,0.36162262413973056,0.48474530562671925,0.6078679871137079,0.6078679871137079,0.7170078521443171,0.8261477171749263,0.8261477171749263,0.8261477171749263,0.8847767982793812,0.943405879383836,0.056594120616163965,0.056594120616163965,0.056594120616163965,0.11522320172061887,0.17385228282507376,0.17385228282507376,0.28299214785568294,0.3921320128862922,0.3921320128862922,0.3921320128862922,0.5152546943732808,0.6383773758602693
2026-09-27,Guadalajara,Mazatlan,0.6805813897490777,0.18911773625650677,0.13030087399441542,0.4409134407849961,0.4409134407849961,0.4409134407849961,0.5607474152670369,0.6805813897490777,0.6805813897490777,0.775140257877331,0.8696991260055844,0.8696991260055844,0.8696991260055844,0.915432141737457,0.9611651574693296,0.03883484253067029,0.03883484253067029,0.03883484253067029,0.08456785826254286,0.13030087399441542,0.13030087399441542,0.22485974212266882,0.3194186102509222,0.3194186102509222,0.3194186102509222,0.439252584732963,0.5590865592150038
2026-09-27,Guadalajara,Monterrey,0.5209527813303831,0.23232261682064734,0.24672460184896963,0.28993179478351855,0.28993179478351855,0.28993179478351855,0.4054422880569508,0.5209527813303831,0.5209527813303831,0.6371140897407068,0.7532753981510305,0.7532753981510305,0.7532753981510305,0.8282128696917165,0.9031503412324025,0.09684965876759768,0.09684965876759768,0.09684965876759768,0.17178713030828366,0.24672460184896963,0.24672460184896963,0.3628859102592933,0.47904721866961697,0.47904721866961697,0.47904721866961697,0.5945577119430492,0.7100682052164815
2026-09-27,Guadalajara,Necaxa,0.6241546297357488,0.20426341004997087,0.1715819602142802,0.38751542464116256,0.38751542464116256,0.38751542464116256,0.5058350271884556,0.6241546297357488,0.6241546297357488,0.7262863347607342,0.8284180397857196,0.8284180397857196,0.8284180397857196,0.884819299639249,0.9412205594927785,0.05877944050722128,0.05877944050722128,0.05877944050722128,0.11518070036075075,0.1715819602142802,0.1715819602142802,0.27371366523926566,0.3758453702642511,0.3758453702642511,0.3758453702642511,0.49416497281154415,0.6124845753588373
2026-09-27,Guadalajara,Pachuca,0.48941780886126324,0.2594702570201964,0.2511119341185403,0.24751457132900928,0.24751457132900928,0.24751457132900928,0.36846619009513626,0.48941780886126324,0.48941780886126324,0.6191529373713615,0.7488880658814597,0.7488880658814597,0.7488880658814597,0.8291673808076451,0.9094466957338304,0.0905533042661694,0.0905533042661694,0.0905533042661694,0.17083261919235487,0.2511119341185403,0.2511119341185403,0.38084706262863854,0.5105821911387368,0.5105821911387368,0.5105821911387368,0.6315338099048637,0.7524854286709908
2026-09-27,Guadalajara,Puebla,0.6696155504469112,0.20231087342392085,0.12807357612916784,0.4175818088029033,0.4175818088029033,0.4175818088029033,0.5435986796249073,0.6696155504469112,0.6696155504469112,0.7707709871588717,0.8719264238708322,0.8719264238708322,0.8719264238708322,0.9183203323120723,0.9647142407533125,0.035285759246687504,0.035285759246687504,0.035285759246687504,0.08167966768792767,0.12807357612916784,0.12807357612916784,0.22922901284112823,0.3303844495530886,0.3303844495530886,0.3303844495530886,0.45640132037509273,0.5824181911970968
2026-09-27,Guadalajara,Queretaro,0.5777941939761968,0.2376169053418261,0.1845889006819771,0.32328044019150265,0.32328044019150265,0.32328044019150265,0.4505373170838497,0.5777941939761968,0.5777941939761968,0.6966026466471098,0.8154110993180227,0.8154110993180227,0.8154110993180227,0.8786655890550308,0.9419200787920389,0.058079921207961266,0.058079921207961266,0.058079921207961266,0.12133441094496919,0.1845889006819771,0.1845889006819771,0.3033973533528902,0.42220580602380325,0.42220580602380325,0.42220580602380325,0.5494626829161504,0.6767195598084975
2026-09-27,Guadalajara,Santos Laguna,0.6822490245214076,0.18675518412667333,0.13099579135191902,0.4450580235727437,0.4450580235727437,0.4450580235727437,0.5636535240470757,0.6822490245214076,0.6822490245214076,0.7756266165847443,0.869004208648081,0.869004208648081,0.869004208648081,0.9146631663468348,0.9603221240455884,0.03967787595441157,0.03967787595441157,0.03967787595441157,0.0853368336531653,0.13099579135191902,0.13099579135191902,0.2243733834152557,0.3177509754785924,0.3177509754785924,0.3177509754785924,0.4363464759529243,0.5549419764272562
2026-09-27,Guadalajara,Tigres UANL,0.455703850221392,0.2661157276714748,0.2781804221071332,0.22066906373348297,0.22066906373348297,0.22066906373348297,0.3381864569774375,0.455703850221392,0.455703850221392,0.5887617140571294,0.7218195778928668,0.7218195778928668,0.7218195778928668,0.8085229577003785,0.8952263375078902,0.10477366249210983,0.10477366249210983,0.10477366249210983,0.1914770422996215,0.2781804221071332,0.2781804221071332,0.4112382859428706,0.544296149778608,0.544296149778608,0.544296149778608,0.6618135430225625,0.7793309362665171
2026-09-27,Guadalajara,Tijuana,0.5519367809840918,0.22916253891019783,0.21890068010571026,0.3139697124933195,0.3139697124933195,0.3139697124933195,0.43295324673870567,0.5519367809840918,0.5519367809840918,0.6665180504391908,0.7810993198942897,0.7810993198942897,0.7810993198942897,0.850367818250005,0.9196363166057202,0.08036368339427978,0.08036368339427978,0.08036368339427978,0.149632181749995,0.21890068010571026,0.21890068010571026,0.33348194956080907,0.4480632190159079,0.4480632190159079,0.4480632190159079,0.5670467532612942,0.6860302875066804
2026-09-27,Guadalajara,Toluca,0.391580760553328,0.25392992680266957,0.3544893126440025,0.18455644944639393,0.18455644944639393,0.18455644944639393,0.288068604999861,0.391580760553328,0.391580760553328,0.5185457239546629,0.6455106873559977,0.6455106873559977,0.6455106873559977,0.7431162800123867,0.8407218726687756,0.1592781273312245,0.1592781273312245,0.1592781273312245,0.2568837199876135,0.3544893126440025,0.3544893126440025,0.48145427604533725,0.608419239446672,0.608419239446672,0.608419239446672,0.711931395000139,0.8154435505536061
2026-09-27,Guadalajara,UNAM Pumas,0.5242902074778026,0.24076869033747053,0.23494110218472697,0.28516733388623505,0.28516733388623505,0.28516733388623505,0.40472877068201885,0.5242902074778026,0.5242902074778026,0.6446745526465378,0.7650588978152731,0.7650588978152731,0.7650588978152731,0.8392290585181668,0.9133992192210603,0.08660078077893998,0.08660078077893998,0.08660078077893998,0.16077094148183346,0.23494110218472697,0.23494110218472697,0.35532544735346216,0.4757097925221974,0.4757097925221974,0.4757097925221974,0.5952712293179813,0.7148326661137651
2026-09-27,Leon,Atlante,0.40904135120306806,0.25622447816070276,0.3347341706362294,0.19519094502840695,0.19519094502840695,0.19519094502840695,0.3021161481157375,0.40904135120306806,0.40904135120306806,0.5371535902834195,0.6652658293637708,0.6652658293637708,0.6652658293637708,0.7601698779314838,0.8550739264991969,0.1449260735008034,0.1449260735008034,0.1449260735008034,0.2398301220685164,0.3347341706362294,0.3347341706362294,0.46284640971658075,0.5909586487969322,0.5909586487969322,0.5909586487969322,0.6978838518842627,0.8048090549715932
2026-09-27,Leon,Atlas,0.45536311000464536,0.2524702378943295,0.2921666521010253,0.2292976551007962,0.2292976551007962,0.2292976551007962,0.34233038255272075,0.45536311000464536,0.45536311000464536,0.5815982289518101,0.7078333478989749,0.7078333478989749,0.7078333478989749,0.7946192347769998,0.8814051216550246,0.11859487834497542,0.11859487834497542,0.11859487834497542,0.20538076522300036,0.2921666521010253,0.2921666521010253,0.41840177104819,0.5446368899953546,0.5446368899953546,0.5446368899953546,0.6576696174472793,0.7707023448992039
2026-09-27,Leon,Atletico San Luis,0.4435404699799282,0.24690810849500489,0.30955142152506687,0.22484936153093685,0.22484936153093685,0.22484936153093685,0.33419491575543253,0.4435404699799282,0.4435404699799282,0.5669945242274307,0.6904485784749332,0.6904485784749332,0.6904485784749332,0.7790556099920407,0.8676626415091482,0.1323373584908518,0.1323373584908518,0.1323373584908518,0.22094439000795935,0.30955142152506687,0.30955142152506687,0.4330054757725693,0.5564595300200718,0.5564595300200718,0.5564595300200718,0.6658050842445675,0.7751506384690632
2026-09-27,Leon,Club America,0.2622381359412624,0.2535437853093556,0.4842180787493821,0.09924703836949854,0.09924703836949854,0.09924703836949854,0.18074258715538047,0.2622381359412624,0.2622381359412624,0.38901002859594025,0.5157819212506182,0.5157819212506182,0.5157819212506182,0.6337832279185263,0.7517845345864343,0.24821546541356573,0.24821546541356573,0.24821546541356573,0.3662167720814739,0.4842180787493821,0.4842180787493821,0.6109899714040599,0.7377618640587376,0.7377618640587376,0.7377618640587376,0.8192574128446195,0.9007529616305014
2026-09-27,Leon,Cruz Azul,0.2903087382081238,0.24815172243800698,0.4615395393538692,0.11911026760755153,0.11911026760755153,0.11911026760755153,0.20470950290783768,0.2903087382081238,0.2903087382081238,0.41438459942712735,0.5384604606461308,0.5384604606461308,0.5384604606461308,0.650980894095671,0.7635013275452109,0.23649867245478912,0.23649867245478912,0.23649867245478912,0.34901910590432916,0.4615395393538692,0.4615395393538692,0.5856154005728726,0.7096912617918761,0.7096912617918761,0.7096912617918761,0.7952904970921624,0.8808897323924485
2026-09-27,Leon,FC Juarez,0.4938085413888564,0.23947257137315134,0.26671888723799225,0.2652689907729929,0.2652689907729929,0.2652689907729929,0.3795387660809246,0.4938085413888564,0.4938085413888564,0.6135448270754321,0.7332811127620078,0.7332811127620078,0.7332811127620078,0.8130695944499431,0.8928580761378783,0.10714192386212168,0.10714192386212168,0.10714192386212168,0.18693040555005697,0.26671888723799225,0.26671888723799225,0.386455172924568,0.5061914586111437,0.5061914586111437,0.5061914586111437,0.6204612339190754,0.7347310092270072
2026-09-27,Leon,Guadalajara,0.3001224498330452,0.2574815362739361,0.4423960138930185,0.12173518344694684,0.12173518344694684,0.12173518344694684,0.21092881663999602,0.3001224498330452,0.3001224498330452,0.42886321797001314,0.5576039861069811,0.5576039861069811,0.5576039861069811,0.6702154659254125,0.7828269457438439,0.21717305425615582,0.21717305425615582,0.21717305425615582,0.3297845340745872,0.4423960138930185,0.4423960138930185,0.5711367820299866,0.6998775501669546,0.6998775501669546,0.6998775501669546,0.7890711833600037,0.8782648165530529
2026-09-27,Leon,Mazatlan,0.5269844181528242,0.23761581373339308,0.23539976811378294,0.28961492539085254,0.28961492539085254,0.28961492539085254,0.40829967177183835,0.5269844181528242,0.5269844181528242,0.6457923250195208,0.7646002318862173,0.7646002318862173,0.7646002318862173,0.8383535693121489,0.9121069067380806,0.08789309326191964,0.08789309326191964,0.08789309326191964,0.16164643068785128,0.23539976811378294,0.23539976811378294,0.35420767498047945,0.473015581847176,0.473015581847176,0.473015581847176,0.5917003282281619,0.7103850746091478
2026-09-27,Leon,Monterrey,0.359265340229837,0.24573225693774967,0.39500240283241345,0.1667636065952772,0.1667636065952772,0.1667636065952772,0.2630144734125571,0.359265340229837,0.359265340229837,0.4821314686987119,0.6049975971675867,0.6049975971675867,0.6049975971675867,0.7066737583144758,0.8083499194613649,0.1916500805386352,0.1916500805386352,0.1916500805386352,0.29332624168552435,0.39500240283241345,0.39500240283241345,0.5178685313012883,0.6407346597701631,0.6407346597701631,0.6407346597701631,0.736985526587443,0.8332363934047229
2026-09-27,Leon,Necaxa,0.4613849505715947,0.24093368969268555,0.29768135973571985,0.24148670960245122,0.24148670960245122,0.24148670960245122,0.35143583008702295,0.4613849505715947,0.4613849505715947,0.5818517954179374,0.7023186402642803,0.7023186402642803,0.7023186402642803,0.7876602355704938,0.8730018308767075,0.12699816912329248,0.12699816912329248,0.12699816912329248,0.21233976442950617,0.29768135973571985,0.29768135973571985,0.4181482045820626,0.5386150494284053,0.5386150494284053,0.5386150494284053,0.6485641699129772,0.7585132903975489
2026-09-27,Leon,Pachuca,0.34200473713222285,0.2697826079165526,0.3882126549512246,0.1435910721076347,0.1435910721076347,0.1435910721076347,0.24279790461992878,0.34200473713222285,0.34200473713222285,0.4768960410904992,0.6117873450487755,0.6117873450487755,0.6117873450487755,0.7190060236583562,0.8262247022679368,0.17377529773206327,0.17377529773206327,0.17377529773206327,0.2809939763416439,0.3882126549512246,0.3882126549512246,0.5231039589095009,0.6579952628677772,0.6579952628677772,0.6579952628677772,0.7572020953800712,0.8564089278923652
2026-09-27,Leon,Puebla,0.5225038358515419,0.25116869908739414,0.22632746506106388,0.2756386763059428,0.2756386763059428,0.2756386763059428,0.3990712560787424,0.5225038358515419,0.5225038358515419,0.648088185395239,0.7736725349389362,0.7736725349389362,0.7736725349389362,0.8476669548987724,0.9216613748586087,0.0783386251413914,0.0783386251413914,0.0783386251413914,0.15233304510122764,0.22632746506106388,0.22632746506106388,0.35191181460476095,0.4774961641484581,0.4774961641484581,0.4774961641484581,0.6009287439212576,0.7243613236940573
2026-09-27,Leon,Queretaro,0.4276389423125225,0.269067653849008,0.3032934038384695,0.2002546883907054,0.2002546883907054,0.2002546883907054,0.31394681535161395,0.4276389423125225,0.4276389423125225,0.5621727692370265,0.6967065961615305,0.6967065961615305,0.6967065961615305,0.7887255691276354,0.8807445420937401,0.11925545790625981,0.11925545790625981,0.11925545790625981,0.21127443087236464,0.3032934038384695,0.3032934038384695,0.4378272307629735,0.5723610576874775,0.5723610576874775,0.5723610576874775,0.6860531846483859,0.7997453116092945
2026-09-27,Leon,Santos Laguna,0.5272419691621181,0.2351031723308262,0.2376548585070558,0.29190945088717285,0.29190945088717285,0.29190945088717285,0.40957571002464543,0.5272419691621181,0.5272419691621181,0.6447935553275311,0.7623451414929442,0.7623451414929442,0.7623451414929442,0.8361095088313286,0.9098738761697129,0.09012612383028705,0.09012612383028705,0.09012612383028705,0.16389049116867144,0.2376548585070558,0.2376548585070558,0.3552064446724689,0.47275803083788204,0.47275803083788204,0.47275803083788204,0.5904242899753546,0.7080905491128271
2026-09-27,Leon,Tigres UANL,0.3116522108315174,0.2679911856881937,0.4203566034802888,0.12492893524283119,0.12492893524283119,0.12492893524283119,0.2182905730371743,0.3116522108315174,0.3116522108315174,0.44564780367561424,0.5796433965197111,0.5796433965197111,0.5796433965197111,0.6918037149938758,0.8039640334680405,0.19603596653195957,0.19603596653195957,0.19603596653195957,0.30819628500612417,0.4203566034802888,0.4203566034802888,0.5543521963243857,0.6883477891684826,0.6883477891684826,0.6883477891684826,0.7817094269628256,0.8750710647571687
2026-09-27,Leon,Tijuana,0.39160736327170625,0.25092763004368573,0.3574650066846078,0.18627454128824322,0.18627454128824322,0.18627454128824322,0.28894095227997474,0.39160736327170625,0.39160736327170625,0.5170711782935491,0.6425349933153919,0.6425349933153919,0.6425349933153919,0.7398577008365844,0.837180408357777,0.16281959164222287,0.16281959164222287,0.16281959164222287,0.26014229916341536,0.3574650066846078,0.3574650066846078,0.48292882170645074,0.6083926367282937,0.6083926367282937,0.6083926367282937,0.7110590477200252,0.8137254587117566
2026-09-27,Leon,Toluca,0.247720752113848,0.23569510409416825,0.5165841437919835,0.09629357846582313,0.09629357846582313,0.09629357846582313,0.17200716528983556,0.247720752113848,0.247720752113848,0.36556830416093206,0.48341585620801614,0.48341585620801614,0.48341585620801614,0.5996661516845423,0.7159164471610684,0.28408355283893133,0.28408355283893133,0.28408355283893133,0.4003338483154574,0.5165841437919835,0.5165841437919835,0.6344316958390676,0.7522792478861516,0.7522792478861516,0.7522792478861516,0.8279928347101642,0.9037064215341767
2026-09-27,Leon,UNAM Pumas,0.368288224916507,0.25713147096619043,0.3745803041173024,0.16698183588819862,0.16698183588819862,0.16698183588819862,0.2676350304023528,0.368288224916507,0.368288224916507,0.4968539603996023,0.6254196958826975,0.6254196958826975,0.6254196958826975,0.7270919733588661,0.8287642508350347,0.17123574916496526,0.17123574916496526,0.17123574916496526,0.27290802664113384,0.3745803041173024,0.3745803041173024,0.5031460396003976,0.6317117750834929,0.6317117750834929,0.6317117750834929,0.7323649695976471,0.8330181641118013
2026-09-27,Mazatlan,Atlante,0.3408913363648156,0.25398145664882066,0.40512720698636373,0.15008912762416118,0.15008912762416118,0.15008912762416118,0.24549023199448838,0.3408913363648156,0.3408913363648156,0.467882064689226,0.5948727930136364,0.5948727930136364,0.5948727930136364,0.7005261262562659,0.8061794594988954,0.19382054050110462,0.19382054050110462,0.19382054050110462,0.2994738737437342,0.40512720698636373,0.40512720698636373,0.5321179353107741,0.6591086636351844,0.6591086636351844,0.6591086636351844,0.7545097680055116,0.8499108723758388
2026-09-27,Mazatlan,Atlas,0.3855849528235076,0.2557441373381338,0.3586709098383586,0.17945325154323255,0.17945325154323255,0.17945325154323255,0.28251910218337006,0.3855849528235076,0.3855849528235076,0.5134570214925744,0.6413290901616412,0.6413290901616412,0.6413290901616412,0.7400672060737893,0.8388053219859374,0.16119467801406245,0.16119467801406245,0.16119467801406245,0.2599327939262105,0.3586709098383586,0.3586709098383586,0.48654297850742534,0.6144150471764921,0.6144150471764921,0.6144150471764921,0.7174808978166296,0.8205467484567672
2026-09-27,Mazatlan,Atletico San Luis,0.37227421606100114,0.24832345433401276,0.37940232960498615,0.1743695943838043,0.1743695943838043,0.1743695943838043,0.27332190522240274,0.37227421606100114,0.37227421606100114,0.49643594322800755,0.6205976703950139,0.6205976703950139,0.6205976703950139,0.7206479122718781,0.8206981541487424,0.17930184585125752,0.17930184585125752,0.17930184585125752,0.2793520877281218,0.37940232960498615,0.37940232960498615,0.5035640567719925,0.6277257839389988,0.6277257839389988,0.6277257839389988,0.7266780947775971,0.8256304056161955
2026-09-27,Mazatlan,Club America,0.20731932863427818,0.23371060126903134,0.5589700700966904,0.07203311813383184,0.07203311813383184,0.07203311813383184,0.139676223384055,0.20731932863427818,0.20731932863427818,0.32417462926879387,0.4410299299033095,0.4410299299033095,0.4410299299033095,0.5632384849513689,0.6854470399994281,0.3145529600005718,0.3145529600005718,0.3145529600005718,0.43676151504863114,0.5589700700966904,0.5589700700966904,0.6758253707312062,0.792680671365722,0.792680671365722,0.792680671365722,0.860323776615945,0.9279668818661679
2026-09-27,Mazatlan,Cruz Azul,0.23045967618378818,0.2312311074404349,0.5383092163757768,0.08689175283527197,0.08689175283527197,0.08689175283527197,0.15867571450953008,0.23045967618378818,0.23045967618378818,0.34607522990400563,0.4616907836242231,0.4616907836242231,0.4616907836242231,0.5794280856163828,0.6971653876085425,0.30283461239145737,0.30283461239145737,0.30283461239145737,0.4205719143836171,0.5383092163757768,0.5383092163757768,0.6539247700959943,0.7695403238162116,0.7695403238162116,0.7695403238162116,0.8413242854904698,0.9131082471647279
2026-09-27,Mazatlan,FC Juarez,0.421183989438412,0.24654656250280857,0.3322694480587793,0.20947224552979216,0.20947224552979216,0.20947224552979216,0.31532811748410206,0.421183989438412,0.421183989438412,0.5444572706898163,0.6677305519412206,0.6677305519412206,0.6677305519412206,0.7599556076894639,0.8521806634377073,0.14781933656229254,0.14781933656229254,0.14781933656229254,0.24004439231053593,0.3322694480587793,0.3322694480587793,0.4555427293101836,0.5788160105615878,0.5788160105615878,0.5788160105615878,0.6846718825158977,0.7905277544702076
2026-09-27,Mazatlan,Guadalajara,0.24079198811445385,0.24210610687499456,0.5171019050105516,0.0897765303914001,0.0897765303914001,0.0897765303914001,0.16528425925292697,0.24079198811445385,0.24079198811445385,0.36184504155195113,0.4828980949894484,0.4828980949894484,0.4828980949894484,0.6018483461998843,0.7207985974103202,0.27920140258968,0.27920140258968,0.27920140258968,0.39815165380011586,0.5171019050105516,0.5171019050105516,0.6381549584480489,0.7592080118855462,0.7592080118855462,0.7592080118855462,0.8347157407470731,0.9102234696086
2026-09-27,Mazatlan,Leon,0.3820118189609468,0.25666098954191774,0.36132719149713544,0.17652485257941677,0.17652485257941677,0.17652485257941677,0.2792683357701818,0.3820118189609468,0.3820118189609468,0.5103423137319056,0.6386728085028645,0.6386728085028645,0.6386728085028645,0.7380739442349111,0.8374750799669579,0.1625249200330419,0.1625249200330419,0.1625249200330419,0.26192605576508865,0.36132719149713544,0.36132719149713544,0.48965768626809425,0.6179881810390531,0.6179881810390531,0.6179881810390531,0.720731664229818,0.823475147420583
2026-09-27,Mazatlan,Monterrey,0.29144676805683517,0.23673369211139472,0.47181953983177005,0.12461903928873763,0.12461903928873763,0.12461903928873763,0.2080329036727864,0.29144676805683517,0.29144676805683517,0.4098136141125326,0.52818046016823,0.52818046016823,0.52818046016823,0.6381260663483489,0.7480716725284678,0.2519283274715322,0.2519283274715322,0.2519283274715322,0.3618739336516511,0.47181953983177005,0.47181953983177005,0.5901863858874674,0.7085532319431649,0.7085532319431649,0.7085532319431649,0.7919670963272136,0.8753809607112625
2026-09-27,Mazatlan,Necaxa,0.38844187950421644,0.24413493698352468,0.36742318351225894,0.1879927153248126,0.1879927153248126,0.1879927153248126,0.2882172974145145,0.38844187950421644,0.38844187950421644,0.5105093479959787,0.632576816487741,0.632576816487741,0.632576816487741,0.7296430988384658,0.8267093811891906,0.17329061881080954,0.17329061881080954,0.17329061881080954,0.2703569011615342,0.36742318351225894,0.36742318351225894,0.4894906520040213,0.6115581204957837,0.6115581204957837,0.6115581204957837,0.7117827025854855,0.8120072846751873
2026-09-27,Mazatlan,Pachuca,0.2807607413100131,0.2600583505742142,0.4591809081157725,0.10848948552839474,0.10848948552839474,0.10848948552839474,0.1946251134192039,0.2807607413100131,0.2807607413100131,0.41078991659712016,0.5408190918842273,0.5408190918842273,0.5408190918842273,0.6569738048362912,0.7731285177883552,0.22687148221164455,0.22687148221164455,0.22687148221164455,0.3430261951637085,0.4591809081157725,0.4591809081157725,0.5892100834028795,0.7192392586899866,0.7192392586899866,0.7192392586899866,0.8053748865807959,0.8915105144716051
2026-09-27,Mazatlan,Puebla,0.4547524047575243,0.26257939973283656,0.2826681955096391,0.22227157815801332,0.22227157815801332,0.22227157815801332,0.33851199145776883,0.4547524047575243,0.4547524047575243,0.5860421046239426,0.7173318044903609,0.7173318044903609,0.7173318044903609,0.8042781744363146,0.8912245443822681,0.10877545561773208,0.10877545561773208,0.10877545561773208,0.19572182556368561,0.2826681955096391,0.2826681955096391,0.4139578953760574,0.5452475952424757,0.5452475952424757,0.5452475952424757,0.6614880085422312,0.7777284218419868
2026-09-27,Mazatlan,Queretaro,0.3620588934884719,0.270021206246092,0.3679199002654362,0.15649897351354206,0.15649897351354206,0.15649897351354206,0.259278933501007,0.3620588934884719,0.3620588934884719,0.497069496611518,0.632080099734564,0.632080099734564,0.632080099734564,0.7358760907430081,0.8396720817514521,0.16032791824854783,0.16032791824854783,0.16032791824854783,0.26412390925699203,0.3679199002654362,0.3679199002654362,0.5029305033884822,0.6379411065115282,0.6379411065115282,0.6379411065115282,0.740721066498993,0.8435010264864579
2026-09-27,Mazatlan,Santos Laguna,0.4550791556418716,0.24588188545502537,0.2990389589031031,0.2335875218457054,0.2335875218457054,0.2335875218457054,0.3443333387437885,0.4550791556418716,0.4550791556418716,0.5780200983693844,0.700961041096897,0.700961041096897,0.700961041096897,0.7875868197702478,0.8742125984435984,0.1257874015564016,0.1257874015564016,0.1257874015564016,0.21241318022975236,0.2990389589031031,0.2990389589031031,0.4219799016306157,0.5449208443581284,0.5449208443581284,0.5449208443581284,0.6556666612562114,0.7664124781542946
2026-09-27,Mazatlan,Tigres UANL,0.25293570907484436,0.2544849050565046,0.49257938586865113,0.09322416750420448,0.09322416750420448,0.09322416750420448,0.17307993828952442,0.25293570907484436,0.25293570907484436,0.3801781616030966,0.5074206141313489,0.5074206141313489,0.5074206141313489,0.6271228391491628,0.7468250641669766,0.2531749358330236,0.2531749358330236,0.2531749358330236,0.37287716085083733,0.49257938586865113,0.49257938586865113,0.6198218383969034,0.7470642909251558,0.7470642909251558,0.7470642909251558,0.8269200617104757,0.9067758324957956
2026-09-27,Mazatlan,Tijuana,0.3229066660832654,0.24618210253045325,0.4309112313862814,0.14164041993959983,0.14164041993959983,0.14164041993959983,0.2322735430114326,0.3229066660832654,0.3229066660832654,0.44599771734849214,0.5690887686137189,0.5690887686137189,0.5690887686137189,0.6762895356282543,0.7834903026427898,0.21650969735721023,0.21650969735721023,0.21650969735721023,0.32371046437174583,0.4309112313862814,0.4309112313862814,0.554002282651508,0.6770933339167345,0.6770933339167345,0.6770933339167345,0.7677264569885673,0.8583595800604003
2026-09-27,Mazatlan,Toluca,0.1920629185606895,0.21370869533422396,0.5942283861050863,0.0685152690540118,0.0685152690540118,0.0685152690540118,0.13028909380735065,0.1920629185606895,0.1920629185606895,0.29891726622780146,0.4057716138949134,0.4057716138949134,0.4057716138949134,0.5241166050318127,0.6424615961687119,0.3575384038312879,0.3575384038312879,0.3575384038312879,0.4758833949681871,0.5942283861050863,0.5942283861050863,0.7010827337721983,0.8079370814393102,0.8079370814393102,0.8079370814393102,0.8697109061926491,0.9314847309459879
2026-09-27,Mazatlan,UNAM Pumas,0.3024350786977136,0.24990175480050195,0.44766316650178467,0.1263363423055316,0.1263363423055316,0.1263363423055316,0.21438571050162258,0.3024350786977136,0.3024350786977136,0.4273859560979645,0.5523368334982154,0.5523368334982154,0.5523368334982154,0.6633121463523259,0.7742874592064365,0.22571254079356354,0.22571254079356354,0.22571254079356354,0.3366878536476741,0.44766316650178467,0.44766316650178467,0.5726140439020356,0.6975649213022865,0.6975649213022865,0.6975649213022865,0.7856142894983775,0.8736636576944685
2026-09-27,Monterrey,Atlante,0.5240402266416014,0.22807512795543156,0.24788464540296717,0.2957248833255891,0.2957248833255891,0.2957248833255891,0.40988255498359527,0.5240402266416014,0.5240402266416014,0.6380777906193171,0.7521153545970329,0.7521153545970329,0.7521153545970329,0.8264869646107877,0.9008585746245427,0.09914142537545735,0.09914142537545735,0.09914142537545735,0.17351303538921226,0.24788464540296717,0.24788464540296717,0.361922209380683,0.4759597733583988,0.4759597733583988,0.4759597733583988,0.5901174450164048,0.704275116674411
2026-09-27,Monterrey,Atlas,0.5730010700470087,0.21699334201409382,0.2100055879388975,0.3398936769363739,0.3398936769363739,0.3398936769363739,0.4564473734916913,0.5730010700470087,0.5730010700470087,0.6814977410540557,0.7899944120611025,0.7899944120611025,0.7899944120611025,0.8556797404966461,0.9213650689321897,0.07863493106781032,0.07863493106781032,0.07863493106781032,0.14432025950335392,0.2100055879388975,0.2100055879388975,0.3185022589459444,0.42699892995299127,0.42699892995299127,0.42699892995299127,0.5435526265083086,0.660106323063626
2026-09-27,Monterrey,Atletico San Luis,0.5628090880589013,0.21419468841592074,0.22299622352517798,0.3356590082264914,0.3356590082264914,0.3356590082264914,0.44923404814269635,0.5628090880589013,0.5628090880589013,0.6699064322668618,0.7770037764748221,0.7770037764748221,0.7770037764748221,0.8445572026114411,0.91211062874806,0.08788937125194,0.08788937125194,0.08788937125194,0.15544279738855898,0.22299622352517798,0.22299622352517798,0.33009356773313836,0.4371909119410987,0.4371909119410987,0.4371909119410987,0.5507659518573038,0.6643409917735088
2026-09-27,Monterrey,Club America,0.35506755754907315,0.25098612293177264,0.39394631951915415,0.16115440524645178,0.16115440524645178,0.16115440524645178,0.25811098139776245,0.35506755754907315,0.35506755754907315,0.48056061901495944,0.6060536804808457,0.6060536804808457,0.6060536804808457,0.7090988465812922,0.8121440126817386,0.1878559873182612,0.1878559873182612,0.1878559873182612,0.2909011534187077,0.39394631951915415,0.39394631951915415,0.5194393809850404,0.6449324424509267,0.6449324424509267,0.6449324424509267,0.7418890186022373,0.838845594753548
2026-09-27,Monterrey,Cruz Azul,0.3911149224583519,0.24150513850948943,0.3673799390321587,0.19142574526924275,0.19142574526924275,0.19142574526924275,0.2912703338637973,0.3911149224583519,0.3911149224583519,0.5118674917130965,0.6326200609678412,0.6326200609678412,0.6326200609678412,0.7289549204936094,0.8252897800193778,0.17471021998062206,0.17471021998062206,0.17471021998062206,0.2710450795063904,0.3673799390321587,0.3673799390321587,0.48813250828690335,0.608885077541648,0.608885077541648,0.608885077541648,0.7087296661362026,0.8085742547307573
2026-09-27,Monterrey,FC Juarez,0.6148116701340604,0.19966676422320498,0.18552156564273453,0.3866673932556095,0.3866673932556095,0.3866673932556095,0.5007395316948349,0.6148116701340604,0.6148116701340604,0.7146450522456629,0.8144784343572653,0.8144784343572653,0.8144784343572653,0.8729420722230107,0.9314057100887561,0.06859428991124383,0.06859428991124383,0.06859428991124383,0.12705792777698918,0.18552156564273453,0.18552156564273453,0.285354947754337,0.3851883298659395,0.3851883298659395,0.3851883298659395,0.4992604683051649,0.6133326067443903
2026-09-27,Monterrey,Guadalajara,0.4005024137406396,0.24808264030162938,0.3514149459577312,0.19409656503813372,0.19409656503813372,0.19409656503813372,0.29729948938938666,0.4005024137406396,0.4005024137406396,0.5245437338914543,0.6485850540422688,0.6485850540422688,0.6485850540422688,0.7442247615962373,0.8398644691502057,0.1601355308497946,0.1601355308497946,0.1601355308497946,0.25577523840376293,0.3514149459577312,0.3514149459577312,0.47545626610854586,0.5994975862593606,0.5994975862593606,0.5994975862593606,0.7027005106106136,0.8059034349618666
2026-09-27,Monterrey,Leon,0.5686763551101651,0.21876498618069282,0.2125586587091417,0.3351946458840194,0.3351946458840194,0.3351946458840194,0.4519355004970923,0.5686763551101651,0.5686763551101651,0.6780588482005115,0.787441341290858,0.787441341290858,0.787441341290858,0.8538817369102532,0.9203221325296482,0.07967786747035173,0.07967786747035173,0.07967786747035173,0.1461182630897467,0.2125586587091417,0.2125586587091417,0.3219411517994881,0.4313236448898346,0.4313236448898346,0.4313236448898346,0.5480644995029075,0.6648053541159804
2026-09-27,Monterrey,Mazatlan,0.6464097723856497,0.19295808938357054,0.16063213823077965,0.41525712270589593,0.41525712270589593,0.41525712270589593,0.5308334475457728,0.6464097723856497,0.6464097723856497,0.7428888170774349,0.8393678617692202,0.8393678617692202,0.8393678617692202,0.892085151785194,0.9448024418011678,0.05519755819883223,0.05519755819883223,0.05519755819883223,0.10791484821480594,0.16063213823077965,0.16063213823077965,0.25711118292256496,0.35359022761435027,0.35359022761435027,0.35359022761435027,0.4691665524542272,0.5847428772941041
2026-09-27,Monterrey,Necaxa,0.5827533562643762,0.20611532678684766,0.21113131694877618,0.35775693250636686,0.35775693250636686,0.35775693250636686,0.4702551443853715,0.5827533562643762,0.5827533562643762,0.6858110196578,0.7888686830512239,0.7888686830512239,0.7888686830512239,0.8529618958327989,0.9170551086143738,0.08294489138562629,0.08294489138562629,0.08294489138562629,0.14703810416720123,0.21113131694877618,0.21113131694877618,0.3141889803422,0.4172466437356238,0.4172466437356238,0.4172466437356238,0.5297448556146285,0.6422430674936331
2026-09-27,Monterrey,Pachuca,0.4464397981805889,0.25156225034600704,0.30199795147340386,0.22376790580328249,0.22376790580328249,0.22376790580328249,0.3351038519919357,0.4464397981805889,0.4464397981805889,0.5722209233535924,0.6980020485265961,0.6980020485265961,0.6980020485265961,0.7863225845794171,0.874643120632238,0.12535687936776188,0.12535687936776188,0.12535687936776188,0.21367741542058288,0.30199795147340386,0.30199795147340386,0.42777907664640746,0.553560201819411,0.553560201819411,0.553560201819411,0.6648961480080643,0.7762320941967176
2026-09-27,Monterrey,Puebla,0.6381694681022575,0.20499821648835725,0.15683231540938514,0.39553516110948284,0.39553516110948284,0.39553516110948284,0.5168523146058701,0.6381694681022575,0.6381694681022575,0.7406685763464361,0.8431676845906148,0.8431676845906148,0.8431676845906148,0.8965489421828714,0.9499301997751282,0.05006980022487157,0.05006980022487157,0.05006980022487157,0.10345105781712835,0.15683231540938514,0.15683231540938514,0.2593314236535637,0.3618305318977423,0.3618305318977423,0.3618305318977423,0.48314768539412967,0.604464838890517
2026-09-27,Monterrey,Queretaro,0.5399904184616648,0.2358826188075101,0.22412696273082489,0.29991299259768056,0.29991299259768056,0.29991299259768056,0.4199517055296727,0.5399904184616648,0.5399904184616648,0.6579317278654199,0.7758730372691749,0.7758730372691749,0.7758730372691749,0.84718555104492,0.9184980648206651,0.08150193517933467,0.08150193517933467,0.08150193517933467,0.15281444895507978,0.22412696273082489,0.22412696273082489,0.34206827213458,0.4600095815383351,0.4600095815383351,0.4600095815383351,0.5800482944703271,0.7000870074023192
2026-09-27,Monterrey,Santos Laguna,0.6474751003534851,0.19080389070158132,0.16172100894493363,0.41862642537721684,0.41862642537721684,0.41862642537721684,0.5330507628653509,0.6474751003534851,0.6474751003534851,0.7428770457042757,0.8382789910550664,0.8382789910550664,0.8382789910550664,0.8909304617893234,0.9435819325235806,0.056418067476419524,0.056418067476419524,0.056418067476419524,0.10906953821067658,0.16172100894493363,0.16172100894493363,0.2571229542957243,0.352524899646515,0.352524899646515,0.352524899646515,0.46694923713464914,0.5813735746227833
2026-09-27,Monterrey,Tigres UANL,0.41162872082255647,0.25532905409511025,0.3330422250823332,0.19748676133048593,0.19748676133048593,0.19748676133048593,0.3045577410765212,0.41162872082255647,0.41162872082255647,0.5392932478701116,0.6669577749176667,0.6669577749176667,0.6669577749176667,0.761372552375805,0.8557873298339435,0.14421267016605646,0.14421267016605646,0.14421267016605646,0.23862744762419486,0.3330422250823332,0.3330422250823332,0.46070675212988843,0.5883712791774436,0.5883712791774436,0.5883712791774436,0.6954422589234788,0.802513238669514
2026-09-27,Monterrey,Tijuana,0.5069548071134821,0.2264871041726876,0.2665580887138304,0.28503140121737003,0.28503140121737003,0.28503140121737003,0.39599310416542605,0.5069548071134821,0.5069548071134821,0.6201983591998259,0.7334419112861696,0.7334419112861696,0.7334419112861696,0.8106488513860105,0.8878557914858514,0.11214420851414844,0.11214420851414844,0.11214420851414844,0.18935114861398944,0.2665580887138304,0.2665580887138304,0.3798016408001742,0.49304519288651805,0.49304519288651805,0.49304519288651805,0.604006895834574,0.71496859878263
2026-09-27,Monterrey,Toluca,0.34123833607464216,0.2374114598321036,0.4213502040932542,0.15857659522258993,0.15857659522258993,0.15857659522258993,0.24990746564861605,0.34123833607464216,0.34123833607464216,0.45994406599069393,0.5786497959067457,0.5786497959067457,0.5786497959067457,0.6815782064782967,0.7845066170498476,0.21549338295015236,0.21549338295015236,0.21549338295015236,0.3184217935217033,0.4213502040932542,0.4213502040932542,0.5400559340093061,0.6587616639253578,0.6587616639253578,0.6587616639253578,0.7500925343513839,0.84142340477741
2026-09-27,Monterrey,UNAM Pumas,0.4794649966125989,0.23593000318134608,0.2846050002060547,0.2579434504934767,0.2579434504934767,0.2579434504934767,0.3687042235530378,0.4794649966125989,0.4794649966125989,0.597429998203272,0.715394999793945,0.715394999793945,0.715394999793945,0.7975167869902574,0.8796385741865698,0.12036142581342982,0.12036142581342982,0.12036142581342982,0.20248321300974226,0.2846050002060547,0.2846050002060547,0.40257000179672775,0.5205350033874008,0.5205350033874008,0.5205350033874008,0.6312957764469619,0.742056549506523
2026-09-27,Necaxa,Atlante,0.4175419345792554,0.24358254217350445,0.3388755232472403,0.20879501860818978,0.20879501860818978,0.20879501860818978,0.3131684765937226,0.4175419345792554,0.4175419345792554,0.5393332056660076,0.6611244767527599,0.6611244767527599,0.6611244767527599,0.7536662138323063,0.8462079509118527,0.15379204908814736,0.15379204908814736,0.15379204908814736,0.24633378616769383,0.3388755232472403,0.3388755232472403,0.4606667943339925,0.5824580654207447,0.5824580654207447,0.5824580654207447,0.6868315234062776,0.7912049813918104
2026-09-27,Necaxa,Atlas,0.4661394156722101,0.23956520670300666,0.29429537762478314,0.24582422603111623,0.24582422603111623,0.24582422603111623,0.3559818208516632,0.4661394156722101,0.4661394156722101,0.5859220190237134,0.7057046223752168,0.7057046223752168,0.7057046223752168,0.7901940295640312,0.8746834367528455,0.12531656324715448,0.12531656324715448,0.12531656324715448,0.20980597043596882,0.29429537762478314,0.29429537762478314,0.41407798097628656,0.53386058432779,0.53386058432779,0.53386058432779,0.6440181791483368,0.7541757739688837
2026-09-27,Necaxa,Atletico San Luis,0.4533278888257999,0.23456508675181864,0.3121070244223816,0.24035673890535741,0.24035673890535741,0.24035673890535741,0.3468423138655786,0.4533278888257999,0.4533278888257999,0.5706104322017092,0.6878929755776185,0.6878929755776185,0.6878929755776185,0.7740916835752354,0.8602903915728524,0.13970960842714758,0.13970960842714758,0.13970960842714758,0.22590831642476458,0.3121070244223816,0.3121070244223816,0.4293895677982909,0.5466721111742002,0.5466721111742002,0.5466721111742002,0.6531576861344215,0.7596432610946426
2026-09-27,Necaxa,Club America,0.26386975337566676,0.24015865866825045,0.49597158795608287,0.10504064449785085,0.10504064449785085,0.10504064449785085,0.1844551989367588,0.26386975337566676,0.26386975337566676,0.383949082709792,0.5040284120439172,0.5040284120439172,0.5040284120439172,0.6188955897567592,0.7337627674696011,0.2662372325303989,0.2662372325303989,0.2662372325303989,0.3811044102432409,0.49597158795608287,0.49597158795608287,0.616050917290208,0.7361302466243331,0.7361302466243331,0.7361302466243331,0.8155448010632411,0.8949593555021491
2026-09-27,Necaxa,Cruz Azul,0.29277816986251454,0.23556835674728802,0.47165347339019753,0.1260237560910001,0.1260237560910001,0.1260237560910001,0.2094009629767573,0.29277816986251454,0.29277816986251454,0.41056234823615856,0.5283465266098025,0.5283465266098025,0.5283465266098025,0.6378308082061492,0.747315089802496,0.2526849101975041,0.2526849101975041,0.2526849101975041,0.3621691917938508,0.47165347339019753,0.47165347339019753,0.5894376517638416,0.7072218301374855,0.7072218301374855,0.7072218301374855,0.7905990370232427,0.873976243909
2026-09-27,Necaxa,FC Juarez,0.505885285677496,0.2268517311957404,0.2672629831267635,0.28396367583178705,0.28396367583178705,0.28396367583178705,0.39492448075464154,0.505885285677496,0.505885285677496,0.6193111512753662,0.7327370168732363,0.7327370168732363,0.7327370168732363,0.8101335210655506,0.8875300252578648,0.11246997474213517,0.11246997474213517,0.11246997474213517,0.18986647893444933,0.2672629831267635,0.2672629831267635,0.3806888487246337,0.4941147143225039,0.4941147143225039,0.4941147143225039,0.6050755192453584,0.716036324168213
2026-09-27,Necaxa,Guadalajara,0.30345052437599074,0.24448939916980628,0.45206007645420293,0.12931942592409038,0.12931942592409038,0.12931942592409038,0.21638497515004057,0.30345052437599074,0.30345052437599074,0.4256952239608939,0.547939923545797,0.547939923545797,0.547939923545797,0.6577489582828155,0.7675579930198342,0.2324420069801658,0.2324420069801658,0.2324420069801658,0.34225104171718435,0.45206007645420293,0.45206007645420293,0.574304776039106,0.696549475624009,0.696549475624009,0.696549475624009,0.7836150248499594,0.8706805740759096
2026-09-27,Necaxa,Leon,0.46210353342918414,0.24083920118164137,0.29705726538917454,0.24206006459014623,0.24206006459014623,0.24206006459014623,0.3520817990096652,0.46210353342918414,0.46210353342918414,0.5825231340200048,0.7029427346108255,0.7029427346108255,0.7029427346108255,0.7881611241557848,0.8733795137007441,0.1266204862992559,0.1266204862992559,0.1266204862992559,0.21183887584421524,0.29705726538917454,0.29705726538917454,0.41747686597999517,0.5378964665708158,0.5378964665708158,0.5378964665708158,0.6479182009903348,0.7579399354098537
2026-09-27,Necaxa,Mazatlan,0.5408008073325477,0.22435298569800144,0.23484620696945085,0.31071576019845837,0.31071576019845837,0.31071576019845837,0.425758283765503,0.5408008073325477,0.5408008073325477,0.6529773001815484,0.7651537930305491,0.7651537930305491,0.7651537930305491,0.8365685710051634,0.9079833489797777,0.09201665102022216,0.09201665102022216,0.09201665102022216,0.1634314289948365,0.23484620696945085,0.23484620696945085,0.3470226998184516,0.45919919266745235,0.45919919266745235,0.45919919266745235,0.574241716234497,0.6892842398015416
2026-09-27,Necaxa,Monterrey,0.36467777586181815,0.23387416746158277,0.40144805667659905,0.17709105643781411,0.17709105643781411,0.17709105643781411,0.2708844161498161,0.36467777586181815,0.36467777586181815,0.48161485959260963,0.5985519433234011,0.5985519433234011,0.5985519433234011,0.6975278532950431,0.7965037632666851,0.20349623673331516,0.20349623673331516,0.20349623673331516,0.3024721467049571,0.40144805667659905,0.40144805667659905,0.5183851404073905,0.635322224138182,0.635322224138182,0.635322224138182,0.7291155838501839,0.822908943562186
2026-09-27,Necaxa,Pachuca,0.34786675785115523,0.25639903705610484,0.39573420509273993,0.15360794255383223,0.15360794255383223,0.15360794255383223,0.2507373502024937,0.34786675785115523,0.34786675785115523,0.4760662763792076,0.60426579490726,0.60426579490726,0.60426579490726,0.7091288548056627,0.8139919147040653,0.18600808529593454,0.18600808529593454,0.18600808529593454,0.2908711451943372,0.39573420509273993,0.39573420509273993,0.5239337236207924,0.6521332421488447,0.6521332421488447,0.6521332421488447,0.7492626497975062,0.8463920574461677
2026-09-27,Necaxa,Puebla,0.5370171581113865,0.23687231700654637,0.2261105248820672,0.29705160624076304,0.29705160624076304,0.29705160624076304,0.4170343821760748,0.5370171581113865,0.5370171581113865,0.6554533166146597,0.7738894751179328,0.7738894751179328,0.7738894751179328,0.8457401726954479,0.917590870272963,0.08240912972703703,0.08240912972703703,0.08240912972703703,0.15425982730455212,0.2261105248820672,0.2261105248820672,0.3445466833853404,0.4629828418886136,0.4629828418886136,0.4629828418886136,0.5829656178239253,0.7029483937592371
2026-09-27,Necaxa,Queretaro,0.4379157273552635,0.25535859750020196,0.3067256751445345,0.21546390488411465,0.21546390488411465,0.21546390488411465,0.32668981611968906,0.4379157273552635,0.4379157273552635,0.5655950261053646,0.6932743248554656,0.6932743248554656,0.6932743248554656,0.7832025209888898,0.8731307171223138,0.1268692828776861,0.1268692828776861,0.1268692828776861,0.2167974790111103,0.3067256751445345,0.3067256751445345,0.43440497389463556,0.5620842726447366,0.5620842726447366,0.5620842726447366,0.6733101838803109,0.7845360951158853
2026-09-27,Necaxa,Santos Laguna,0.5408988285166533,0.22204531369888308,0.23705585778446367,0.31289601749490137,0.31289601749490137,0.31289601749490137,0.4268974230057773,0.5408988285166533,0.5408988285166533,0.6519214853660948,0.7629441422155363,0.7629441422155363,0.7629441422155363,0.8343358548190991,0.9057275674226619,0.09427243257733804,0.09427243257733804,0.09427243257733804,0.16566414518090086,0.23705585778446367,0.23705585778446367,0.3480785146339052,0.4591011714833467,0.4591011714833467,0.4591011714833467,0.5731025769942226,0.6871039825050986
2026-09-27,Necaxa,Tigres UANL,0.3160074302757562,0.2545101134938189,0.429482456230425,0.1333034465607824,0.1333034465607824,0.1333034465607824,0.2246554384182693,0.3160074302757562,0.3160074302757562,0.4432624870226656,0.570517543769575,0.570517543769575,0.570517543769575,0.6801481239560032,0.7897787041424313,0.21022129585756866,0.21022129585756866,0.21022129585756866,0.31985187604399684,0.429482456230425,0.429482456230425,0.5567375129773344,0.6839925697242438,0.6839925697242438,0.6839925697242438,0.7753445615817307,0.8666965534392175
2026-09-27,Necaxa,Tijuana,0.3989010515584587,0.23872734004788695,0.3623716083936545,0.19863237989681787,0.19863237989681787,0.19863237989681787,0.29876671572763824,0.3989010515584587,0.3989010515584587,0.5182647215824021,0.6376283916063457,0.6376283916063457,0.6376283916063457,0.7324509662122292,0.8272735408181127,0.17272645918188745,0.17272645918188745,0.17272645918188745,0.26754903378777095,0.3623716083936545,0.3623716083936545,0.481735278417598,0.6010989484415414,0.6010989484415414,0.6010989484415414,0.7012332842723618,0.8013676201031821
2026-09-27,Necaxa,Toluca,0.24804336882838507,0.22301725066450945,0.5289393805071053,0.10113939546972106,0.10113939546972106,0.10113939546972106,0.17459138214905306,0.24804336882838507,0.24804336882838507,0.3595519941606398,0.4710606194928946,0.4710606194928946,0.4710606194928946,0.5837198318566171,0.6963790442203397,0.30362095577966025,0.30362095577966025,0.30362095577966025,0.41628016814338276,0.5289393805071053,0.5289393805071053,0.64044800583936,0.7519566311716148,0.7519566311716148,0.7519566311716148,0.8254086178509469,0.8988606045302789
2026-09-27,Necaxa,UNAM Pumas,0.37475285488475685,0.2445802426630528,0.38066690245218987,0.1781577486689655,0.1781577486689655,0.1781577486689655,0.2764553017768612,0.37475285488475685,0.37475285488475685,0.4970429762162833,0.6193330975478097,0.6193330975478097,0.6193330975478097,0.7185214360079715,0.8177097744681333,0.18229022553186636,0.18229022553186636,0.18229022553186636,0.2814785639920281,0.38066690245218987,0.38066690245218987,0.5029570237837163,0.6252471451152427,0.6252471451152427,0.6252471451152427,0.7235446982231385,0.8218422513310343
2026-09-27,Pachuca,Atlante,0.5073062846584778,0.25151151168545477,0.2411822036560673,0.2652514267920685,0.2652514267920685,0.2652514267920685,0.38627885572527315,0.5073062846584778,0.5073062846584778,0.6330620405012052,0.7588177963439325,0.7588177963439325,0.7588177963439325,0.8358853392282684,0.9129528821126043,0.08704711788739554,0.08704711788739554,0.08704711788739554,0.16411466077173142,0.2411822036560673,0.2411822036560673,0.3669379594987947,0.4926937153415221,0.4926937153415221,0.4926937153415221,0.6137211442747268,0.7347485732079314
2026-09-27,Pachuca,Atlas,0.5526533588649922,0.24074162790653494,0.20660501322847272,0.30414376023635287,0.30414376023635287,0.30414376023635287,0.4283985595506725,0.5526533588649922,0.5526533588649922,0.6730241728182598,0.7933949867715273,0.7933949867715273,0.7933949867715273,0.8618398910710432,0.9302847953705591,0.06971520462944071,0.06971520462944071,0.06971520462944071,0.13816010892895672,0.20660501322847272,0.20660501322847272,0.3269758271817402,0.4473466411350076,0.4473466411350076,0.4473466411350076,0.5716014404493273,0.695856239763647
2026-09-27,Pachuca,Atletico San Luis,0.5441269633856233,0.23694207559607186,0.2189309610183049,0.30177737029802476,0.30177737029802476,0.30177737029802476,0.422952166841824,0.5441269633856233,0.5441269633856233,0.6625980011836592,0.7810690389816951,0.7810690389816951,0.7810690389816951,0.8515160231598091,0.9219630073379232,0.0780369926620768,0.0780369926620768,0.0780369926620768,0.14848397684019085,0.2189309610183049,0.2189309610183049,0.3374019988163408,0.45587303661437667,0.45587303661437667,0.45587303661437667,0.577047833158176,0.6982226297019752
2026-09-27,Pachuca,Club America,0.350822923352099,0.2761661135102177,0.3730109631376835,0.14645301233997993,0.14645301233997993,0.14645301233997993,0.24863796784603948,0.350822923352099,0.350822923352099,0.48890598010720787,0.6269890368623167,0.6269890368623167,0.6269890368623167,0.733139755215966,0.8392904735696152,0.1607095264303851,0.1607095264303851,0.1607095264303851,0.2668602447840343,0.3730109631376835,0.3730109631376835,0.5110940198927922,0.649177076647901,0.649177076647901,0.649177076647901,0.7513620321539607,0.8535469876600202
2026-09-27,Pachuca,Cruz Azul,0.3852270208700065,0.26505287991530685,0.34972009921468655,0.17424207709357922,0.17424207709357922,0.17424207709357922,0.27973454898179284,0.3852270208700065,0.3852270208700065,0.5177534608276599,0.6502799007853134,0.6502799007853134,0.6502799007853134,0.7497668308776444,0.8492537609699755,0.1507462390300245,0.1507462390300245,0.1507462390300245,0.2502331691223555,0.34972009921468655,0.34972009921468655,0.48224653917234006,0.6147729791299935,0.6147729791299935,0.6147729791299935,0.7202654510182072,0.8257579229064207
2026-09-27,Pachuca,FC Juarez,0.5927283198441403,0.22266357311154045,0.18460810704431918,0.34733218231691343,0.34733218231691343,0.34733218231691343,0.4700302510805269,0.5927283198441403,0.5927283198441403,0.7040601063999106,0.8153918929556808,0.8153918929556808,0.8153918929556808,0.8768571361202314,0.938322379284782,0.061677620715217776,0.061677620715217776,0.061677620715217776,0.12314286387976847,0.18460810704431918,0.18460810704431918,0.2959398936000894,0.4072716801558596,0.4072716801558596,0.4072716801558596,0.529969748919473,0.6526678176830863
2026-09-27,Pachuca,Guadalajara,0.39291776550204915,0.2724043638313771,0.3346778706665736,0.1755234341600525,0.1755234341600525,0.1755234341600525,0.28422059983105086,0.39291776550204915,0.39291776550204915,0.5291199474177377,0.6653221293334263,0.6653221293334263,0.6653221293334263,0.7637799186177037,0.8622377079019812,0.13776229209801882,0.13776229209801882,0.13776229209801882,0.23622008138229622,0.3346778706665736,0.3346778706665736,0.4708800525822622,0.6070822344979507,0.6070822344979507,0.6070822344979507,0.715779400168949,0.8244765658399473
2026-09-27,Pachuca,Leon,0.5485151682748102,0.24260004584791658,0.2088847858772732,0.29982108110437267,0.29982108110437267,0.29982108110437267,0.4241681246895914,0.5485151682748102,0.5485151682748102,0.6698151911987684,0.7911152141227268,0.7911152141227268,0.7911152141227268,0.8602872296266526,0.9294592451305783,0.07054075486942162,0.07054075486942162,0.07054075486942162,0.1397127703733474,0.2088847858772732,0.2088847858772732,0.33018480880123147,0.4514848317251898,0.4514848317251898,0.4514848317251898,0.5758318753104086,0.7001789188956273
2026-09-27,Pachuca,Mazatlan,0.6217810864555168,0.216884762980649,0.16133415056383416,0.37191164064588794,0.37191164064588794,0.37191164064588794,0.49684636355070233,0.6217810864555168,0.6217810864555168,0.7302234679458413,0.8386658494361656,0.8386658494361656,0.8386658494361656,0.8943655651785187,0.9500652809208718,0.04993471907912814,0.04993471907912814,0.04993471907912814,0.10563443482148115,0.16133415056383416,0.16133415056383416,0.26977653205415864,0.3782189135444831,0.3782189135444831,0.3782189135444831,0.5031536364492976,0.628088359354112
2026-09-27,Pachuca,Monterrey,0.46149484361433474,0.24956655192240287,0.2889386044632624,0.2354884719161331,0.2354884719161331,0.2354884719161331,0.34849165776523394,0.46149484361433474,0.46149484361433474,0.5862781195755362,0.7110613955367378,0.7110613955367378,0.7110613955367378,0.796703677063158,0.8823459585895783,0.11765404141042199,0.11765404141042199,0.11765404141042199,0.2032963229368422,0.2889386044632624,0.2889386044632624,0.413721880424464,0.5385051563856655,0.5385051563856655,0.5385051563856655,0.6515083422347663,0.764511528083867
2026-09-27,Pachuca,Necaxa,0.5632338354770678,0.2284365751649132,0.2083295893580189,0.3222489214331105,0.3222489214331105,0.3222489214331105,0.4427413784550892,0.5632338354770678,0.5632338354770678,0.6774521230595245,0.7916704106419811,0.7916704106419811,0.7916704106419811,0.8587687709227623,0.9258671312035436,0.07413286879645649,0.07413286879645649,0.07413286879645649,0.1412312290772377,0.2083295893580189,0.2083295893580189,0.3225478769404756,0.43676616452293227,0.43676616452293227,0.43676616452293227,0.5572586215449109,0.6777510785668895
2026-09-27,Pachuca,Puebla,0.6121496064904716,0.23084529860636768,0.1570050949031606,0.35138867933215584,0.35138867933215584,0.35138867933215584,0.4817691429113137,0.6121496064904716,0.6121496064904716,0.7275722557936555,0.8429949050968393,0.8429949050968393,0.8429949050968393,0.8990693179144977,0.9551437307321563,0.044856269267843626,0.044856269267843626,0.044856269267843626,0.10093068208550213,0.1570050949031606,0.1570050949031606,0.27242774420634447,0.3878503935095283,0.3878503935095283,0.3878503935095283,0.5182308570886862,0.6486113206678441
2026-09-27,Pachuca,Queretaro,0.5201630041388016,0.2612608641097286,0.21857613175146995,0.26643953055354186,0.26643953055354186,0.26643953055354186,0.3933012673461717,0.5201630041388016,0.5201630041388016,0.6507934361936658,0.7814238682485302,0.7814238682485302,0.7814238682485302,0.8550887833549061,0.928753698461282,0.07124630153871808,0.07124630153871808,0.07124630153871808,0.14491121664509402,0.21857613175146995,0.21857613175146995,0.34920656380633425,0.47983699586119855,0.47983699586119855,0.47983699586119855,0.6066987326538283,0.7335604694464581
2026-09-27,Pachuca,Santos Laguna,0.6231502627555312,0.21435338806658283,0.16249634917788597,0.3755330979023511,0.3755330979023511,0.3755330979023511,0.49934168032894116,0.6231502627555312,0.6231502627555312,0.7303269567888226,0.8375036508221141,0.8375036508221141,0.8375036508221141,0.8931874009538521,0.94887115108559,0.05112884891440998,0.05112884891440998,0.05112884891440998,0.10681259904614798,0.16249634917788597,0.16249634917788597,0.26967304321117735,0.37684973724446874,0.37684973724446874,0.37684973724446874,0.5006583196710587,0.6244669020976485
2026-09-27,Pachuca,Tigres UANL,0.4020535685086601,0.28057235134505926,0.31737408014628077,0.1773029127040213,0.1773029127040213,0.1773029127040213,0.2896782406063407,0.4020535685086601,0.4020535685086601,0.5423397441811896,0.6826259198537191,0.6826259198537191,0.6826259198537191,0.7794815327359804,0.8763371456182417,0.12366285438175824,0.12366285438175824,0.12366285438175824,0.2205184672640195,0.31737408014628077,0.31737408014628077,0.45766025581881037,0.59794643149134,0.59794643149134,0.59794643149134,0.7103217593936593,0.8226970872959786
2026-09-27,Pachuca,Tijuana,0.49231010187150936,0.24912782051216475,0.2585620776163261,0.2569127428785055,0.2569127428785055,0.2569127428785055,0.37461142237500744,0.49231010187150936,0.49231010187150936,0.6168740121275917,0.741437922383674,0.741437922383674,0.741437922383674,0.8214840712397089,0.9015302200957438,0.09846977990425636,0.09846977990425636,0.09846977990425636,0.17851592876029124,0.2585620776163261,0.2585620776163261,0.3831259878724084,0.5076898981284907,0.5076898981284907,0.5076898981284907,0.6253885776249928,0.7430872571214947
2026-09-27,Pachuca,Toluca,0.3397312245048588,0.26127524850672035,0.3989935269884207,0.14591738298696086,0.14591738298696086,0.14591738298696086,0.24282430374590985,0.3397312245048588,0.3397312245048588,0.470368848758219,0.6010064730115792,0.6010064730115792,0.6010064730115792,0.7077540652903916,0.8145016575692041,0.18549834243079583,0.18549834243079583,0.18549834243079583,0.29224593470960825,0.3989935269884207,0.3989935269884207,0.5296311512417808,0.6602687754951411,0.6602687754951411,0.6602687754951411,0.7571756962540901,0.854082617013039
2026-09-27,Pachuca,UNAM Pumas,0.4661770675018121,0.259290647986358,0.27453228451183,0.23208495183224667,0.23208495183224667,0.23208495183224667,0.34913100966702937,0.4661770675018121,0.4661770675018121,0.5958223914949912,0.7254677154881702,0.7254677154881702,0.7254677154881702,0.8102909500746964,0.8951141846612225,0.10488581533877762,0.10488581533877762,0.10488581533877762,0.1897090499253038,0.27453228451183,0.27453228451183,0.404177608505009,0.533822932498188,0.533822932498188,0.533822932498188,0.6508689903329706,0.7679150481677532
2026-09-27,Puebla,Atlante,0.3246059462937119,0.2687713530792736,0.40662270062701433,0.13284920544218243,0.13284920544218243,0.13284920544218243,0.22872757586794717,0.3246059462937119,0.3246059462937119,0.4589916228333487,0.5933772993729856,0.5933772993729856,0.5933772993729856,0.7034470676499245,0.8135168359268634,0.18648316407313636,0.18648316407313636,0.18648316407313636,0.29655293235007535,0.40662270062701433,0.40662270062701433,0.5410083771666512,0.675394053706288,0.675394053706288,0.675394053706288,0.7712724241320528,0.8671507945578175
2026-09-27,Puebla,Atlas,0.366326851400275,0.27145796789712495,0.3622151807025999,0.15860249078039873,0.15860249078039873,0.15860249078039873,0.2624646710903369,0.366326851400275,0.366326851400275,0.5020558353488375,0.6377848192973999,0.6377848192973999,0.6377848192973999,0.7409290845002803,0.8440733497031607,0.1559266502968391,0.1559266502968391,0.1559266502968391,0.2590709154997195,0.3622151807025999,0.3622151807025999,0.4979441646511624,0.6336731485997249,0.6336731485997249,0.6336731485997249,0.737535328909663,0.8413975092196011
2026-09-27,Puebla,Atletico San Luis,0.3541034595481264,0.2631076224288179,0.38278891802305576,0.15454609005122374,0.15454609005122374,0.15454609005122374,0.2543247747996751,0.3541034595481264,0.3541034595481264,0.4856572707625353,0.6172110819769442,0.6172110819769442,0.6172110819769442,0.721790828350888,0.826370574724832,0.1736294252751679,0.1736294252751679,0.1736294252751679,0.27820917164911185,0.38278891802305576,0.38278891802305576,0.5143427292374646,0.6458965404518735,0.6458965404518735,0.6458965404518735,0.7456752252003249,0.8454539099487763
2026-09-27,Puebla,Club America,0.2000368558974977,0.2475016340737824,0.55246151002872,0.06430031793981682,0.06430031793981682,0.06430031793981682,0.13216858691865727,0.2000368558974977,0.2000368558974977,0.3237876729343889,0.4475384899712801,0.4475384899712801,0.4475384899712801,0.5746434365664869,0.7017483831616936,0.2982516168383063,0.2982516168383063,0.2982516168383063,0.42535656343351314,0.55246151002872,0.55246151002872,0.6762123270656111,0.7999631441025022,0.7999631441025022,0.7999631441025022,0.8678314130813427,0.9356996820601832
2026-09-27,Puebla,Cruz Azul,0.22184398220737223,0.2443613580129385,0.5337946597796895,0.07762748289865111,0.07762748289865111,0.07762748289865111,0.14973573255301167,0.22184398220737223,0.22184398220737223,0.34402466121384156,0.46620534022031085,0.46620534022031085,0.46620534022031085,0.5888049866017977,0.7114046329832846,0.2885953670167156,0.2885953670167156,0.2885953670167156,0.4111950133982026,0.5337946597796895,0.5337946597796895,0.6559753387861588,0.778156017792628,0.778156017792628,0.778156017792628,0.8502642674469886,0.9223725171013492
2026-09-27,Puebla,FC Juarez,0.39992903150578857,0.2623104453351462,0.33776052315906535,0.18555605976231443,0.18555605976231443,0.18555605976231443,0.2927425456340515,0.39992903150578857,0.39992903150578857,0.5310842541733616,0.6622394768409346,0.6622394768409346,0.6622394768409346,0.7590431000290931,0.8558467232172515,0.14415327678274853,0.14415327678274853,0.14415327678274853,0.24095689997090694,0.33776052315906535,0.33776052315906535,0.4689157458266384,0.6000709684942115,0.6000709684942115,0.6000709684942115,0.7072574543659486,0.8144439402376856
2026-09-27,Puebla,Guadalajara,0.23127330462428092,0.25593422966951,0.512792465706209,0.07988644177654809,0.07988644177654809,0.07988644177654809,0.1555798732004145,0.23127330462428092,0.23127330462428092,0.3592404194590359,0.4872075342937909,0.4872075342937909,0.4872075342937909,0.6108164385897313,0.7344253428856717,0.26557465711432815,0.26557465711432815,0.26557465711432815,0.38918356141026855,0.512792465706209,0.512792465706209,0.6407595805409638,0.7687266953757188,0.7687266953757188,0.7687266953757188,0.8444201267995852,0.9201135582234518
2026-09-27,Puebla,Leon,0.36295688428827044,0.2723792457737179,0.36466386993801164,0.15597823613512002,0.15597823613512002,0.15597823613512002,0.25946756021169526,0.36295688428827044,0.36295688428827044,0.4991465071751294,0.6353361300619883,0.6353361300619883,0.6353361300619883,0.7391248651766485,0.8429136002913088,0.1570863997086911,0.1570863997086911,0.1570863997086911,0.26087513482335134,0.36466386993801164,0.36466386993801164,0.5008534928248706,0.6370431157117294,0.6370431157117294,0.6370431157117294,0.7405324397883046,0.8440217638648799
2026-09-27,Puebla,Mazatlan,0.4321138640963871,0.26561583705130914,0.3022702988523041,0.20525129363566655,0.20525129363566655,0.20525129363566655,0.3186825788660268,0.4321138640963871,0.4321138640963871,0.5649217826220416,0.6977297011476963,0.6977297011476963,0.6977297011476963,0.788901888972684,0.8800740767976716,0.11992592320232856,0.11992592320232856,0.11992592320232856,0.21109811102731635,0.3022702988523041,0.3022702988523041,0.4350782173779586,0.567886135903613,0.567886135903613,0.567886135903613,0.6813174211339734,0.7947487063643337
2026-09-27,Puebla,Monterrey,0.2788326245667073,0.24980668780576096,0.4713606876275317,0.11104463953573823,0.11104463953573823,0.11104463953573823,0.19493863205122278,0.2788326245667073,0.2788326245667073,0.4037359684695878,0.5286393123724683,0.5286393123724683,0.5286393123724683,0.6432666239236047,0.757893935474741,0.242106064525259,0.242106064525259,0.242106064525259,0.3567333760763953,0.4713606876275317,0.4713606876275317,0.5962640315304122,0.7211673754332926,0.7211673754332926,0.7211673754332926,0.8050613679487773,0.8889553604642619
2026-09-27,Puebla,Necaxa,0.36934292073193886,0.2588681887570304,0.37178889051103087,0.16680168982231447,0.16680168982231447,0.16680168982231447,0.26807230527712667,0.36934292073193886,0.36934292073193886,0.4987770151104541,0.6282111094889693,0.6282111094889693,0.6282111094889693,0.7298816655725238,0.8315522216560783,0.16844777834392172,0.16844777834392172,0.16844777834392172,0.2701183344274763,0.37178889051103087,0.37178889051103087,0.501222984889546,0.6306570792680611,0.6306570792680611,0.6306570792680611,0.7319276947228733,0.8331983101776855
2026-09-27,Puebla,Pachuca,0.26821669065109044,0.27500758956421506,0.4567757197846946,0.09590828691661206,0.09590828691661206,0.09590828691661206,0.18206248878385126,0.26821669065109044,0.26821669065109044,0.405720485433198,0.5432242802153056,0.5432242802153056,0.5432242802153056,0.6636579950835731,0.7840917099518407,0.21590829004815937,0.21590829004815937,0.21590829004815937,0.33634200491642696,0.4567757197846946,0.4567757197846946,0.5942795145668021,0.7317833093489094,0.7317833093489094,0.7317833093489094,0.8179375112161487,0.9040917130833879
2026-09-27,Puebla,Queretaro,0.3438644686953011,0.28651897434139917,0.3696165569632997,0.13772094236828628,0.13772094236828628,0.13772094236828628,0.24079270553179366,0.3438644686953011,0.3438644686953011,0.4871239558660006,0.6303834430367001,0.6303834430367001,0.6303834430367001,0.7382854314456093,0.8461874198545185,0.15381258014548138,0.15381258014548138,0.15381258014548138,0.26171456855439057,0.3696165569632997,0.3696165569632997,0.5128760441339992,0.6561355313046988,0.6561355313046988,0.6561355313046988,0.7592072944682062,0.8622790576317136
2026-09-27,Puebla,Santos Laguna,0.43172979123774546,0.2626590747590504,0.3056111340032041,0.20676026948835965,0.20676026948835965,0.20676026948835965,0.3192450303630526,0.43172979123774546,0.43172979123774546,0.5630593286172706,0.6943888659967957,0.6943888659967957,0.6943888659967957,0.7855964847040732,0.8768041034113506,0.12319589658864925,0.12319589658864925,0.12319589658864925,0.2144035152959267,0.3056111340032041,0.3056111340032041,0.4369406713827293,0.5682702087622545,0.5682702087622545,0.5682702087622545,0.6807549696369474,0.7932397305116402
2026-09-27,Puebla,Tigres UANL,0.2423251164049112,0.2691421141056646,0.48853276948942415,0.08258870308429916,0.08258870308429916,0.08258870308429916,0.1624569097446052,0.2423251164049112,0.2423251164049112,0.3768961734577434,0.5114672305105756,0.5114672305105756,0.5114672305105756,0.6355717099889602,0.7596761894673446,0.24032381053265514,0.24032381053265514,0.24032381053265514,0.36442829001103966,0.48853276948942415,0.48853276948942415,0.6231038265422564,0.7576748835950886,0.7576748835950886,0.7576748835950886,0.8375430902553946,0.9174112969157007
2026-09-27,Puebla,Tijuana,0.3080131221458175,0.26014078020122255,0.43184609765295995,0.1257430703080615,0.1257430703080615,0.1257430703080615,0.2168780962269395,0.3080131221458175,0.3080131221458175,0.4380835122464287,0.56815390234704,0.56815390234704,0.56815390234704,0.6798952425777107,0.7916365828083815,0.2083634171916186,0.2083634171916186,0.2083634171916186,0.3201047574222893,0.43184609765295995,0.43184609765295995,0.5619164877535713,0.6919868778541826,0.6919868778541826,0.6919868778541826,0.7831219037730606,0.8742569296919385
2026-09-27,Puebla,Toluca,0.18612026313798846,0.22632972142755178,0.5875500154344597,0.061626193928336966,0.061626193928336966,0.061626193928336966,0.12387322853316271,0.18612026313798846,0.18612026313798846,0.29928512385176437,0.4124499845655403,0.4124499845655403,0.4124499845655403,0.536067970587021,0.6596859566085018,0.3403140433914982,0.3403140433914982,0.3403140433914982,0.46393202941297895,0.5875500154344597,0.5875500154344597,0.7007148761482356,0.8138797368620115,0.8138797368620115,0.8138797368620115,0.8761267714668373,0.9383738060716631
2026-09-27,Puebla,UNAM Pumas,0.2887772930321983,0.2640549016582114,0.4471678053095902,0.11204664934782306,0.11204664934782306,0.11204664934782306,0.20041197119001067,0.2887772930321983,0.2887772930321983,0.42080474386130395,0.5528321946904097,0.5528321946904097,0.5528321946904097,0.6682837013233403,0.7837352079562708,0.21626479204372898,0.21626479204372898,0.21626479204372898,0.3317162986766596,0.4471678053095902,0.4471678053095902,0.5791952561386959,0.7112227069678015,0.7112227069678015,0.7112227069678015,0.7995880288099892,0.8879533506521768
2026-09-27,Queretaro,Atlante,0.41379346986442367,0.26857620712853003,0.31763032300704624,0.19134751192183447,0.19134751192183447,0.19134751192183447,0.30257049089312904,0.41379346986442367,0.41379346986442367,0.5480815734286888,0.6823696769929538,0.6823696769929538,0.6823696769929538,0.7769420104526052,0.8715143439122568,0.12848565608774318,0.12848565608774318,0.12848565608774318,0.2230579895473947,0.31763032300704624,0.31763032300704624,0.4519184265713112,0.5862065301355762,0.5862065301355762,0.5862065301355762,0.6974295091068707,0.8086524880781654
2026-09-27,Queretaro,Atlas,0.45819994285339494,0.26405000651417077,0.27775005063243435,0.22363851040781163,0.22363851040781163,0.22363851040781163,0.34091922663060326,0.45819994285339494,0.45819994285339494,0.5902249461104803,0.7222499493675656,0.7222499493675656,0.7222499493675656,0.8085153084418545,0.8947806675161434,0.10521933248385681,0.10521933248385681,0.10521933248385681,0.19148469155814557,0.27775005063243435,0.27775005063243435,0.40977505388951974,0.5418000571466052,0.5418000571466052,0.5418000571466052,0.6590807733693969,0.7763614895921885
2026-09-27,Queretaro,Atletico San Luis,0.4476412851458392,0.2582410472607263,0.29411766759343444,0.22025032110269513,0.22025032110269513,0.22025032110269513,0.33394580312426714,0.4476412851458392,0.4476412851458392,0.5767618087762023,0.7058823324065655,0.7058823324065655,0.7058823324065655,0.7941446222359603,0.882406912065355,0.11759308793464482,0.11759308793464482,0.11759308793464482,0.20585537776403962,0.29411766759343444,0.29411766759343444,0.4232381912237976,0.5523587148541607,0.5523587148541607,0.5523587148541607,0.6660541968757328,0.7797496788973048
2026-09-27,Queretaro,Club America,0.2711738114655833,0.27014169693941337,0.45868449159500335,0.09919615884575533,0.09919615884575533,0.09919615884575533,0.1851849851556693,0.2711738114655833,0.2711738114655833,0.4062446599352899,0.5413155084049965,0.5413155084049965,0.5413155084049965,0.6605933783866411,0.7798712483682856,0.22012875163171433,0.22012875163171433,0.22012875163171433,0.3394066216133588,0.45868449159500335,0.45868449159500335,0.5937553400647102,0.7288261885344169,0.7288261885344169,0.7288261885344169,0.8148150148443307,0.9008038411542445
2026-09-27,Queretaro,Cruz Azul,0.29940888915399244,0.2633119143620076,0.4372791964839999,0.11900225677628376,0.11900225677628376,0.11900225677628376,0.2092055729651381,0.29940888915399244,0.29940888915399244,0.4310648463349963,0.5627208035160002,0.5627208035160002,0.5627208035160002,0.6763131161971541,0.7899054288783081,0.2100945711216918,0.2100945711216918,0.2100945711216918,0.3236868838028458,0.4372791964839999,0.4372791964839999,0.5689351536650037,0.7005911108460074,0.7005911108460074,0.7005911108460074,0.7907944270348618,0.8809977432237162
2026-09-27,Queretaro,FC Juarez,0.4959163420839863,0.25003358285553545,0.2540500750604784,0.2586879282290197,0.2586879282290197,0.2586879282290197,0.377302135156503,0.4959163420839863,0.4959163420839863,0.620933133511754,0.7459499249395218,0.7459499249395218,0.7459499249395218,0.8252932621249258,0.9046365993103298,0.0953634006896703,0.0953634006896703,0.0953634006896703,0.17470673787507435,0.2540500750604784,0.2540500750604784,0.37906686648824617,0.504083657916014,0.504083657916014,0.504083657916014,0.6226978648434971,0.7413120717709802
2026-09-27,Queretaro,Guadalajara,0.3082378458601574,0.27276445860362275,0.41899769553621974,0.12094556382982037,0.12094556382982037,0.12094556382982037,0.21459170484498888,0.3082378458601574,0.3082378458601574,0.4446200751619689,0.5810023044637803,0.5810023044637803,0.5810023044637803,0.6942693630378619,0.8075364216119435,0.19246357838805642,0.19246357838805642,0.19246357838805642,0.3057306369621381,0.41899769553621974,0.41899769553621974,0.5553799248380311,0.6917621541398424,0.6917621541398424,0.6917621541398424,0.785408295155011,0.8790544361701795
2026-09-27,Queretaro,Leon,0.4543638557923869,0.26547312788931104,0.2801630163183019,0.22018130298166155,0.22018130298166155,0.22018130298166155,0.33727257938702426,0.4543638557923869,0.4543638557923869,0.5871004197370425,0.7198369836816981,0.7198369836816981,0.7198369836816981,0.8068133746219657,0.8937897655622333,0.10621023443776682,0.10621023443776682,0.10621023443776682,0.19318662537803438,0.2801630163183019,0.2801630163183019,0.4128995802629575,0.5456361442076131,0.5456361442076131,0.5456361442076131,0.6627274206129758,0.7798186970183385
2026-09-27,Queretaro,Mazatlan,0.5271402641592214,0.2481399002039998,0.22471983563677866,0.2811049828329902,0.2811049828329902,0.2811049828329902,0.40412262349610584,0.5271402641592214,0.5271402641592214,0.6512102142612213,0.7752801643632211,0.7752801643632211,0.7752801643632211,0.8485152326649799,0.9217503009667387,0.07824969903326122,0.07824969903326122,0.07824969903326122,0.15148476733501995,0.22471983563677866,0.22471983563677866,0.3487897857387786,0.47285973584077856,0.47285973584077856,0.47285973584077856,0.5958773765038942,0.7188950171670098
2026-09-27,Queretaro,Monterrey,0.3670213231795069,0.2585478689941203,0.3744308078263729,0.16540353470404515,0.16540353470404515,0.16540353470404515,0.26621242894177605,0.3670213231795069,0.3670213231795069,0.4962952576765671,0.6255691921736273,0.6255691921736273,0.6255691921736273,0.7275875359137889,0.8296058796539504,0.17039412034604987,0.17039412034604987,0.17039412034604987,0.2724124640862114,0.3744308078263729,0.3744308078263729,0.503704742323433,0.6329786768204931,0.6329786768204931,0.6329786768204931,0.7337875710582241,0.8345964652959551
2026-09-27,Queretaro,Necaxa,0.46522157315424467,0.25173017458474983,0.28304825226100566,0.23655706900583523,0.23655706900583523,0.23655706900583523,0.35088932108003995,0.46522157315424467,0.46522157315424467,0.5910866604466196,0.7169517477389945,0.7169517477389945,0.7169517477389945,0.8019681419824005,0.8869845362258066,0.11301546377419344,0.11301546377419344,0.11301546377419344,0.19803185801759954,0.28304825226100566,0.28304825226100566,0.4089133395533806,0.5347784268457555,0.5347784268457555,0.5347784268457555,0.6491106789199601,0.7634429309941648
2026-09-27,Queretaro,Pachuca,0.3479724035285656,0.2843637126387163,0.3676638838327184,0.14115904436393797,0.14115904436393797,0.14115904436393797,0.2445657239462518,0.3479724035285656,0.3479724035285656,0.49015425984792377,0.6323361161672819,0.6323361161672819,0.6323361161672819,0.7393998501875894,0.8464635842078967,0.15353641579210345,0.15353641579210345,0.15353641579210345,0.2606001498124109,0.3676638838327184,0.3676638838327184,0.5098457401520766,0.6520275964714347,0.6520275964714347,0.6520275964714347,0.7554342760537485,0.8588409556360621
2026-09-27,Queretaro,Puebla,0.5212888109129412,0.26268463073651077,0.2160265583505479,0.2661192872420775,0.2661192872420775,0.2661192872420775,0.39370404907750933,0.5212888109129412,0.5212888109129412,0.6526311262811966,0.783973441649452,0.783973441649452,0.783973441649452,0.8572445730218861,0.9305157043943202,0.06948429560567955,0.06948429560567955,0.06948429560567955,0.14275542697811372,0.2160265583505479,0.2160265583505479,0.34736887371880326,0.4787111890870586,0.4787111890870586,0.4787111890870586,0.6062959509224906,0.7338807127579224
2026-09-27,Queretaro,Santos Laguna,0.52769921663078,0.2454396921712582,0.22686109119796183,0.28364906105936855,0.28364906105936855,0.28364906105936855,0.4056741388450743,0.52769921663078,0.52769921663078,0.650419062716409,0.7731389088020381,0.7731389088020381,0.7731389088020381,0.8464228292570103,0.9197067497119825,0.08029325028801738,0.08029325028801738,0.08029325028801738,0.1535771707429896,0.22686109119796183,0.22686109119796183,0.34958093728359096,0.4723007833692201,0.4723007833692201,0.4723007833692201,0.5943258611549258,0.7163509389406315
2026-09-27,Queretaro,Tigres UANL,0.31860544142043934,0.2834162202425643,0.3979783383369964,0.12335693551669331,0.12335693551669331,0.12335693551669331,0.22098118846856632,0.31860544142043934,0.31860544142043934,0.4603135515417215,0.6020216616630036,0.6020216616630036,0.6020216616630036,0.7143769249344976,0.8267321882059915,0.17326781179400852,0.17326781179400852,0.17326781179400852,0.28562307506550244,0.3979783383369964,0.3979783383369964,0.5396864484582786,0.6813945585795609,0.6813945585795609,0.6813945585795609,0.7790188115314338,0.8766430644833068
2026-09-27,Queretaro,Tijuana,0.3976632406807132,0.2632877428079801,0.33904901651130664,0.1834976093815135,0.1834976093815135,0.1834976093815135,0.29058042503111337,0.3976632406807132,0.3976632406807132,0.5293071120847032,0.6609509834886932,0.6609509834886932,0.6609509834886932,0.7581967066826728,0.8554424298766524,0.14455757012334758,0.14455757012334758,0.14455757012334758,0.2418032933173271,0.33904901651130664,0.33904901651130664,0.4706928879152966,0.6023367593192867,0.6023367593192867,0.6023367593192867,0.7094195749688865,0.8165023906184865
2026-09-27,Queretaro,Toluca,0.2581829893008473,0.25200041636756626,0.4898165943315863,0.0972595859231425,0.0972595859231425,0.0972595859231425,0.1777212876119949,0.2581829893008473,0.2581829893008473,0.3841831974846305,0.5101834056684136,0.5101834056684136,0.5101834056684136,0.6285350739182978,0.7468867421681821,0.2531132578318178,0.2531132578318178,0.2531132578318178,0.37146492608170206,0.4898165943315863,0.4898165943315863,0.6158168025153694,0.7418170106991526,0.7418170106991526,0.7418170106991526,0.822278712388005,0.9027404140768573
2026-09-27,Queretaro,UNAM Pumas,0.37459289511565186,0.2703477478501997,0.3550593570341485,0.164538930518744,0.164538930518744,0.164538930518744,0.26956591281719794,0.37459289511565186,0.37459289511565186,0.5097667690407518,0.6449406429658517,0.6449406429658517,0.6449406429658517,0.7465750604239195,0.8482094778819873,0.15179052211801278,0.15179052211801278,0.15179052211801278,0.25342493957608064,0.3550593570341485,0.3550593570341485,0.4902332309592483,0.6254071048843481,0.6254071048843481,0.6254071048843481,0.7304340871828021,0.8354610694812561
2026-09-27,Santos Laguna,Atlante,0.3447420973110919,0.25111101091665183,0.4041468917722563,0.15407356416651016,0.15407356416651016,0.15407356416651016,0.24940783073880102,0.3447420973110919,0.3447420973110919,0.4702976027694178,0.5958531082277437,0.5958531082277437,0.5958531082277437,0.7005107456740045,0.8051683831202652,0.19483161687973471,0.19483161687973471,0.19483161687973471,0.2994892543259955,0.4041468917722563,0.4041468917722563,0.5297023972305822,0.655257902688908,0.655257902688908,0.655257902688908,0.7505921692611989,0.8459264358334897
2026-09-27,Santos Laguna,Atlas,0.39007373852781013,0.2526400462284922,0.3572862152436977,0.184247740961,0.184247740961,0.184247740961,0.28716073974440504,0.39007373852781013,0.39007373852781013,0.5163937616420562,0.6427137847563021,0.6427137847563021,0.6427137847563021,0.7404447916406971,0.8381757985250922,0.16182420147490775,0.16182420147490775,0.16182420147490775,0.25955520835930274,0.3572862152436977,0.3572862152436977,0.4836062383579437,0.6099262614721896,0.6099262614721896,0.6099262614721896,0.7128392602555947,0.8157522590389998
2026-09-27,Santos Laguna,Atletico San Luis,0.3765496704158407,0.2454197387331978,0.3780305908509615,0.17894138320283504,0.17894138320283504,0.17894138320283504,0.27774552680933784,0.3765496704158407,0.3765496704158407,0.49925953978243953,0.6219694091490384,0.6219694091490384,0.6219694091490384,0.7209977394005681,0.8200260696520978,0.1799739303479021,0.1799739303479021,0.1799739303479021,0.2790022605994318,0.3780305908509615,0.3780305908509615,0.5007404602175605,0.6234503295841594,0.6234503295841594,0.6234503295841594,0.7222544731906622,0.8210586167971649
2026-09-27,Santos Laguna,Club America,0.20916026831000648,0.2311765355285307,0.559663196161463,0.07384331378218414,0.07384331378218414,0.07384331378218414,0.1415017910460953,0.20916026831000648,0.20916026831000648,0.32474853607427184,0.4403368038385372,0.4403368038385372,0.4403368038385372,0.5615060450111169,0.6826752861836967,0.31732471381630356,0.31732471381630356,0.31732471381630356,0.43849395498888327,0.559663196161463,0.559663196161463,0.6752514639257283,0.7908397316899938,0.7908397316899938,0.7908397316899938,0.8584982089539048,0.9261566862178159
2026-09-27,Santos Laguna,Cruz Azul,0.23262323116593905,0.22880693510877487,0.5385698337252862,0.08906163836759673,0.08906163836759673,0.08906163836759673,0.1608424347667679,0.23262323116593905,0.23262323116593905,0.34702669872032643,0.4614301662747138,0.4614301662747138,0.4614301662747138,0.5781345111641654,0.6948388560536171,0.3051611439463831,0.3051611439463831,0.3051611439463831,0.42186548883583463,0.5385698337252862,0.5385698337252862,0.6529733012796737,0.7673767688340611,0.7673767688340611,0.7673767688340611,0.8391575652332324,0.9109383616324035
2026-09-27,Santos Laguna,FC Juarez,0.42611659918749706,0.2433947576656422,0.3304886431468609,0.21495626642903998,0.21495626642903998,0.21495626642903998,0.3205364328082685,0.42611659918749706,0.42611659918749706,0.5478139780203181,0.6695113568531391,0.6695113568531391,0.6695113568531391,0.760693209195795,0.8518750615384509,0.14812493846154906,0.14812493846154906,0.14812493846154906,0.23930679080420497,0.3304886431468609,0.3304886431468609,0.45218602197968194,0.573883400812503,0.573883400812503,0.573883400812503,0.6794635671917315,0.7850437335709601
2026-09-27,Santos Laguna,Guadalajara,0.24314056238199466,0.2395335184744889,0.5173259191435163,0.09208465986108867,0.09208465986108867,0.09208465986108867,0.16761261112154166,0.24314056238199466,0.24314056238199466,0.3629073216192391,0.4826740808564835,0.4826740808564835,0.4826740808564835,0.6006175115538918,0.7185609422513,0.28143905774869993,0.28143905774869993,0.28143905774869993,0.39938248844610813,0.5173259191435163,0.5173259191435163,0.6370926783807608,0.7568594376180052,0.7568594376180052,0.7568594376180052,0.8323873888784582,0.9079153401389112
2026-09-27,Santos Laguna,Leon,0.3864550077746036,0.25355983614748895,0.3599851560779074,0.1812506051166779,0.1812506051166779,0.1812506051166779,0.28385280644564076,0.3864550077746036,0.3864550077746036,0.5132349258483482,0.6400148439220927,0.6400148439220927,0.6400148439220927,0.7384127453548063,0.8368106467875198,0.16318935321248018,0.16318935321248018,0.16318935321248018,0.2615872546451938,0.3599851560779074,0.3599851560779074,0.4867650741516519,0.6135449922253964,0.6135449922253964,0.6135449922253964,0.7161471935543592,0.818749394883322
2026-09-27,Santos Laguna,Mazatlan,0.4609670188358353,0.24510469885744016,0.29392828230672463,0.23823106141028497,0.23823106141028497,0.23823106141028497,0.34959904012306015,0.4609670188358353,0.4609670188358353,0.5835193682645554,0.7060717176932756,0.7060717176932756,0.7060717176932756,0.7916698620424267,0.877268006391578,0.12273199360842209,0.12273199360842209,0.12273199360842209,0.20833013795757335,0.29392828230672463,0.29392828230672463,0.41648063173544475,0.5390329811641649,0.5390329811641649,0.5390329811641649,0.65040095987694,0.7617689385897151
2026-09-27,Santos Laguna,Monterrey,0.29452273695318526,0.23425905902809807,0.47121820401871684,0.12778352119760827,0.12778352119760827,0.12778352119760827,0.21115312907539677,0.29452273695318526,0.29452273695318526,0.4116522664672343,0.5287817959812834,0.5287817959812834,0.5287817959812834,0.6377097863400321,0.7466377766987806,0.2533622233012195,0.2533622233012195,0.2533622233012195,0.36229021365996816,0.47121820401871684,0.47121820401871684,0.5883477335327658,0.7054772630468149,0.7054772630468149,0.7054772630468149,0.7888468709246035,0.872216478802392
2026-09-27,Santos Laguna,Necaxa,0.39292761064319653,0.24122367253834806,0.3658487168184555,0.1928750139577502,0.1928750139577502,0.1928750139577502,0.29290131230047334,0.39292761064319653,0.39292761064319653,0.5135394469123705,0.6341512831815446,0.6341512831815446,0.6341512831815446,0.7301798474161667,0.8262084116507888,0.17379158834921127,0.17379158834921127,0.17379158834921127,0.2698201525838334,0.3658487168184555,0.3658487168184555,0.4864605530876296,0.6070723893568036,0.6070723893568036,0.6070723893568036,0.7070986876995267,0.8071249860422498
2026-09-27,Santos Laguna,Pachuca,0.283762180088118,0.2572206454896856,0.4590171744221964,0.11140791831120721,0.11140791831120721,0.11140791831120721,0.1975850491996626,0.283762180088118,0.283762180088118,0.4123725028329608,0.5409828255778036,0.5409828255778036,0.5409828255778036,0.6561790218008368,0.77137521802387,0.22862478197612982,0.22862478197612982,0.22862478197612982,0.34382097819916313,0.4590171744221964,0.4590171744221964,0.5876274971670392,0.7162378199118821,0.7162378199118821,0.7162378199118821,0.8024149508003374,0.8885920816887928
2026-09-27,Santos Laguna,Puebla,0.46019774839183275,0.25885236927514854,0.28094988233301876,0.2283467712085613,0.2283467712085613,0.2283467712085613,0.34427225980019704,0.46019774839183275,0.46019774839183275,0.589623933029407,0.7190501176669812,0.7190501176669812,0.7190501176669812,0.8050039688668046,0.8909578200666279,0.10904217993337226,0.10904217993337226,0.10904217993337226,0.19499603113319552,0.28094988233301876,0.28094988233301876,0.410376066970593,0.5398022516081672,0.5398022516081672,0.5398022516081672,0.655727740199803,0.7716532287914388
2026-09-27,Santos Laguna,Queretaro,0.3662857454247852,0.26678414939103634,0.3669301051841782,0.1608187835614621,0.1608187835614621,0.1608187835614621,0.26355226449312363,0.3662857454247852,0.3662857454247852,0.4996778201203035,0.6330698948158218,0.6330698948158218,0.6330698948158218,0.735913249605793,0.8387566043957642,0.1612433956042358,0.1612433956042358,0.1612433956042358,0.264086750394207,0.3669301051841782,0.3669301051841782,0.5003221798796964,0.6337142545752147,0.6337142545752147,0.6337142545752147,0.7364477355068761,0.8391812164385377
2026-09-27,Santos Laguna,Tigres UANL,0.25550824756000334,0.25173455372188003,0.49275719871811685,0.0956977503602526,0.0956977503602526,0.0956977503602526,0.175602998960128,0.25550824756000334,0.25550824756000334,0.3813755244209434,0.5072428012818835,0.5072428012818835,0.5072428012818835,0.6259735810772388,0.7447043608725941,0.2552956391274062,0.2552956391274062,0.2552956391274062,0.37402641892276156,0.49275719871811685,0.49275719871811685,0.6186244755790569,0.744491752439997,0.744491752439997,0.744491752439997,0.8243970010398722,0.9043022496397476
2026-09-27,Santos Laguna,Tijuana,0.32647023409881926,0.24349733605460605,0.43003242984657464,0.14532719615242146,0.14532719615242146,0.14532719615242146,0.23589871512562036,0.32647023409881926,0.32647023409881926,0.4482189021261223,0.5699675701534254,0.5699675701534254,0.5699675701534254,0.6761602778807414,0.7823529856080573,0.21764701439194287,0.21764701439194287,0.21764701439194287,0.32383972211925877,0.43003242984657464,0.43003242984657464,0.5517810978738777,0.6735297659011809,0.6735297659011809,0.6735297659011809,0.7641012848743798,0.8546728038475786
2026-09-27,Santos Laguna,Toluca,0.19362992409410598,0.21141843137725208,0.5949516445286419,0.0701398713993652,0.0701398713993652,0.0701398713993652,0.1318848977467356,0.19362992409410598,0.19362992409410598,0.299339139782732,0.40504835547135803,0.40504835547135803,0.40504835547135803,0.5223055410564544,0.6395627266415508,0.36043727335844916,0.36043727335844916,0.36043727335844916,0.47769445894354556,0.5949516445286419,0.5949516445286419,0.7006608602172679,0.8063700759058939,0.8063700759058939,0.8063700759058939,0.8681151022532643,0.9298601286006347
2026-09-27,Santos Laguna,UNAM Pumas,0.3057125452208379,0.2472005038713098,0.4470869509078524,0.12965298124645194,0.12965298124645194,0.12965298124645194,0.21768276323364494,0.3057125452208379,0.3057125452208379,0.4293127971564928,0.5529130490921477,0.5529130490921477,0.5529130490921477,0.6628951107085541,0.7728771723249604,0.2271228276750397,0.2271228276750397,0.2271228276750397,0.33710488929144605,0.4470869509078524,0.4470869509078524,0.5706872028435074,0.6942874547791624,0.6942874547791624,0.6942874547791624,0.7823172367663553,0.8703470187535483
2026-09-27,Tigres UANL,Atlante,0.5407316164561715,0.2436349054897388,0.21563347805408978,0.2938058834807964,0.2938058834807964,0.2938058834807964,0.41726874996848395,0.5407316164561715,0.5407316164561715,0.662549069201041,0.7843665219459103,0.7843665219459103,0.7843665219459103,0.8550930201898077,0.925819518433705,0.0741804815662949,0.0741804815662949,0.0741804815662949,0.14490697981019235,0.21563347805408978,0.21563347805408978,0.33745093079895916,0.4592683835438286,0.4592683835438286,0.4592683835438286,0.582731250031516,0.7061941165192036
2026-09-27,Tigres UANL,Atlas,0.5856649767819526,0.23097282567263483,0.18336219754541258,0.334580965783751,0.334580965783751,0.334580965783751,0.46012297128285184,0.5856649767819526,0.5856649767819526,0.70115138961827,0.8166378024545874,0.8166378024545874,0.8166378024545874,0.8788499373879592,0.9410620723213311,0.058937927678668844,0.058937927678668844,0.058937927678668844,0.12115006261204071,0.18336219754541258,0.18336219754541258,0.29884861038173,0.4143350232180474,0.4143350232180474,0.4143350232180474,0.5398770287171482,0.6654190342162489
2026-09-27,Tigres UANL,Atletico San Luis,0.578059677658619,0.22767824651888052,0.19426207582250063,0.33280170464227354,0.33280170464227354,0.33280170464227354,0.45543069115044627,0.578059677658619,0.578059677658619,0.6918988009180593,0.8057379241774996,0.8057379241774996,0.8057379241774996,0.8698738458770969,0.9340097675766943,0.06599023242330576,0.06599023242330576,0.06599023242330576,0.13012615412290318,0.19426207582250063,0.19426207582250063,0.3081011990819409,0.4219403223413811,0.4219403223413811,0.4219403223413811,0.5445693088495538,0.6671982953577266
2026-09-27,Tigres UANL,Club America,0.38146552071573436,0.27644283516488477,0.3420916441193808,0.1660445692869162,0.1660445692869162,0.1660445692869162,0.2737550450013253,0.38146552071573436,0.38146552071573436,0.5196869382981768,0.6579083558806191,0.6579083558806191,0.6579083558806191,0.7585672178850288,0.8592260798894384,0.14077392011056153,0.14077392011056153,0.14077392011056153,0.24143278211497116,0.3420916441193808,0.3420916441193808,0.4803130617018232,0.6185344792842656,0.6185344792842656,0.6185344792842656,0.7262449549986747,0.8339554307130836
2026-09-27,Tigres UANL,Cruz Azul,0.4178257807934703,0.26355861867157715,0.31861560053495236,0.19688291172440658,0.19688291172440658,0.19688291172440658,0.3073543462589384,0.4178257807934703,0.4178257807934703,0.5496050901292588,0.6813843994650474,0.6813843994650474,0.6813843994650474,0.7751087952939805,0.8688331911229136,0.13116680887708615,0.13116680887708615,0.13116680887708615,0.22489120470601925,0.31861560053495236,0.31861560053495236,0.45039490987074093,0.5821742192065296,0.5821742192065296,0.5821742192065296,0.6926456537410614,0.8031170882755931
2026-09-27,Tigres UANL,FC Juarez,0.6259472535167295,0.21166062415417827,0.16239212232909198,0.3802725016947218,0.3802725016947218,0.3802725016947218,0.5031098776057257,0.6259472535167295,0.6259472535167295,0.7317775655938188,0.8376078776709079,0.8376078776709079,0.8376078776709079,0.8929658917985857,0.9483239059262635,0.05167609407373623,0.05167609407373623,0.05167609407373623,0.1070341082014141,0.16239212232909198,0.16239212232909198,0.2682224344061811,0.37405274648327025,0.37405274648327025,0.37405274648327025,0.49689012239427416,0.6197274983052781
2026-09-27,Tigres UANL,Guadalajara,0.42485876688418395,0.2702675992212069,0.3048736338946093,0.19772717344490043,0.19772717344490043,0.19772717344490043,0.31129297016454216,0.42485876688418395,0.42485876688418395,0.5599925664947875,0.6951263661053909,0.6951263661053909,0.6951263661053909,0.7876680733391153,0.8802097805728395,0.11979021942716048,0.11979021942716048,0.11979021942716048,0.2123319266608849,0.3048736338946093,0.3048736338946093,0.44000743350521265,0.575141233115816,0.575141233115816,0.575141233115816,0.6887070298354576,0.8022728265550993
2026-09-27,Tigres UANL,Leon,0.5814809093134221,0.2329694924284808,0.18554959825809728,0.32998214458944536,0.32998214458944536,0.32998214458944536,0.4557315269514337,0.5814809093134221,0.5814809093134221,0.6979656555276625,0.8144504017419029,0.8144504017419029,0.8144504017419029,0.8773805741330518,0.9403107465242009,0.05968925347579914,0.05968925347579914,0.05968925347579914,0.12261942586694821,0.18554959825809728,0.18554959825809728,0.3020343444723377,0.4185190906865781,0.4185190906865781,0.4185190906865781,0.5442684730485664,0.6700178554105547
2026-09-27,Tigres UANL,Mazatlan,0.6537299018803349,0.2049095694098566,0.14136052870980842,0.4051188013457835,0.4051188013457835,0.4051188013457835,0.5294243516130592,0.6537299018803349,0.6537299018803349,0.7561846865852633,0.8586394712901916,0.8586394712901916,0.8586394712901916,0.9084955866026299,0.958351701915068,0.041648298084931826,0.041648298084931826,0.041648298084931826,0.09150441339737012,0.14136052870980842,0.14136052870980842,0.24381531341473675,0.3462700981196651,0.3462700981196651,0.3462700981196651,0.47057564838694077,0.5948811986542164
2026-09-27,Tigres UANL,Monterrey,0.49616202027224904,0.24415357106128507,0.25968440866646586,0.26328807684083755,0.26328807684083755,0.26328807684083755,0.3797250485565433,0.49616202027224904,0.49616202027224904,0.6182388058028916,0.7403155913335341,0.7403155913335341,0.7403155913335341,0.8197020698440913,0.8990885483546486,0.1009114516453515,0.1009114516453515,0.1009114516453515,0.18029793015590867,0.25968440866646586,0.25968440866646586,0.3817611941971085,0.5038379797277511,0.5038379797277511,0.5038379797277511,0.6202749514434569,0.7367119231591626
2026-09-27,Tigres UANL,Necaxa,0.597408278332324,0.21853603214723874,0.1840556895204371,0.35459758972351024,0.35459758972351024,0.35459758972351024,0.47600293402791716,0.597408278332324,0.597408278332324,0.7066762944059435,0.8159443104795628,0.8159443104795628,0.8159443104795628,0.8767645248584999,0.9375847392374368,0.06241526076256313,0.06241526076256313,0.06241526076256313,0.12323547514150011,0.1840556895204371,0.1840556895204371,0.29332370559405646,0.4025917216676758,0.4025917216676758,0.4025917216676758,0.5239970659720827,0.6454024102764897
2026-09-27,Tigres UANL,Pachuca,0.4658485729962482,0.2719290015681819,0.2622224254355699,0.2237158260023407,0.2237158260023407,0.2237158260023407,0.34478219949929445,0.4658485729962482,0.4658485729962482,0.6018130737803392,0.7377775745644302,0.7377775745644302,0.7377775745644302,0.822226386627561,0.9066751986906918,0.09332480130930831,0.09332480130930831,0.09332480130930831,0.1777736133724391,0.2622224254355699,0.2622224254355699,0.3981869262196609,0.534151427003752,0.534151427003752,0.534151427003752,0.6552178005007057,0.7762841739976594
2026-09-27,Tigres UANL,Puebla,0.6428801026739457,0.2188287229796853,0.13829117434636895,0.38260765094818894,0.38260765094818894,0.38260765094818894,0.5127438768110673,0.6428801026739457,0.6428801026739457,0.7522944641637883,0.8617088256536309,0.8617088256536309,0.8617088256536309,0.9120598738411545,0.9624109220286781,0.037589077971321855,0.037589077971321855,0.037589077971321855,0.0879401261588454,0.13829117434636895,0.13829117434636895,0.24770553583621163,0.3571198973260543,0.3571198973260543,0.3571198973260543,0.48725612318893263,0.617392349051811
2026-09-27,Tigres UANL,Queretaro,0.551995496243808,0.2524505547691038,0.19555394898708836,0.2938508464069394,0.2938508464069394,0.2938508464069394,0.4229231713253737,0.551995496243808,0.551995496243808,0.6782207736283599,0.8044460510129117,0.8044460510129117,0.8044460510129117,0.8718710995275202,0.9392961480421287,0.06070385195787136,0.06070385195787136,0.06070385195787136,0.12812890047247985,0.19555394898708836,0.19555394898708836,0.32177922637164025,0.4480045037561921,0.4480045037561921,0.4480045037561921,0.5770768286746264,0.7061491535930606
2026-09-27,Tigres UANL,Santos Laguna,0.6553669106233979,0.20239894932587,0.14223414005073198,0.40913359046166775,0.40913359046166775,0.40913359046166775,0.5322502505425328,0.6553669106233979,0.6553669106233979,0.7565663852863329,0.857765859949268,0.857765859949268,0.857765859949268,0.9075800008886284,0.9573941418279889,0.04260585817201108,0.04260585817201108,0.04260585817201108,0.09241999911137153,0.14223414005073198,0.14223414005073198,0.24343361471366698,0.344633089376602,0.344633089376602,0.344633089376602,0.46774974945746706,0.5908664095383321
2026-09-27,Tigres UANL,Tijuana,0.5264565475758459,0.24208908006236377,0.23145437236179042,0.2855468000696523,0.2855468000696523,0.2855468000696523,0.4060016738227491,0.5264565475758459,0.5264565475758459,0.6475010876070277,0.7685456276382095,0.7685456276382095,0.7685456276382095,0.8422428845777937,0.9159401415173779,0.08405985848262217,0.08405985848262217,0.08405985848262217,0.1577571154222063,0.23145437236179042,0.23145437236179042,0.3524989123929723,0.4735434524241542,0.4735434524241542,0.4735434524241542,0.593998326177251,0.7144531999303477
2026-09-27,Tigres UANL,Toluca,0.3714881024982515,0.2625749627865425,0.3659369347152057,0.1663539796794398,0.1663539796794398,0.1663539796794398,0.2689210410888456,0.3714881024982515,0.3714881024982515,0.5027755838915227,0.634063065284794,0.634063065284794,0.634063065284794,0.7357041525296216,0.8373452397744493,0.16265476022555034,0.16265476022555034,0.16265476022555034,0.26429584747037804,0.3659369347152057,0.3659369347152057,0.49722441610847695,0.6285118975017482,0.6285118975017482,0.6285118975017482,0.7310789589111542,0.83364602032056
2026-09-27,Tigres UANL,UNAM Pumas,0.49957574573468333,0.25335720168138304,0.24706705258393336,0.25869306073553083,0.25869306073553083,0.25869306073553083,0.37913440323510705,0.49957574573468333,0.49957574573468333,0.6262543465753748,0.7529329474160663,0.7529329474160663,0.7529329474160663,0.8314550139948313,0.9099770805735965,0.09002291942640321,0.09002291942640321,0.09002291942640321,0.1685449860051683,0.24706705258393336,0.24706705258393336,0.37374565342462496,0.5004242542653166,0.5004242542653166,0.5004242542653166,0.6208655967648928,0.7413069392644691
2026-09-27,Tijuana,Atlante,0.4818236363935555,0.24035706994833453,0.27781929365810987,0.25624060827529827,0.25624060827529827,0.25624060827529827,0.3690321223344269,0.4818236363935555,0.4818236363935555,0.6020021713677228,0.72218070634189,0.72218070634189,0.72218070634189,0.8040662424053289,0.8859517784687678,0.11404822153123195,0.11404822153123195,0.11404822153123195,0.1959337575946709,0.27781929365810987,0.27781929365810987,0.39799782863227706,0.5181763636064443,0.5181763636064443,0.5181763636064443,0.6309678776655729,0.7437593917247015
2026-09-27,Tijuana,Atlas,0.5301874143823625,0.23171521491393865,0.2380973707036991,0.29683557434274455,0.29683557434274455,0.29683557434274455,0.4135114943625535,0.5301874143823625,0.5301874143823625,0.6460450218393319,0.7619026292963011,0.7619026292963011,0.7619026292963011,0.8351770252676805,0.9084514212390598,0.09154857876094027,0.09154857876094027,0.09154857876094027,0.1648229747323197,0.2380973707036991,0.2380973707036991,0.3539549781606684,0.4698125856176377,0.4698125856176377,0.4698125856176377,0.5864885056374467,0.7031644256572556
2026-09-27,Tijuana,Atletico San Luis,0.5193408983414568,0.2280124301042508,0.2526466715542921,0.2924869785372337,0.2924869785372337,0.2924869785372337,0.40591393843934526,0.5193408983414568,0.5193408983414568,0.6333471133935822,0.7473533284457076,0.7473533284457076,0.7473533284457076,0.8225345647974409,0.8977158011491744,0.10228419885082536,0.10228419885082536,0.10228419885082536,0.17746543520255872,0.2526466715542921,0.2526466715542921,0.3666528866064175,0.4806591016585429,0.4806591016585429,0.4806591016585429,0.5940860615606545,0.7075130214627661
2026-09-27,Tijuana,Club America,0.3201257215345789,0.25414472168227237,0.4257295567831488,0.13617871883372715,0.13617871883372715,0.13617871883372715,0.22815222018415304,0.3201257215345789,0.3201257215345789,0.4471980823757151,0.5742704432168513,0.5742704432168513,0.5742704432168513,0.6831990031059264,0.7921275629950015,0.20787243700499855,0.20787243700499855,0.20787243700499855,0.31680099689407365,0.4257295567831488,0.4257295567831488,0.5528019176242849,0.679874278465421,0.679874278465421,0.679874278465421,0.771847779815847,0.8638212811662729
2026-09-27,Tijuana,Cruz Azul,0.35333832227486617,0.24620757281364558,0.4004541049114883,0.1624208922596338,0.1624208922596338,0.1624208922596338,0.25787960726725,0.35333832227486617,0.35333832227486617,0.4764421086816889,0.5995458950885116,0.5995458950885116,0.5995458950885116,0.7021827202501459,0.8048195454117802,0.19518045458821986,0.19518045458821986,0.19518045458821986,0.29781727974985406,0.4004541049114883,0.4004541049114883,0.5235578913183111,0.6466616777251339,0.6466616777251339,0.6466616777251339,0.7421203927327501,0.8375791077403663
2026-09-27,Tijuana,FC Juarez,0.5711626757436662,0.2157682986732389,0.21306902558309473,0.33986092726020506,0.33986092726020506,0.33986092726020506,0.4555118015019356,0.5711626757436662,0.5711626757436662,0.6790468250802856,0.786930974416905,0.786930974416905,0.786930974416905,0.8529826534299914,0.9190343324430776,0.0809656675569224,0.0809656675569224,0.0809656675569224,0.14701734657000856,0.21306902558309473,0.21306902558309473,0.32095317491971415,0.4288373242563336,0.4288373242563336,0.4288373242563336,0.5444881984980643,0.6601390727397949
2026-09-27,Tijuana,Guadalajara,0.36294644728687553,0.25375870118750943,0.3832948515256148,0.16509867269110334,0.16509867269110334,0.16509867269110334,0.26402255998898944,0.36294644728687553,0.36294644728687553,0.4898257978806303,0.6167051484743851,0.6167051484743851,0.6167051484743851,0.7188640228288306,0.821022897183276,0.17897710281672388,0.17897710281672388,0.17897710281672388,0.28113597717116934,0.3832948515256148,0.3832948515256148,0.5101742021193696,0.6370535527131242,0.6370535527131242,0.6370535527131242,0.7359774400110104,0.8349013273088965
2026-09-27,Tijuana,Leon,0.5259796940648296,0.2333359712299774,0.24068433470519282,0.2925449630279331,0.2925449630279331,0.2925449630279331,0.40926232854638134,0.5259796940648296,0.5259796940648296,0.6426476796798183,0.759315665294807,0.759315665294807,0.759315665294807,0.8333398285500486,0.9073639918052901,0.09263600819470971,0.09263600819470971,0.09263600819470971,0.16666017144995127,0.24068433470519282,0.24068433470519282,0.3573523203201815,0.47402030593517014,0.47402030593517014,0.47402030593517014,0.5907376714536184,0.7074550369720668
2026-09-27,Tijuana,Mazatlan,0.6035959503522228,0.21056277974032986,0.1858412699074472,0.3670905288145355,0.3670905288145355,0.3670905288145355,0.48534323958337916,0.6035959503522228,0.6035959503522228,0.7088773402223878,0.8141587300925528,0.8141587300925528,0.8141587300925528,0.8742655831347289,0.934372436176905,0.06562756382309504,0.06562756382309504,0.06562756382309504,0.12573441686527112,0.1858412699074472,0.1858412699074472,0.29112265977761215,0.3964040496477771,0.3964040496477771,0.3964040496477771,0.5146567604166208,0.6329094711854644
2026-09-27,Tijuana,Monterrey,0.4307904137967317,0.2364074581921937,0.3328021280110746,0.22292027098526337,0.22292027098526337,0.22292027098526337,0.32685534239099756,0.4307904137967317,0.4307904137967317,0.5489941428928286,0.6671978719889253,0.6671978719889253,0.6671978719889253,0.7570033283890941,0.8468087847892629,0.15319121521073711,0.15319121521073711,0.15319121521073711,0.24299667161090588,0.3328021280110746,0.3328021280110746,0.45100585710717145,0.5692095862032683,0.5692095862032683,0.5692095862032683,0.6731446576090026,0.7770797290147367
2026-09-27,Tijuana,Necaxa,0.5387013335612808,0.22062377276135844,0.24067489367736083,0.31266410690915064,0.31266410690915064,0.31266410690915064,0.4256827202352157,0.5387013335612808,0.5387013335612808,0.64901321994196,0.7593251063226393,0.7593251063226393,0.7593251063226393,0.8310789360873887,0.902832765852138,0.0971672341478621,0.0971672341478621,0.0971672341478621,0.16892106391261147,0.24067489367736083,0.24067489367736083,0.35098678005804007,0.46129866643871925,0.46129866643871925,0.46129866643871925,0.5743172797647844,0.6873358930908495
2026-09-27,Tijuana,Pachuca,0.40762339405917475,0.2603724170058051,0.33200418893502004,0.19183341773227405,0.19183341773227405,0.19183341773227405,0.2997284058957244,0.40762339405917475,0.40762339405917475,0.5378096025620773,0.66799581106498,0.66799581106498,0.66799581106498,0.7633755771057925,0.8587553431466051,0.14124465685339493,0.14124465685339493,0.14124465685339493,0.2366244228942075,0.33200418893502004,0.33200418893502004,0.46219039743792256,0.5923766059408251,0.5923766059408251,0.5923766059408251,0.7002715941042754,0.8081665822677259
2026-09-27,Tijuana,Puebla,0.5965597002922268,0.22312153366668352,0.18031876604108957,0.34935028735860685,0.34935028735860685,0.34935028735860685,0.47295499382541684,0.5965597002922268,0.5965597002922268,0.7081204671255685,0.8196812339589103,0.8196812339589103,0.8196812339589103,0.8802892804225076,0.940897326886105,0.059102673113895186,0.059102673113895186,0.059102673113895186,0.11971071957749238,0.18031876604108957,0.18031876604108957,0.2918795328744313,0.40344029970777306,0.40344029970777306,0.40344029970777306,0.527045006174583,0.6506497126413932
2026-09-27,Tijuana,Queretaro,0.49882604298277977,0.24984551985111472,0.25132843716610553,0.2607972389193858,0.2607972389193858,0.2607972389193858,0.3798116409510828,0.49882604298277977,0.49882604298277977,0.6237488029083372,0.7486715628338947,0.7486715628338947,0.7486715628338947,0.8274618391346757,0.9062521154354567,0.09374788456454344,0.09374788456454344,0.09374788456454344,0.17253816086532447,0.25132843716610553,0.25132843716610553,0.37625119709166294,0.5011739570172203,0.5011739570172203,0.5011739570172203,0.6201883590489173,0.7392027610806143
2026-09-27,Tijuana,Santos Laguna,0.604396884367708,0.2082895902677305,0.18731352536456156,0.3700894193978474,0.3700894193978474,0.3700894193978474,0.48724315188277767,0.604396884367708,0.604396884367708,0.7085416795015732,0.8126864746354384,0.8126864746354384,0.8126864746354384,0.872759142438986,0.9328318102425335,0.06716818975746658,0.06716818975746658,0.06716818975746658,0.12724085756101405,0.18731352536456156,0.18731352536456156,0.2914583204984268,0.39560311563229206,0.39560311563229206,0.39560311563229206,0.5127568481172223,0.6299105806021527
2026-09-27,Tijuana,Tigres UANL,0.374288070217621,0.2621554327810548,0.36355649700132425,0.16843703055153433,0.16843703055153433,0.16843703055153433,0.2713625503845777,0.374288070217621,0.374288070217621,0.5053657866081485,0.6364435029986758,0.6364435029986758,0.6364435029986758,0.737582805764877,0.8387221085310783,0.16127789146892169,0.16127789146892169,0.16127789146892169,0.262417194235123,0.36355649700132425,0.36355649700132425,0.49463421339185165,0.625711929782379,0.625711929782379,0.625711929782379,0.7286374496154223,0.8315629694484656
2026-09-27,Tijuana,Toluca,0.3059373457897006,0.2390292506142383,0.455033403596061,0.13341384170860499,0.13341384170860499,0.13341384170860499,0.2196755937491528,0.3059373457897006,0.3059373457897006,0.42545197109681976,0.544966596403939,0.544966596403939,0.544966596403939,0.6533005601724873,0.7616345239410356,0.23836547605896424,0.23836547605896424,0.23836547605896424,0.3466994398275126,0.455033403596061,0.455033403596061,0.5745480289031802,0.6940626542102994,0.6940626542102994,0.6940626542102994,0.7803244062508472,0.866586158291395
2026-09-27,Tijuana,UNAM Pumas,0.4383526582087286,0.2458225195955143,0.31582482219575697,0.22195073379695113,0.22195073379695113,0.22195073379695113,0.3301516960028399,0.4383526582087286,0.4383526582087286,0.5612639180064857,0.6841751778042428,0.6841751778042428,0.6841751778042428,0.7735740882772715,0.8629729987503001,0.13702700124969988,0.13702700124969988,0.13702700124969988,0.2264259117227284,0.31582482219575697,0.31582482219575697,0.4387360819935141,0.5616473417912713,0.5616473417912713,0.5616473417912713,0.66984830399716,0.7780492662030487
2026-09-27,Toluca,Atlante,0.6436190080408576,0.19779417354445472,0.15858681841468786,0.407545646969078,0.407545646969078,0.407545646969078,0.5255823275049678,0.6436190080408576,0.6436190080408576,0.7425160948130849,0.8414131815853122,0.8414131815853122,0.8414131815853122,0.8943202033865592,0.9472272251878061,0.0527727748121939,0.0527727748121939,0.0527727748121939,0.10567979661344087,0.15858681841468786,0.15858681841468786,0.2574839051869152,0.35638099195914263,0.35638099195914263,0.35638099195914263,0.47441767249503236,0.5924543530309221
2026-09-27,Toluca,Atlas,0.688182283371929,0.18123767793430828,0.13058003869376264,0.4560765884187098,0.4560765884187098,0.4560765884187098,0.5721294358953194,0.688182283371929,0.688182283371929,0.7788011223390832,0.8694199613062374,0.8694199613062374,0.8694199613062374,0.914417874273151,0.9594157872400647,0.04058421275993538,0.04058421275993538,0.04058421275993538,0.085582125726849,0.13058003869376264,0.13058003869376264,0.22119887766091684,0.31181771662807106,0.31181771662807106,0.31181771662807106,0.4278705641046807,0.5439234115812903
2026-09-27,Toluca,Atletico San Luis,0.6819408273078104,0.17966111693941442,0.13839805575277525,0.45461576670325526,0.45461576670325526,0.45461576670325526,0.5682782970055328,0.6819408273078104,0.6819408273078104,0.7717713857775175,0.8616019442472246,0.8616019442472246,0.8616019442472246,0.9081151260101821,0.9546283077731396,0.04537169222686047,0.04537169222686047,0.04537169222686047,0.09188487398981786,0.13839805575277525,0.13839805575277525,0.22822861422248247,0.3180591726921897,0.3180591726921897,0.3180591726921897,0.4317217029944673,0.5453842332967449
2026-09-27,Toluca,Club America,0.4726555563210661,0.24858647729570635,0.2787579663832276,0.24385968291184706,0.24385968291184706,0.24385968291184706,0.3582576196164566,0.4726555563210661,0.4726555563210661,0.5969487949689193,0.7212420336167724,0.7212420336167724,0.7212420336167724,0.8048914260924718,0.888540818568171,0.11145918143182912,0.11145918143182912,0.11145918143182912,0.19510857390752834,0.2787579663832276,0.2787579663832276,0.40305120503108083,0.5273444436789341,0.5273444436789341,0.5273444436789341,0.6417423803835436,0.756140317088153
2026-09-27,Toluca,Cruz Azul,0.514664744253463,0.23234640322409467,0.2529888525224424,0.2855393558836632,0.2855393558836632,0.2855393558836632,0.4001020500685631,0.514664744253463,0.514664744253463,0.6308379458655102,0.7470111474775576,0.7470111474775576,0.7470111474775576,0.8230606542583332,0.8991101610391087,0.10088983896089117,0.10088983896089117,0.10088983896089117,0.17693934574166678,0.2529888525224424,0.2529888525224424,0.36916205413448977,0.4853352557465371,0.4853352557465371,0.4853352557465371,0.5998979499314369,0.7144606441163366
2026-09-27,Toluca,FC Juarez,0.7281278169599908,0.1605327643228496,0.11133941871715965,0.50927068316641,0.50927068316641,0.50927068316641,0.6186992500632005,0.7281278169599908,0.7281278169599908,0.8083941991214156,0.8886605812828404,0.8886605812828404,0.8886605812828404,0.9272467101929811,0.9658328391031219,0.03416716089687825,0.03416716089687825,0.03416716089687825,0.07275328980701895,0.11133941871715965,0.11133941871715965,0.19160580087858442,0.2718721830400092,0.2718721830400092,0.2718721830400092,0.38130074993679963,0.4907293168335901
2026-09-27,Toluca,Guadalajara,0.5210194131796034,0.2369293770517978,0.2420512097685988,0.286111413293061,0.286111413293061,0.286111413293061,0.4035654132363322,0.5210194131796034,0.5210194131796034,0.6394841017055024,0.7579487902314014,0.7579487902314014,0.7579487902314014,0.8328361111465854,0.9077234320617695,0.09227656793823043,0.09227656793823043,0.09227656793823043,0.16716388885341463,0.2420512097685988,0.2420512097685988,0.3605158982944977,0.47898058682039657,0.47898058682039657,0.47898058682039657,0.5964345867636678,0.7138885867069389
2026-09-27,Toluca,Leon,0.6839506955817336,0.18341280271372407,0.13263650170454214,0.45060960109444026,0.45060960109444026,0.45060960109444026,0.5672801483380869,0.6839506955817336,0.6839506955817336,0.7756570969385956,0.8673634982954577,0.8673634982954577,0.8673634982954577,0.9130475719625988,0.9587316456297399,0.04126835437026003,0.04126835437026003,0.04126835437026003,0.08695242803740108,0.13263650170454214,0.13263650170454214,0.2243429030614042,0.3160493044182663,0.3160493044182663,0.3160493044182663,0.4327198516619129,0.5493903989055595
2026-09-27,Toluca,Mazatlan,0.7532456090837865,0.15171122707867435,0.09504316383753914,0.5365433250860031,0.5365433250860031,0.5365433250860031,0.6448944670848948,0.7532456090837865,0.7532456090837865,0.8291012226231236,0.9049568361624608,0.9049568361624608,0.9049568361624608,0.938959421261125,0.972962006359789,0.027037993640211123,0.027037993640211123,0.027037993640211123,0.061040578738875126,0.09504316383753914,0.09504316383753914,0.1708987773768763,0.24675439091621346,0.24675439091621346,0.24675439091621346,0.35510553291510516,0.4634566749139969
2026-09-27,Toluca,Monterrey,0.5999637382035606,0.20466366610590286,0.19537259569053664,0.37109186904059416,0.37109186904059416,0.37109186904059416,0.48552780362207737,0.5999637382035606,0.5999637382035606,0.702295571256512,0.8046274043094633,0.8046274043094633,0.8046274043094633,0.8656750027673317,0.9267226012251999,0.07327739877480008,0.07327739877480008,0.07327739877480008,0.13432499723266836,0.19537259569053664,0.19537259569053664,0.29770442874348807,0.40003626179643953,0.40003626179643953,0.40003626179643953,0.5144721963779226,0.6289081309594058
2026-09-27,Toluca,Necaxa,0.7015056437892008,0.16972609687176696,0.1287682593390322,0.48035156361263975,0.48035156361263975,0.48035156361263975,0.5909286037009203,0.7015056437892008,0.7015056437892008,0.7863686922250841,0.8712317406609675,0.8712317406609675,0.8712317406609675,0.9145754055237081,0.9579190703864487,0.04208092961355106,0.04208092961355106,0.04208092961355106,0.08542459447629162,0.1287682593390322,0.1287682593390322,0.21363130777491562,0.29849435621079906,0.29849435621079906,0.29849435621079906,0.4090713962990796,0.5196484363873601
2026-09-27,Toluca,Pachuca,0.563876064416001,0.2320937450446897,0.20403019053930924,0.31928457917794234,0.31928457917794234,0.31928457917794234,0.4415803217969717,0.563876064416001,0.563876064416001,0.6799229369383459,0.7959698094606908,0.7959698094606908,0.7959698094606908,0.862716828906759,0.9294638483528274,0.07053615164717263,0.07053615164717263,0.07053615164717263,0.13728317109324092,0.20403019053930924,0.20403019053930924,0.3200770630616541,0.43612393558399903,0.43612393558399903,0.43612393558399903,0.5584196782030283,0.6807154208220576
2026-09-27,Toluca,Puebla,0.7412461933510925,0.16385809653796438,0.09489571011094282,0.5103982234417714,0.5103982234417714,0.5103982234417714,0.625822208396432,0.7412461933510925,0.7412461933510925,0.8231752416200747,0.9051042898890569,0.9051042898890569,0.9051042898890569,0.9400470253210549,0.9749897607530529,0.0250102392469469,0.0250102392469469,0.0250102392469469,0.05995297467894486,0.09489571011094282,0.09489571011094282,0.176824758379925,0.2587538066489072,0.2587538066489072,0.2587538066489072,0.3741777916035678,0.48960177655822834
2026-09-27,Toluca,Queretaro,0.6527531728527365,0.2032212850993968,0.14402554204786672,0.4065688472534363,0.4065688472534363,0.4065688472534363,0.5296610100530864,0.6527531728527365,0.6527531728527365,0.7543638154024349,0.8559744579521333,0.8559744579521333,0.8559744579521333,0.9062861663644262,0.956597874776719,0.043402125223281,0.043402125223281,0.043402125223281,0.09371383363557385,0.14402554204786672,0.14402554204786672,0.24563618459756517,0.3472468271472636,0.3472468271472636,0.3472468271472636,0.47033898994691375,0.5934311527465639
2026-09-27,Toluca,Santos Laguna,0.7551687572458505,0.14956317450987394,0.09526806824427543,0.5412054148494058,0.5412054148494058,0.5412054148494058,0.6481870860476282,0.7551687572458505,0.7551687572458505,0.8299503445007875,0.9047319317557245,0.9047319317557245,0.9047319317557245,0.9386004132290434,0.9724688947023623,0.027531105297637623,0.027531105297637623,0.027531105297637623,0.06139958677095653,0.09526806824427543,0.09526806824427543,0.17004965549921242,0.2448312427541494,0.2448312427541494,0.2448312427541494,0.35181291395237174,0.4587945851505941
2026-09-27,Toluca,Tigres UANL,0.528798320116114,0.24183847014747306,0.22936320973641275,0.28733039213621603,0.28733039213621603,0.28733039213621603,0.40806435612616504,0.528798320116114,0.528798320116114,0.6497175551898506,0.7706367902635872,0.7706367902635872,0.7706367902635872,0.8438841380064428,0.9171314857492984,0.0828685142507016,0.0828685142507016,0.0828685142507016,0.15611586199355718,0.22936320973641275,0.22936320973641275,0.3502824448101493,0.47120167988388584,0.47120167988388584,0.47120167988388584,0.5919356438738349,0.712669607863784
2026-09-27,Toluca,Tijuana,0.6301934676639916,0.19859866489743225,0.17120786743857624,0.39802245938252667,0.39802245938252667,0.39802245938252667,0.5141079635232592,0.6301934676639916,0.6301934676639916,0.7294928001127078,0.8287921325614239,0.8287921325614239,0.8287921325614239,0.8843640607528733,0.9399359889443226,0.06006401105567748,0.06006401105567748,0.06006401105567748,0.11563593924712687,0.17120786743857624,0.17120786743857624,0.2705071998872924,0.3698065323360085,0.3698065323360085,0.3698065323360085,0.48589203647674095,0.6019775406174734
2026-09-27,Toluca,UNAM Pumas,0.6014549368838399,0.21174634917487165,0.1867987139412884,0.3644046931703001,0.3644046931703001,0.3644046931703001,0.48292981502707,0.6014549368838399,0.6014549368838399,0.7073281114712757,0.8132012860587116,0.8132012860587116,0.8132012860587116,0.873662529028175,0.9341237719976385,0.06587622800236136,0.06587622800236136,0.06587622800236136,0.12633747097182488,0.1867987139412884,0.1867987139412884,0.2926718885287242,0.39854506311616,0.39854506311616,0.39854506311616,0.5170701849729298,0.6355953068296997
2026-09-27,UNAM Pumas,Atlante,0.4977662649037943,0.24262499467786505,0.25960874041834064,0.2655651920193077,0.2655651920193077,0.2655651920193077,0.381665728461551,0.4977662649037943,0.4977662649037943,0.6190787622427267,0.7403912595816592,0.7403912595816592,0.7403912595816592,0.8194911368729463,0.8985910141642333,0.10140898583576667,0.10140898583576667,0.10140898583576667,0.18050886312705366,0.25960874041834064,0.25960874041834064,0.38092123775727316,0.5022337350962057,0.5022337350962057,0.5022337350962057,0.618334271538449,0.7344348079806922
2026-09-27,UNAM Pumas,Atlas,0.5451213083991265,0.2328060567148112,0.22207263488606233,0.30607763842823965,0.30607763842823965,0.30607763842823965,0.4255994734136831,0.5451213083991265,0.5451213083991265,0.6615243367565322,0.7779273651139378,0.7779273651139378,0.7779273651139378,0.8483689434674941,0.9188105218210505,0.08118947817894966,0.08118947817894966,0.08118947817894966,0.151631056532506,0.22207263488606233,0.22207263488606233,0.3384756632434679,0.4548786916008735,0.4548786916008735,0.4548786916008735,0.574400526586317,0.6939223615717605
2026-09-27,UNAM Pumas,Atletico San Luis,0.535225843622773,0.22922753676856839,0.2355466196086585,0.30248405821164553,0.30248405821164553,0.30248405821164553,0.41885495091720926,0.535225843622773,0.535225843622773,0.6498396120070571,0.7644533803913413,0.7644533803913413,0.7644533803913413,0.8368383423448666,0.9092233042983919,0.09077669570160801,0.09077669570160801,0.09077669570160801,0.16316165765513324,0.2355466196086585,0.2355466196086585,0.35016038799294275,0.464774156377227,0.464774156377227,0.464774156377227,0.5811450490827907,0.6975159417883545
2026-09-27,UNAM Pumas,Club America,0.33681005200455644,0.2618066848105859,0.40138326318485756,0.14375655448239116,0.14375655448239116,0.14375655448239116,0.2402833032434738,0.33681005200455644,0.33681005200455644,0.4677133944098494,0.5986167368151424,0.5986167368151424,0.5986167368151424,0.7059013732366912,0.81318600965824,0.18681399034176002,0.18681399034176002,0.18681399034176002,0.2940986267633088,0.40138326318485756,0.40138326318485756,0.5322866055901505,0.6631899479954435,0.6631899479954435,0.6631899479954435,0.7597166967565261,0.8562434455176087
2026-09-27,UNAM Pumas,Cruz Azul,0.37089976232852895,0.25249430005729245,0.37660593761417877,0.17118075751169606,0.17118075751169606,0.17118075751169606,0.2710402599201125,0.37089976232852895,0.37089976232852895,0.4971469123571752,0.6233940623858214,0.6233940623858214,0.6233940623858214,0.7241539876609469,0.8249139129360724,0.17508608706392775,0.17508608706392775,0.17508608706392775,0.27584601233905326,0.37660593761417877,0.37660593761417877,0.5028530876428251,0.6291002376714714,0.6291002376714714,0.6291002376714714,0.7289597400798877,0.8288192424883041
2026-09-27,UNAM Pumas,FC Juarez,0.5859005948536151,0.21586190720177717,0.1982374979446077,0.34974856453793984,0.34974856453793984,0.34974856453793984,0.4678245796957775,0.5859005948536151,0.5859005948536151,0.6938315484545037,0.8017625020553923,0.8017625020553923,0.8017625020553923,0.8650484723557188,0.9283344426560454,0.07166555734395468,0.07166555734395468,0.07166555734395468,0.1349515276442812,0.1982374979446077,0.1982374979446077,0.30616845154549627,0.4140994051463848,0.4140994051463848,0.4140994051463848,0.5321754203042225,0.6502514354620601
2026-09-27,UNAM Pumas,Guadalajara,0.3797863241862441,0.25980573546772123,0.3604079403460346,0.17334529139847177,0.17334529139847177,0.17334529139847177,0.27656580779235795,0.3797863241862441,0.3797863241862441,0.5096891919201048,0.6395920596539654,0.6395920596539654,0.6395920596539654,0.7396270111198182,0.839661962585671,0.16033803741432892,0.16033803741432892,0.16033803741432892,0.2603729888801818,0.3604079403460346,0.3604079403460346,0.49031080807989524,0.6202136758137559,0.6202136758137559,0.6202136758137559,0.7234341922076419,0.8266547086015281
2026-09-27,UNAM Pumas,Leon,0.5409206433735733,0.2345372544482258,0.22454210217820092,0.30171179857618063,0.30171179857618063,0.30171179857618063,0.421316220974877,0.5409206433735733,0.5409206433735733,0.6581892705976862,0.7754578978217991,0.7754578978217991,0.7754578978217991,0.8466441423464208,0.9178303868710427,0.08216961312895725,0.08216961312895725,0.08216961312895725,0.1533558576535791,0.22454210217820092,0.22454210217820092,0.34181072940231383,0.45907935662642674,0.45907935662642674,0.45907935662642674,0.5786837790251231,0.6982882014238194
2026-09-27,UNAM Pumas,Mazatlan,0.616965372713428,0.21018777670693792,0.17284685057963417,0.37620632997051273,0.37620632997051273,0.37620632997051273,0.49658585134197036,0.616965372713428,0.616965372713428,0.722059261066897,0.827153149420366,0.827153149420366,0.827153149420366,0.8845748844914769,0.941996619562588,0.05800338043741208,0.05800338043741208,0.05800338043741208,0.11542511550852312,0.17284685057963417,0.17284685057963417,0.2779407389331031,0.38303462728657206,0.38303462728657206,0.38303462728657206,0.5034141486580297,0.6237936700294874
2026-09-27,UNAM Pumas,Monterrey,0.44860123222098364,0.239977403767996,0.3114213640110202,0.23314272406916464,0.23314272406916464,0.23314272406916464,0.34087197814507414,0.44860123222098364,0.44860123222098364,0.5685899341049817,0.6885786359889797,0.6885786359889797,0.6885786359889797,0.7759330936399937,0.8632875512910079,0.13671244870899207,0.13671244870899207,0.13671244870899207,0.22406690636000615,0.3114213640110202,0.3114213640110202,0.4314100658950182,0.5513987677790162,0.5513987677790162,0.5513987677790162,0.6591280218549258,0.7668572759308353
2026-09-27,UNAM Pumas,Necaxa,0.5545866206775019,0.22132327962432624,0.22409009969817184,0.32306880301938684,0.32306880301938684,0.32306880301938684,0.4388277118484444,0.5545866206775019,0.5545866206775019,0.665248260489665,0.775909900301828,0.775909900301828,0.775909900301828,0.8448799198657094,0.9138499394295908,0.0861500605704092,0.0861500605704092,0.0861500605704092,0.15512008013429052,0.22409009969817184,0.22409009969817184,0.334751739510335,0.44541337932249814,0.44541337932249814,0.44541337932249814,0.5611722881515556,0.6769311969806131
2026-09-27,UNAM Pumas,Pachuca,0.4234005151161585,0.2650161776757737,0.31158330720806776,0.19977649965937685,0.19977649965937685,0.19977649965937685,0.31158850738776767,0.4234005151161585,0.4234005151161585,0.5559086039540453,0.6884166927919321,0.6884166927919321,0.6884166927919321,0.7811753045540234,0.8739339163161147,0.12606608368388522,0.12606608368388522,0.12606608368388522,0.2188246954459765,0.31158330720806776,0.31158330720806776,0.4440913960459545,0.5765994848838413,0.5765994848838413,0.5765994848838413,0.6884114926122322,0.8002235003406231
2026-09-27,UNAM Pumas,Puebla,0.6087849590830651,0.22315944232878585,0.16805559858814909,0.35711074694465356,0.35711074694465356,0.35711074694465356,0.48294785301385934,0.6087849590830651,0.6087849590830651,0.720364680247458,0.831944401411851,0.831944401411851,0.831944401411851,0.8898492344552769,0.9477540674987027,0.05224593250129725,0.05224593250129725,0.05224593250129725,0.11015076554472317,0.16805559858814909,0.16805559858814909,0.279635319752542,0.391215040916935,0.391215040916935,0.391215040916935,0.5170521469861407,0.6428892530553463
2026-09-27,UNAM Pumas,Queretaro,0.5130897473788437,0.2519148474340808,0.2349954051870755,0.26880863426007306,0.26880863426007306,0.26880863426007306,0.3909491908194584,0.5130897473788437,0.5130897473788437,0.639047171095884,0.7650045948129245,0.7650045948129245,0.7650045948129245,0.8408874760561085,0.9167703572992926,0.08322964270070746,0.08322964270070746,0.08322964270070746,0.15911252394389147,0.2349954051870755,0.2349954051870755,0.36095282890411595,0.48691025262115634,0.48691025262115634,0.48691025262115634,0.6090508091805417,0.731191365739927
2026-09-27,UNAM Pumas,Santos Laguna,0.6180170182976467,0.20784312315025774,0.17413985855209563,0.37949622585465664,0.37949622585465664,0.37949622585465664,0.4987566220761517,0.6180170182976467,0.6180170182976467,0.7219385798727754,0.8258601414479042,0.8258601414479042,0.8258601414479042,0.8832490348799841,0.9406379283120639,0.05936207168793602,0.05936207168793602,0.05936207168793602,0.11675096512001583,0.17413985855209563,0.17413985855209563,0.2780614201272245,0.3819829817023534,0.3819829817023534,0.3819829817023534,0.5012433779238484,0.6205037741453434
2026-09-27,UNAM Pumas,Tigres UANL,0.39030028907724623,0.26792338841945473,0.3417763225032991,0.17611621573905623,0.17611621573905623,0.17611621573905623,0.28320825240815123,0.39030028907724623,0.39030028907724623,0.5242619832869736,0.658223677496701,0.658223677496701,0.658223677496701,0.7569799928075727,0.8557363081184444,0.14426369188155563,0.14426369188155563,0.14426369188155563,0.24302000719242736,0.3417763225032991,0.3417763225032991,0.4757380167130265,0.6096997109227539,0.6096997109227539,0.6096997109227539,0.7167917475918488,0.8238837842609439
2026-09-27,UNAM Pumas,Tijuana,0.4813255077419443,0.24016511152698017,0.2785093807310757,0.25603724933841787,0.25603724933841787,0.25603724933841787,0.3686813785401811,0.4813255077419443,0.4813255077419443,0.6014080635054344,0.7214906192689244,0.7214906192689244,0.7214906192689244,0.8034561568972214,0.8854216945255184,0.11457830547448153,0.11457830547448153,0.11457830547448153,0.19654384310277861,0.2785093807310757,0.2785093807310757,0.3985919364945658,0.518674492258056,0.518674492258056,0.518674492258056,0.6313186214598191,0.7439627506615822
2026-09-27,UNAM Pumas,Toluca,0.32377597281028575,0.24703559063829306,0.42918843655142125,0.1418315505782654,0.1418315505782654,0.1418315505782654,0.23280376169427558,0.32377597281028575,0.32377597281028575,0.44729376812943233,0.5708115634485789,0.5708115634485789,0.5708115634485789,0.6780291242315412,0.7852466850145035,0.2147533149854967,0.2147533149854967,0.2147533149854967,0.32197087576845895,0.42918843655142125,0.42918843655142125,0.5527062318705678,0.6762240271897143,0.6762240271897143,0.6762240271897143,0.7671962383057245,0.8581684494217346
