Country,League,Season,round,Date,Time,Home,Away,HG,AG,HxG,AxG,HExpG+,AExpG+,Res,PSCH,PSCD,PSCA
Mexico,Liga MX,2023/2024,1,2023/07/01,02:00,Mazatlan,Pachuca,1,1,1.3,4.2,1.165,2.76,D,3.77,3.53,2.08
Mexico,Liga MX,2023/2024,1,2023/07/01,04:10,Tijuana,UNAM Pumas,2,3,1.2,2.7,1.56,2.835,A,2.01,3.82,3.7
Mexico,Liga MX,2023/2024,1,2023/07/01,02:00,Club America,FC Juarez,1,2,0.9,0.7,0.945,1.285,A,1.47,4.75,7.05
Mexico,Liga MX,2023/2024,1,2023/07/02,19:00,Toluca,Necaxa,0,0,1.2,1.1,0.66,0.605,D,1.64,4.36,5.25
Mexico,Liga MX,2023/2024,1,2023/07/02,00:00,Atletico San Luis,Monterrey,1,1,3.3,1.8,2.265,1.44,D,3.64,3.53,2.13
Mexico,Liga MX,2023/2024,1,2023/07/02,02:00,Tigres UANL,Puebla,1,1,2.4,0.6,1.77,0.78,D,1.5,4.75,6.44
Mexico,Liga MX,2023/2024,1,2023/07/02,04:10,Atlas,Cruz Azul,2,0,3.1,0.6,2.605,0.33,H,1.91,3.59,4.4
Mexico,Liga MX,2023/2024,1,2023/07/03,02:05,Santos Laguna,Queretaro,0,2,0.8,0.5,0.44,1.175,A,1.68,4.2,5.12
Mexico,Liga MX,2023/2024,1,2023/07/04,03:00,Leon,Guadalajara,1,2,2,1.3,1.55,1.615,A,1.93,3.5,4.43
Mexico,Liga MX,2023/2024,2,2023/07/08,02:00,Puebla,Santos Laguna,2,3,1.5,3.2,1.725,3.11,A,2.71,3.81,2.52
Mexico,Liga MX,2023/2024,2,2023/07/08,04:00,Necaxa,Tijuana,1,1,1.2,1.3,1.11,1.165,D,2.07,3.57,3.76
Mexico,Liga MX,2023/2024,2,2023/07/09,19:00,UNAM Pumas,Mazatlan,0,0,1.1,0.8,0.605,0.44,D,1.46,4.98,7.11
Mexico,Liga MX,2023/2024,2,2023/07/09,00:50,Cruz Azul,Toluca,0,2,0.5,2.1,0.275,2.055,A,2.53,3.58,2.83
Mexico,Liga MX,2023/2024,2,2023/07/09,01:06,FC Juarez,Tigres UANL,1,1,1.1,1.9,1.055,1.495,D,3.8,3.48,2.09
Mexico,Liga MX,2023/2024,2,2023/07/09,01:05,Guadalajara,Atletico San Luis,3,1,1.3,1.2,2.065,1.11,H,2,3.56,4.02
Mexico,Liga MX,2023/2024,2,2023/07/10,02:00,Monterrey,Atlas,1,0,0.8,0.8,0.89,0.44,H,1.94,3.62,4.19
Mexico,Liga MX,2023/2024,2,2023/07/11,03:00,Leon,Pachuca,4,0,2.3,1.4,3.065,0.77,H,1.91,3.82,4.11
Mexico,Liga MX,2023/2024,3,2023/07/14,02:05,Santos Laguna,Atlas,0,0,0.5,0.3,0.275,0.165,D,2.18,3.63,3.4
Mexico,Liga MX,2023/2024,3,2023/07/14,04:00,Guadalajara,Necaxa,2,0,1.4,0.6,1.67,0.33,H,2.25,3.24,3.63
Mexico,Liga MX,2023/2024,3,2023/07/15,02:00,Mazatlan,Monterrey,0,3,0.3,2.6,0.165,2.78,A,4.38,3.7,1.88
Mexico,Liga MX,2023/2024,3,2023/07/15,04:10,Tijuana,Cruz Azul,2,1,0.7,0.8,1.285,0.89,H,1.96,3.56,4.01
Mexico,Liga MX,2023/2024,3,2023/07/16,19:00,Toluca,FC Juarez,2,4,2,1.9,2,2.845,A,1.56,4.56,5.78
Mexico,Liga MX,2023/2024,3,2023/07/16,00:00,Atletico San Luis,Queretaro,4,1,1.7,0.5,2.735,0.725,H,2.06,3.53,3.84
Mexico,Liga MX,2023/2024,3,2023/07/16,02:00,Club America,Puebla,3,0,3.6,0.9,3.33,0.495,H,1.44,5.03,7.14
Mexico,Liga MX,2023/2024,3,2023/07/16,04:05,Tigres UANL,Leon,1,0,1.2,1.2,1.11,0.66,H,2.04,3.68,3.74
Mexico,Liga MX,2023/2024,3,2023/07/17,03:15,Pachuca,UNAM Pumas,1,1,1.1,0.7,1.055,0.835,D,2.08,3.91,3.43
Mexico,Liga MX,2023/2024,4,2023/08/19,02:06,Leon,Mazatlan,2,1,1.4,1.9,1.67,1.495,H,1.35,5.64,8.57
Mexico,Liga MX,2023/2024,4,2023/08/19,04:10,FC Juarez,Guadalajara,1,1,1.5,1.1,1.275,1.055,D,3.97,3.38,2.08
Mexico,Liga MX,2023/2024,4,2023/08/19,04:00,UNAM Pumas,Toluca,1,1,3.8,0.9,2.54,0.945,D,2.7,3.75,2.56
Mexico,Liga MX,2023/2024,4,2023/08/19,04:06,Puebla,Atletico San Luis,1,2,1.1,1.8,1.055,1.89,A,2.64,3.88,2.56
Mexico,Liga MX,2023/2024,4,2023/08/21,04:10,Necaxa,Tigres UANL,0,3,1,1.4,0.55,2.12,A,4.5,3.71,1.86
Mexico,Liga MX,2023/2024,4,2023/08/21,04:10,Club America,Atlas,1,1,1.8,0.9,1.44,0.945,D,2.12,3.68,3.5
Mexico,Liga MX,2023/2024,4,2023/08/21,02:06,Queretaro,Pachuca,1,1,0.6,1.3,0.78,1.165,D,3.03,3.5,2.43
Mexico,Liga MX,2023/2024,4,2023/08/21,00:00,Cruz Azul,Santos Laguna,2,2,2.3,2.5,2.165,2.275,D,2.26,3.64,3.23
Mexico,Liga MX,2023/2024,5,2023/08/23,02:00,Mazatlan,Puebla,1,0,1.2,0.5,1.11,0.275,H,1.94,3.86,3.9
Mexico,Liga MX,2023/2024,5,2023/08/23,02:00,Guadalajara,Tijuana,1,0,2.1,0.1,1.605,0.055,H,1.71,4.05,4.99
Mexico,Liga MX,2023/2024,5,2023/08/23,04:06,FC Juarez,UNAM Pumas,4,1,1.9,1.7,2.845,1.385,H,3.01,3.55,2.42
Mexico,Liga MX,2023/2024,5,2023/08/24,02:00,Club America,Necaxa,3,2,2.4,0.6,2.67,1.23,H,1.42,5.18,7.53
Mexico,Liga MX,2023/2024,5,2023/08/24,02:06,Pachuca,Cruz Azul,1,0,0.8,1.4,0.89,0.77,H,2.27,3.5,3.32
Mexico,Liga MX,2023/2024,5,2023/08/24,04:00,Atletico San Luis,Leon,3,0,0.6,1.3,1.68,0.715,H,3.28,3.76,2.18
Mexico,Liga MX,2023/2024,6,2023/08/26,02:00,Puebla,FC Juarez,1,0,1.3,0.5,1.165,0.275,H,2.36,3.58,3.08
Mexico,Liga MX,2023/2024,6,2023/08/26,04:10,Tijuana,Mazatlan,1,1,0.8,0.4,0.89,0.67,D,1.9,3.98,3.97
Mexico,Liga MX,2023/2024,6,2023/08/27,02:00,Club America,Leon,1,1,1.6,0.7,1.33,0.835,D,1.88,4.1,3.92
Mexico,Liga MX,2023/2024,6,2023/08/27,04:05,Santos Laguna,Guadalajara,2,1,1.7,0.9,1.835,0.945,H,2.29,3.61,3.15
Mexico,Liga MX,2023/2024,6,2023/08/27,23:00,Necaxa,Queretaro,0,1,0.4,1.6,0.22,1.33,A,2.47,3.34,3.09
Mexico,Liga MX,2023/2024,6,2023/08/27,00:00,Atlas,Toluca,0,0,0.9,0.8,0.495,0.44,D,1.97,3.72,3.96
Mexico,Liga MX,2023/2024,6,2023/08/28,03:05,Monterrey,Cruz Azul,1,2,1.4,1.3,1.22,1.615,A,1.57,4.63,5.62
Mexico,Liga MX,2023/2024,6,2023/08/28,01:05,UNAM Pumas,Tigres UANL,2,1,1.8,0.4,1.89,0.67,H,3.1,3.51,2.38
Mexico,Liga MX,2023/2024,6,2023/08/29,04:10,Pachuca,Atletico San Luis,0,2,0.9,1.7,0.495,1.835,A,1.97,3.98,3.7
Mexico,Liga MX,2023/2024,5,2023/08/31,02:00,Toluca,Monterrey,1,0,0.5,1.2,0.725,0.66,H,2.38,3.9,2.85
Mexico,Liga MX,2023/2024,5,2023/08/31,02:06,Queretaro,Atlas,1,2,1.2,0.8,1.11,1.34,A,3.73,3.19,2.24
Mexico,Liga MX,2023/2024,5,2023/08/31,04:00,Tigres UANL,Santos Laguna,3,2,2.3,1.7,2.615,1.835,H,1.89,3.87,4.13
Mexico,Liga MX,2023/2024,7,2023/09/02,02:06,FC Juarez,Mazatlan,3,1,1.4,1.5,2.12,1.275,H,1.95,3.77,3.97
Mexico,Liga MX,2023/2024,7,2023/09/02,04:10,Puebla,Tijuana,3,0,1.1,1.5,1.955,0.825,H,2.06,3.8,3.56
Mexico,Liga MX,2023/2024,7,2023/09/03,02:00,Santos Laguna,UNAM Pumas,2,1,1.8,0.9,1.89,0.945,H,1.88,4.13,3.91
Mexico,Liga MX,2023/2024,7,2023/09/03,02:05,Tigres UANL,Queretaro,5,0,3.5,0.5,4.175,0.275,H,1.5,4.36,7.43
Mexico,Liga MX,2023/2024,7,2023/09/03,04:10,Cruz Azul,Club America,2,3,1.2,0.6,1.56,1.68,A,3.44,3.94,2.07
Mexico,Liga MX,2023/2024,7,2023/09/03,19:00,Toluca,Pachuca,5,0,4.2,0.4,4.56,0.22,H,2.27,3.85,3.06
Mexico,Liga MX,2023/2024,7,2023/09/03,00:00,Leon,Necaxa,1,1,1.1,0.5,1.055,0.725,D,1.44,4.86,7.61
Mexico,Liga MX,2023/2024,7,2023/09/04,00:05,Guadalajara,Monterrey,1,2,0.6,1.3,0.78,1.615,A,3.09,3.2,2.55
Mexico,Liga MX,2023/2024,7,2023/09/04,03:00,Atletico San Luis,Atlas,2,0,1.3,0.6,1.615,0.33,H,2.6,3.29,2.95
Mexico,Liga MX,2023/2024,8,2023/09/16,01:50,Mazatlan,Cruz Azul,2,2,2.2,1.6,2.11,1.78,D,3.56,3.75,2.08
Mexico,Liga MX,2023/2024,8,2023/09/16,04:00,Tijuana,Toluca,2,1,1.1,0.4,1.505,0.67,H,2.62,3.76,2.63
Mexico,Liga MX,2023/2024,8,2023/09/17,04:10,Club America,Guadalajara,4,0,1.3,0.4,2.515,0.22,H,1.76,3.96,4.75
Mexico,Liga MX,2023/2024,8,2023/09/17,02:00,Monterrey,Leon,3,1,1.2,0.8,2.01,0.89,H,1.93,3.86,4
Mexico,Liga MX,2023/2024,8,2023/09/17,19:00,UNAM Pumas,Atletico San Luis,3,2,2.1,0.5,2.505,1.175,H,1.94,4.01,3.77
Mexico,Liga MX,2023/2024,8,2023/09/17,00:00,Necaxa,FC Juarez,1,1,1.4,0.4,1.22,0.67,D,3.02,3.37,2.5
Mexico,Liga MX,2023/2024,8,2023/09/18,00:00,Queretaro,Puebla,1,1,1.7,1.8,1.385,1.44,D,2,3.83,3.73
Mexico,Liga MX,2023/2024,8,2023/09/18,02:00,Atlas,Tigres UANL,2,0,1.7,0.6,1.835,0.33,H,3.18,3.17,2.52
Mexico,Liga MX,2023/2024,8,2023/09/19,04:00,Pachuca,Santos Laguna,3,2,1.4,1.7,2.12,1.835,H,2.17,3.91,3.21
Mexico,Liga MX,2023/2024,2,2023/09/21,03:06,Queretaro,Club America,1,2,0.8,1,0.89,1.45,A,4.73,4.27,1.71
Mexico,Liga MX,2023/2024,9,2023/09/23,02:00,FC Juarez,Atlas,1,2,1.9,1.4,1.495,1.67,A,2.74,3.1,2.94
Mexico,Liga MX,2023/2024,9,2023/09/23,02:00,Atletico San Luis,Mazatlan,3,2,1.4,2.2,2.12,2.11,H,1.6,4.47,5.52
Mexico,Liga MX,2023/2024,9,2023/09/23,04:10,Puebla,UNAM Pumas,0,2,0.7,2,0.385,2,A,3.55,4.15,1.97
Mexico,Liga MX,2023/2024,9,2023/09/24,19:00,Toluca,Club America,1,1,1.5,2,1.275,1.55,D,3.21,4.06,2.13
Mexico,Liga MX,2023/2024,9,2023/09/24,04:05,Tigres UANL,Monterrey,3,0,1.6,1,2.23,0.55,H,2.56,3.33,2.98
Mexico,Liga MX,2023/2024,9,2023/09/24,02:00,Guadalajara,Pachuca,0,0,0.7,0.9,0.385,0.495,D,2.22,3.44,3.48
Mexico,Liga MX,2023/2024,9,2023/09/24,02:00,Leon,Tijuana,1,0,1.1,0.1,1.055,0.055,H,1.49,4.84,6.45
Mexico,Liga MX,2023/2024,9,2023/09/24,23:00,Cruz Azul,Queretaro,1,3,2.4,1.9,1.77,2.395,A,1.71,4.05,5.05
Mexico,Liga MX,2023/2024,9,2023/09/25,03:05,Santos Laguna,Necaxa,2,5,3.2,1.4,2.66,3.02,A,1.45,5.18,6.77
Mexico,Liga MX,2023/2024,11,2023/09/27,02:05,Guadalajara,Mazatlan,1,3,0.5,1.5,0.725,2.175,A,1.46,4.79,7.26
Mexico,Liga MX,2023/2024,10,2023/09/29,03:00,Atlas,Puebla,2,3,1,1.5,1.45,2.175,A,1.56,4.31,6.25
Mexico,Liga MX,2023/2024,10,2023/09/30,02:00,Queretaro,Leon,1,1,1.3,1.1,1.165,1.055,D,3.34,3.52,2.25
Mexico,Liga MX,2023/2024,10,2023/09/30,04:10,Tijuana,FC Juarez,5,1,2.2,0.8,3.46,0.89,H,2.27,3.3,3.53
Mexico,Liga MX,2023/2024,10,2023/09/30,04:00,Atletico San Luis,Cruz Azul,1,2,1.9,1.2,1.495,1.56,A,2.48,3.6,2.88
Mexico,Liga MX,2023/2024,10,2023/10/01,02:06,Mazatlan,Tigres UANL,2,3,1.8,2,1.89,2.45,A,3.89,3.63,2.02
Mexico,Liga MX,2023/2024,10,2023/10/01,01:45,Club America,UNAM Pumas,1,0,1.9,0.6,1.495,0.33,H,1.76,4.07,4.63
Mexico,Liga MX,2023/2024,10,2023/10/01,00:00,Pachuca,Necaxa,1,1,1.9,1,1.495,1,D,1.75,3.94,4.92
Mexico,Liga MX,2023/2024,10,2023/10/02,00:20,Toluca,Guadalajara,1,1,1.7,0.7,1.385,0.835,D,2.17,3.61,3.44
Mexico,Liga MX,2023/2024,11,2023/10/04,02:00,Puebla,Monterrey,1,1,0.6,2.2,0.78,1.66,D,4.88,3.99,1.74
Mexico,Liga MX,2023/2024,11,2023/10/04,04:00,Club America,Pachuca,4,0,2.9,0.7,3.395,0.385,H,1.58,4.43,5.82
Mexico,Liga MX,2023/2024,11,2023/10/05,02:00,UNAM Pumas,Queretaro,4,0,1.9,0.2,2.845,0.11,H,1.83,3.81,4.5
Mexico,Liga MX,2023/2024,11,2023/10/05,02:00,Necaxa,Cruz Azul,1,3,1.3,2.2,1.165,2.56,A,3.47,3.57,2.17
Mexico,Liga MX,2023/2024,11,2023/10/05,04:00,Santos Laguna,Tijuana,2,1,2.1,2,2.055,1.55,H,1.68,4.33,4.93
Mexico,Liga MX,2023/2024,11,2023/10/05,04:00,Tigres UANL,Toluca,2,2,0.8,1.1,1.34,1.505,D,1.57,4.43,5.96
Mexico,Liga MX,2023/2024,12,2023/10/07,04:00,Mazatlan,Club America,1,2,0.5,2.3,0.725,2.165,A,5.04,4.44,1.65
Mexico,Liga MX,2023/2024,12,2023/10/08,02:00,Pachuca,Tigres UANL,1,1,1.1,2.1,1.055,1.605,D,3.03,3.6,2.38
Mexico,Liga MX,2023/2024,12,2023/10/08,02:00,Guadalajara,Atlas,4,1,2,0.6,2.9,0.78,H,2.59,3.02,3.22
Mexico,Liga MX,2023/2024,12,2023/10/08,04:10,Cruz Azul,UNAM Pumas,1,4,2,1.5,1.55,2.625,A,2.34,3.75,2.99
Mexico,Liga MX,2023/2024,12,2023/10/08,00:00,Monterrey,FC Juarez,3,1,2,1.5,2.45,1.275,H,1.49,4.7,6.71
Mexico,Liga MX,2023/2024,12,2023/10/08,19:00,Toluca,Queretaro,3,1,3.6,1.1,3.33,1.055,H,1.63,4.43,5.27
Mexico,Liga MX,2023/2024,12,2023/10/09,04:00,Tijuana,Atletico San Luis,2,1,1.9,2.1,1.945,1.605,H,1.96,3.8,3.91
Mexico,Liga MX,2023/2024,12,2023/10/09,02:05,Santos Laguna,Leon,0,2,0.3,2.1,0.165,2.055,A,2.18,4.06,3.1
Mexico,Liga MX,2023/2024,12,2023/10/09,00:00,Necaxa,Puebla,1,2,1.7,1.1,1.385,1.505,A,2.25,3.68,3.2
Mexico,Liga MX,2023/2024,13,2023/10/21,04:10,Puebla,Guadalajara,0,2,1.5,1.1,0.825,1.505,A,3.85,3.61,2.03
Mexico,Liga MX,2023/2024,13,2023/10/21,02:06,FC Juarez,Pachuca,0,1,1.7,1.4,0.935,1.22,A,2.49,3.42,3
Mexico,Liga MX,2023/2024,13,2023/10/21,02:00,Atlas,Mazatlan,1,3,2.5,1.7,1.825,2.285,A,1.74,3.98,4.92
Mexico,Liga MX,2023/2024,13,2023/10/22,02:00,Club America,Santos Laguna,4,3,3.1,0.9,3.505,1.845,H,1.37,5.65,8.02
Mexico,Liga MX,2023/2024,13,2023/10/22,00:00,Leon,Toluca,1,0,1.2,1.3,1.11,0.715,H,1.99,3.78,3.83
Mexico,Liga MX,2023/2024,13,2023/10/22,02:06,Queretaro,Tijuana,1,0,1.6,0.6,1.33,0.33,H,2.12,3.48,3.72
Mexico,Liga MX,2023/2024,13,2023/10/22,04:10,Tigres UANL,Cruz Azul,2,1,0.9,0.6,1.395,0.78,H,1.59,4.49,5.61
Mexico,Liga MX,2023/2024,13,2023/10/22,19:00,UNAM Pumas,Monterrey,0,1,1,0.3,0.55,0.615,A,2.38,3.59,3.04
Mexico,Liga MX,2023/2024,13,2023/10/23,01:00,Atletico San Luis,Necaxa,4,0,1,0.5,2.35,0.275,H,1.75,4.12,4.62
Mexico,Liga MX,2023/2024,11,2023/10/25,02:00,Leon,Atlas,1,1,1.2,1.1,1.11,1.055,D,1.83,3.71,4.73
Mexico,Liga MX,2023/2024,4,2023/10/26,02:00,Monterrey,Tijuana,3,1,1.9,0.4,2.395,0.67,H,1.6,4.45,5.59
Mexico,Liga MX,2023/2024,11,2023/10/26,04:06,FC Juarez,Atletico San Luis,3,2,0.7,0.7,1.735,1.285,H,2.57,3.56,2.8
Mexico,Liga MX,2023/2024,14,2023/10/28,02:00,Necaxa,UNAM Pumas,1,0,0.9,0.5,0.945,0.275,H,4.1,3.97,1.88
Mexico,Liga MX,2023/2024,14,2023/10/28,04:00,Mazatlan,Queretaro,3,0,1.8,1.9,2.34,1.045,H,2.31,3.49,3.18
Mexico,Liga MX,2023/2024,14,2023/10/29,03:10,Monterrey,Club America,0,3,0.7,1,0.385,1.9,A,2.29,3.76,3.05
Mexico,Liga MX,2023/2024,14,2023/10/29,01:05,Guadalajara,Tigres UANL,0,4,0.8,1.3,0.44,2.515,A,2.99,3.25,2.59
Mexico,Liga MX,2023/2024,14,2023/10/29,18:00,Toluca,Atletico San Luis,3,1,1.5,0.9,2.175,0.945,H,1.68,4.58,4.61
Mexico,Liga MX,2023/2024,14,2023/10/29,01:05,Pachuca,Puebla,1,1,2.5,1.2,1.825,1.11,D,1.68,4.26,5
Mexico,Liga MX,2023/2024,14,2023/10/29,00:00,Cruz Azul,Leon,1,0,1.4,0.5,1.22,0.275,H,2.34,3.57,3.13
Mexico,Liga MX,2023/2024,14,2023/10/30,01:05,Santos Laguna,FC Juarez,5,1,1.9,0.9,3.295,0.945,H,1.7,4.33,4.75
Mexico,Liga MX,2023/2024,14,2023/10/30,03:06,Tijuana,Atlas,2,0,0.3,0.7,1.065,0.385,H,2.03,3.43,4.08
Mexico,Liga MX,2023/2024,15,2023/11/01,03:05,Monterrey,Necaxa,3,0,1,0.2,1.9,0.11,H,1.31,5.94,10.22
Mexico,Liga MX,2023/2024,15,2023/11/01,03:00,Leon,UNAM Pumas,1,1,1.3,0.9,1.165,0.945,D,1.79,4.05,4.46
Mexico,Liga MX,2023/2024,15,2023/11/01,01:00,Toluca,Puebla,0,1,1.2,1.4,0.66,1.22,A,1.5,4.94,6.25
Mexico,Liga MX,2023/2024,15,2023/11/01,01:00,Queretaro,Guadalajara,1,2,2,3.3,1.55,2.715,A,2.9,3.21,2.7
Mexico,Liga MX,2023/2024,15,2023/11/02,01:00,Cruz Azul,FC Juarez,2,0,1.2,0.2,1.56,0.11,H,1.65,4.22,5.28
Mexico,Liga MX,2023/2024,15,2023/11/02,01:00,Atlas,Pachuca,0,2,2,1.4,1.1,1.67,A,2.47,3.28,3.14
Mexico,Liga MX,2023/2024,15,2023/11/02,03:00,Mazatlan,Santos Laguna,3,1,1.9,1.4,2.395,1.22,H,2.96,3.77,2.36
Mexico,Liga MX,2023/2024,15,2023/11/02,03:00,Tijuana,Tigres UANL,2,0,1,0.8,1.45,0.44,H,3.33,3.49,2.26
Mexico,Liga MX,2023/2024,15,2023/11/02,03:00,Atletico San Luis,Club America,0,1,0.8,1.1,0.44,1.055,A,4.69,4.16,1.74
Mexico,Liga MX,2023/2024,16,2023/11/04,03:00,Puebla,Leon,5,4,1.4,3.1,3.02,3.505,H,3.96,3.99,1.9
Mexico,Liga MX,2023/2024,16,2023/11/04,22:55,Tigres UANL,Atletico San Luis,2,2,1.9,0.8,1.945,1.34,D,1.45,4.88,7.41
Mexico,Liga MX,2023/2024,16,2023/11/05,03:05,Pachuca,Monterrey,0,2,1.3,0.5,0.715,1.175,A,2.79,3.49,2.61
Mexico,Liga MX,2023/2024,16,2023/11/05,03:05,Guadalajara,Cruz Azul,1,0,1.4,0.9,1.22,0.495,H,2.39,3.48,3.1
Mexico,Liga MX,2023/2024,16,2023/11/05,22:00,Necaxa,Mazatlan,4,0,1.8,0.9,2.79,0.495,H,2.62,3.63,2.71
Mexico,Liga MX,2023/2024,16,2023/11/05,18:00,UNAM Pumas,Atlas,3,0,3.9,0.3,3.495,0.165,H,1.88,3.77,4.3
Mexico,Liga MX,2023/2024,16,2023/11/05,01:00,Club America,Tijuana,3,0,3.4,0.2,3.22,0.11,H,1.36,5.62,8.32
Mexico,Liga MX,2023/2024,16,2023/11/06,02:06,FC Juarez,Queretaro,0,3,0.9,2.2,0.495,2.56,A,1.93,3.72,4.17
Mexico,Liga MX,2023/2024,16,2023/11/06,00:05,Santos Laguna,Toluca,3,1,2.3,1.7,2.615,1.385,H,2.08,3.92,3.4
Mexico,Liga MX,2023/2024,10,2023/11/09,02:00,Monterrey,Santos Laguna,3,0,2,0.1,2.45,0.055,H,1.77,4.21,4.4
Mexico,Liga MX,2023/2024,17,2023/11/11,23:00,Atletico San Luis,Santos Laguna,0,2,1.3,1,0.715,1.45,A,2.34,4.09,2.8
Mexico,Liga MX,2023/2024,17,2023/11/11,23:00,Queretaro,Monterrey,0,0,1.6,0.8,0.88,0.44,D,2.76,3.5,2.63
Mexico,Liga MX,2023/2024,17,2023/11/11,01:06,Mazatlan,Toluca,1,0,0.9,0.5,0.945,0.275,H,3.19,4.16,2.11
Mexico,Liga MX,2023/2024,17,2023/11/11,01:00,Atlas,Necaxa,0,0,0.5,0.5,0.275,0.275,D,1.87,3.78,4.33
Mexico,Liga MX,2023/2024,17,2023/11/11,03:10,Tijuana,Pachuca,2,3,3,1.1,2.55,1.955,A,2.24,3.56,3.33
Mexico,Liga MX,2023/2024,17,2023/11/12,03:10,Tigres UANL,Club America,0,0,0.7,1,0.385,0.55,D,2.64,3.68,2.65
Mexico,Liga MX,2023/2024,17,2023/11/12,01:00,UNAM Pumas,Guadalajara,1,0,1.1,1,1.055,0.55,H,1.92,3.89,3.97
Mexico,Liga MX,2023/2024,17,2023/11/13,02:05,Leon,FC Juarez,2,1,2,0.3,2,0.615,H,1.4,5.2,7.56
Mexico,Liga MX,2023/2024,17,2023/11/13,00:00,Cruz Azul,Puebla,1,2,2.2,1.3,1.66,1.615,A,1.83,4.26,4.05
Mexico,Liga MX,2023/2024,,2023/11/24,03:10,Santos Laguna,Mazatlan,2,1,2,1,2,1,H,1.65,4.4,5.12
Mexico,Liga MX,2023/2024,,2023/11/24,01:00,Atletico San Luis,Leon,3,2,0.6,1,1.68,1.45,H,2.88,3.5,2.54
Mexico,Liga MX,2023/2024,,2023/11/27,02:06,Leon,Santos Laguna,3,2,1.6,1.9,2.23,1.945,H,1.76,4.39,4.29
Mexico,Liga MX,2023/2024,,2023/11/30,03:10,Atletico San Luis,Monterrey,1,0,1.1,0.6,1.055,0.33,H,3.72,3.44,2.13
Mexico,Liga MX,2023/2024,,2023/11/30,01:06,Leon,Club America,2,2,1.3,2.2,1.615,2.11,D,3.35,3.59,2.21
Mexico,Liga MX,2023/2024,,2023/12/01,01:00,Puebla,Tigres UANL,2,2,1.7,1.8,1.835,1.89,D,,,
Mexico,Liga MX,2023/2024,,2023/12/01,03:05,Guadalajara,UNAM Pumas,1,0,1.2,0.4,1.11,0.22,H,,,
Mexico,Liga MX,2023/2024,,2023/12/03,01:00,Club America,Leon,2,0,2.3,0.3,2.165,0.165,H,1.55,4.51,5.8
Mexico,Liga MX,2023/2024,,2023/12/03,03:10,Monterrey,Atletico San Luis,1,1,2,0.7,1.55,0.835,D,1.52,4.61,6.44
Mexico,Liga MX,2023/2024,,2023/12/04,00:00,UNAM Pumas,Guadalajara,3,0,1,0.2,1.9,0.11,H,1.98,3.6,4.07
Mexico,Liga MX,2023/2024,,2023/12/04,02:10,Tigres UANL,Puebla,3,0,1.9,0.5,2.395,0.275,H,1.36,5.55,8.65
Mexico,Liga MX,2023/2024,,2023/12/07,03:00,Atletico San Luis,Club America,0,5,1,2.7,0.55,3.735,A,4.59,3.94,1.79
Mexico,Liga MX,2023/2024,,2023/12/08,03:00,UNAM Pumas,Tigres UANL,0,1,0.5,0.6,0.275,0.78,A,2.7,2.99,3.1
Mexico,Liga MX,2023/2024,,2023/12/10,02:00,Club America,Atletico San Luis,0,2,0.2,2,0.11,2,A,1.45,5.07,6.99
Mexico,Liga MX,2023/2024,,2023/12/11,02:00,Tigres UANL,UNAM Pumas,1,1,0.6,1.6,0.78,1.33,D,1.81,3.79,4.69
Mexico,Liga MX,2023/2024,,2023/12/15,03:00,Tigres UANL,Club America,1,1,0.6,1.7,0.78,1.385,D,2.87,3.02,2.87
Mexico,Liga MX,2023/2024,,2023/12/18,01:30,Club America,Tigres UANL,0,0,2.1,0.7,1.155,0.385,D,1.7,3.64,5.99
Mexico,Liga MX,2023/2024,1,2024/01/13,01:00,Queretaro,Toluca,2,2,0.7,1.1,1.285,1.505,D,3.44,3.39,2.26
Mexico,Liga MX,2023/2024,1,2024/01/13,03:00,Mazatlan,Atletico San Luis,0,1,2.8,0.6,1.54,0.78,A,2.86,3.29,2.67
Mexico,Liga MX,2023/2024,1,2024/01/14,03:00,Monterrey,Puebla,2,0,2.2,0.8,2.11,0.44,H,1.38,5.4,8.34
Mexico,Liga MX,2023/2024,1,2024/01/14,01:00,Cruz Azul,Pachuca,0,1,1.4,1.4,0.77,1.22,A,1.99,3.82,3.79
Mexico,Liga MX,2023/2024,1,2024/01/14,03:00,Tijuana,Club America,0,2,2.2,0.4,1.21,1.12,A,2.46,3.3,3.14
Mexico,Liga MX,2023/2024,1,2024/01/14,18:00,UNAM Pumas,FC Juarez,1,0,1.3,0.6,1.165,0.33,H,1.61,4.33,5.63
Mexico,Liga MX,2023/2024,1,2024/01/14,01:05,Guadalajara,Santos Laguna,1,1,2,1.2,1.55,1.11,D,2.05,3.56,3.85
Mexico,Liga MX,2023/2024,1,2024/01/15,00:00,Necaxa,Atlas,2,1,1.4,0.3,1.67,0.615,H,3.23,3,2.66
Mexico,Liga MX,2023/2024,1,2024/01/18,01:00,Leon,Tigres UANL,1,2,1.5,1.4,1.275,1.67,A,2.52,3.31,3.04
Mexico,Liga MX,2023/2024,2,2024/01/20,03:10,FC Juarez,Cruz Azul,0,0,0.4,2,0.22,1.1,D,3.3,3.27,2.39
Mexico,Liga MX,2023/2024,2,2024/01/20,03:00,Atletico San Luis,UNAM Pumas,3,1,1.9,2.6,2.395,1.88,H,2.91,3.24,2.67
Mexico,Liga MX,2023/2024,2,2024/01/20,01:00,Puebla,Necaxa,1,2,1.8,1.2,1.44,1.56,A,2.35,3.47,3.18
Mexico,Liga MX,2023/2024,2,2024/01/20,23:00,Toluca,Mazatlan,4,1,2.7,2,3.285,1.55,H,1.46,5.01,6.73
Mexico,Liga MX,2023/2024,2,2024/01/21,03:10,Atlas,Tijuana,0,0,1.6,0.3,0.88,0.165,D,2.66,3.14,3
Mexico,Liga MX,2023/2024,2,2024/01/21,01:05,Club America,Queretaro,2,0,2.6,0.2,2.33,0.11,H,1.42,5.12,7.64
Mexico,Liga MX,2023/2024,2,2024/01/22,02:05,Santos Laguna,Monterrey,0,2,1.2,0.9,0.66,1.395,A,3.24,3.37,2.37
Mexico,Liga MX,2023/2024,2,2024/01/22,00:00,Tigres UANL,Guadalajara,1,0,0.4,0.9,0.67,0.495,H,1.79,3.62,5.09
Mexico,Liga MX,2023/2024,4,2024/01/25,01:00,Monterrey,Queretaro,1,1,1.9,0.8,1.495,0.89,D,1.42,4.8,8.37
Mexico,Liga MX,2023/2024,4,2024/01/25,01:00,Atletico San Luis,Tigres UANL,1,2,1,1.6,1,1.78,A,3,3.41,2.49
Mexico,Liga MX,2023/2024,4,2024/01/25,03:05,FC Juarez,Club America,0,2,1.3,2.2,0.715,2.11,A,4.87,4.01,1.74
Mexico,Liga MX,2023/2024,3,2024/01/27,23:00,Cruz Azul,Mazatlan,2,1,2.3,0.3,2.165,0.615,H,1.54,4.66,5.99
Mexico,Liga MX,2023/2024,3,2024/01/27,23:00,Leon,Santos Laguna,3,2,1.5,1.3,2.175,1.615,H,1.81,4.05,4.34
Mexico,Liga MX,2023/2024,3,2024/01/27,01:00,Puebla,Toluca,1,1,1,0.8,1,0.89,D,3.49,3.93,2.03
Mexico,Liga MX,2023/2024,3,2024/01/27,03:00,Tijuana,Guadalajara,1,1,0.8,1.6,0.89,1.33,D,2.48,3.33,3.08
Mexico,Liga MX,2023/2024,3,2024/01/28,03:05,Necaxa,Club America,0,0,0.6,0.6,0.33,0.33,D,5.62,3.98,1.66
Mexico,Liga MX,2023/2024,3,2024/01/28,01:00,Monterrey,Atletico San Luis,3,1,0.7,0.5,1.735,0.725,H,1.55,4.5,6.13
Mexico,Liga MX,2023/2024,3,2024/01/28,23:15,UNAM Pumas,Pachuca,3,1,1.1,1.4,1.955,1.22,H,2.03,3.61,3.85
Mexico,Liga MX,2023/2024,3,2024/01/29,01:00,Atlas,FC Juarez,2,1,1.5,0.8,1.725,0.89,H,1.99,3.37,4.35
Mexico,Liga MX,2023/2024,3,2024/01/29,03:00,Queretaro,Tigres UANL,1,1,0.6,2.2,0.78,1.66,D,5.05,3.48,1.83
Mexico,Liga MX,2023/2024,4,2024/01/31,03:05,Guadalajara,Toluca,3,2,2.2,1.9,2.56,1.945,H,2.22,3.54,3.38
Mexico,Liga MX,2023/2024,4,2024/01/31,03:00,Santos Laguna,Puebla,3,0,2.8,1.6,2.89,0.88,H,1.76,4.13,4.56
Mexico,Liga MX,2023/2024,4,2024/01/31,01:00,Cruz Azul,Tijuana,1,0,1.8,0.6,1.44,0.33,H,1.52,4.44,6.76
Mexico,Liga MX,2023/2024,4,2024/01/31,01:00,Mazatlan,Leon,2,2,0.5,1.8,1.175,1.89,D,3.35,3.5,2.25
Mexico,Liga MX,2023/2024,4,2024/02/01,03:00,UNAM Pumas,Necaxa,2,2,2.8,0.7,2.44,1.285,D,1.7,4,5.22
Mexico,Liga MX,2023/2024,4,2024/02/01,01:00,Pachuca,Atlas,4,3,2.1,1.4,2.955,2.12,H,1.94,3.6,4.21
Mexico,Liga MX,2023/2024,5,2024/02/03,23:00,Toluca,Leon,4,1,2.1,0.6,2.955,0.78,H,2.08,3.64,3.67
Mexico,Liga MX,2023/2024,5,2024/02/03,23:06,FC Juarez,Necaxa,2,2,1.6,0.9,1.78,1.395,D,2.24,3.41,3.46
Mexico,Liga MX,2023/2024,5,2024/02/03,03:00,Puebla,Mazatlan,3,2,1.6,0.4,2.23,1.12,H,1.95,3.85,3.89
Mexico,Liga MX,2023/2024,5,2024/02/03,01:00,Queretaro,Cruz Azul,1,3,0.9,2.2,0.945,2.56,A,4.17,3.48,2
Mexico,Liga MX,2023/2024,5,2024/02/04,03:10,Club America,Monterrey,1,1,1.2,0.7,1.11,0.835,D,1.78,3.58,4.76
Mexico,Liga MX,2023/2024,5,2024/02/04,01:10,Pachuca,Tijuana,3,2,2.7,1.9,2.835,1.945,H,1.52,4.47,6.67
Mexico,Liga MX,2023/2024,5,2024/02/04,01:05,Tigres UANL,UNAM Pumas,2,2,1.6,0.6,1.78,1.23,D,1.75,3.9,4.96
Mexico,Liga MX,2023/2024,5,2024/02/05,00:00,Atlas,Santos Laguna,3,0,2.9,0.7,2.945,0.385,H,2.27,3.42,3.39
Mexico,Liga MX,2023/2024,5,2024/02/05,01:00,Atletico San Luis,Guadalajara,0,2,0.5,2.4,0.275,2.22,A,3.13,3.42,2.4
Mexico,Liga MX,2023/2024,2,2024/02/08,03:00,Pachuca,Leon,3,2,0.9,1.1,1.845,1.505,H,2.35,3.73,3
Mexico,Liga MX,2023/2024,6,2024/02/10,23:00,Necaxa,Toluca,3,3,1.9,2.7,2.395,2.835,D,3.65,3.8,2.04
Mexico,Liga MX,2023/2024,6,2024/02/10,03:10,Tijuana,Queretaro,1,1,0.9,0.7,0.945,0.835,D,1.74,4.04,4.84
Mexico,Liga MX,2023/2024,6,2024/02/10,01:00,Mazatlan,Atlas,2,0,1.2,0.5,1.56,0.275,H,2.73,3.27,2.81
Mexico,Liga MX,2023/2024,6,2024/02/10,23:05,Guadalajara,FC Juarez,2,1,2.1,1,2.055,1,H,1.51,4.43,7.01
Mexico,Liga MX,2023/2024,6,2024/02/11,01:00,Leon,Club America,0,1,1.1,2.5,0.605,1.825,A,3.26,3.61,2.25
Mexico,Liga MX,2023/2024,6,2024/02/11,03:10,Monterrey,Pachuca,3,2,2.3,0.7,2.615,1.285,H,1.72,4.26,4.62
Mexico,Liga MX,2023/2024,6,2024/02/11,01:05,Cruz Azul,Atletico San Luis,3,0,3.3,0.6,3.165,0.33,H,1.64,4.27,5.34
Mexico,Liga MX,2023/2024,6,2024/02/11,18:00,UNAM Pumas,Puebla,3,0,1.5,0.5,2.175,0.275,H,1.7,4.13,5.02
Mexico,Liga MX,2023/2024,6,2024/02/11,03:10,Santos Laguna,Tigres UANL,0,3,0.9,2,0.495,2.45,A,3.59,3.57,2.13
Mexico,Liga MX,2023/2024,9,2024/02/15,03:00,Atlas,UNAM Pumas,0,0,0.4,0.5,0.22,0.275,D,3.09,3.08,2.64
Mexico,Liga MX,2023/2024,7,2024/02/17,23:00,Atletico San Luis,Tijuana,3,3,2.6,1.6,2.78,2.23,D,2.17,3.6,3.46
Mexico,Liga MX,2023/2024,7,2024/02/17,01:00,Queretaro,Necaxa,1,1,0.3,1,0.615,1,D,2.87,3.24,2.7
Mexico,Liga MX,2023/2024,7,2024/02/17,03:00,Mazatlan,Guadalajara,2,2,1.1,1.5,1.505,1.725,D,3.78,3.62,2.05
Mexico,Liga MX,2023/2024,7,2024/02/18,01:00,Pachuca,Club America,2,1,1.9,1.2,1.945,1.11,H,3.82,3.98,1.93
Mexico,Liga MX,2023/2024,7,2024/02/18,03:05,Cruz Azul,Tigres UANL,1,0,1,0.3,1,0.165,H,2.42,3.3,3.21
Mexico,Liga MX,2023/2024,7,2024/02/18,22:00,Atlas,Leon,0,1,1.5,1.8,0.825,1.44,A,2.76,3.37,2.71
Mexico,Liga MX,2023/2024,7,2024/02/19,02:10,Monterrey,Toluca,0,0,1.7,0.2,0.935,0.11,D,1.7,4.01,4.79
Mexico,Liga MX,2023/2024,7,2024/02/19,00:05,UNAM Pumas,Santos Laguna,3,0,2.2,0.2,2.56,0.11,H,1.62,4.26,5.63
Mexico,Liga MX,2023/2024,9,2024/02/21,03:00,Necaxa,Guadalajara,1,0,1.6,0.7,1.33,0.385,H,3.77,3.42,2.12
Mexico,Liga MX,2023/2024,9,2024/02/21,01:00,Puebla,Pachuca,1,4,0.3,2.1,0.615,2.955,A,4.08,4.16,1.83
Mexico,Liga MX,2023/2024,9,2024/02/22,03:00,Club America,Mazatlan,2,2,2.4,1.5,2.22,1.725,D,1.24,6.84,11.96
Mexico,Liga MX,2023/2024,9,2024/02/22,01:00,Toluca,Santos Laguna,1,0,1.1,0.4,1.055,0.22,H,1.49,4.97,6.35
Mexico,Liga MX,2023/2024,9,2024/02/22,03:00,Leon,Cruz Azul,2,3,0.8,2.3,1.34,2.615,A,2.8,3.68,2.5
Mexico,Liga MX,2023/2024,8,2024/02/24,03:00,FC Juarez,Monterrey,0,3,0.4,2.2,0.22,2.56,A,4.81,3.99,1.75
Mexico,Liga MX,2023/2024,8,2024/02/24,03:00,Necaxa,Pachuca,1,1,0.9,1.5,0.945,1.275,D,3.12,3.6,2.33
Mexico,Liga MX,2023/2024,8,2024/02/24,23:00,Leon,Atletico San Luis,1,0,1.1,1.1,1.055,0.605,H,2.03,3.89,3.57
Mexico,Liga MX,2023/2024,8,2024/02/24,01:00,Puebla,Queretaro,0,2,0.9,1.6,0.495,1.78,A,2.2,3.59,3.39
Mexico,Liga MX,2023/2024,8,2024/02/25,01:00,Tigres UANL,Atlas,1,1,1.1,1.2,1.055,1.11,D,1.57,4.05,6.76
Mexico,Liga MX,2023/2024,8,2024/02/25,03:10,Club America,Cruz Azul,1,0,0.9,0.7,0.945,0.385,H,2.05,3.67,3.73
Mexico,Liga MX,2023/2024,8,2024/02/25,18:00,Toluca,Tijuana,2,0,1.5,0.6,1.725,0.33,H,1.42,5.07,7.53
Mexico,Liga MX,2023/2024,8,2024/02/25,01:05,Guadalajara,UNAM Pumas,3,1,1.6,1.1,2.23,1.055,H,2.19,3.5,3.49
Mexico,Liga MX,2023/2024,8,2024/02/26,00:00,Santos Laguna,Mazatlan,1,0,1.8,0.5,1.44,0.275,H,2.07,3.66,3.66
Mexico,Liga MX,2023/2024,9,2024/02/28,01:00,Queretaro,Atletico San Luis,4,1,2.5,0.8,3.175,0.89,H,2.72,3.39,2.74
Mexico,Liga MX,2023/2024,9,2024/02/29,03:00,Tijuana,Monterrey,1,1,1,0.8,1,0.89,D,4.02,3.58,2
Mexico,Liga MX,2023/2024,9,2024/02/29,01:00,Tigres UANL,FC Juarez,1,0,1.1,1,1.055,0.55,H,1.39,5.06,8.78
Mexico,Liga MX,2023/2024,10,2024/03/02,03:00,Mazatlan,Necaxa,2,1,2.2,1.4,2.11,1.22,H,2.19,3.37,3.64
Mexico,Liga MX,2023/2024,10,2024/03/02,01:00,Atletico San Luis,Puebla,4,0,1.9,0.1,2.845,0.055,H,1.82,3.99,4.34
Mexico,Liga MX,2023/2024,10,2024/03/02,23:00,Toluca,Tigres UANL,2,1,2.7,0.5,2.385,0.725,H,1.96,3.69,4.03
Mexico,Liga MX,2023/2024,10,2024/03/02,01:00,Queretaro,Santos Laguna,0,1,0.3,1.1,0.165,1.055,A,2.52,3.23,3.11
Mexico,Liga MX,2023/2024,10,2024/03/03,01:05,Cruz Azul,Guadalajara,3,0,1.2,0.3,2.01,0.165,H,1.91,3.78,4.16
Mexico,Liga MX,2023/2024,10,2024/03/03,03:10,Atlas,Club America,1,5,1,4.9,1,4.945,A,4.27,3.59,1.93
Mexico,Liga MX,2023/2024,10,2024/03/03,01:00,Pachuca,FC Juarez,3,2,0.9,0.5,1.845,1.175,H,1.49,4.72,6.75
Mexico,Liga MX,2023/2024,10,2024/03/04,01:00,Monterrey,UNAM Pumas,3,0,2.6,0.4,2.78,0.22,H,1.69,4.01,5.24
Mexico,Liga MX,2023/2024,10,2024/03/04,03:00,Tijuana,Leon,1,1,1.7,1.1,1.385,1.055,D,2.32,3.67,3.09
Mexico,Liga MX,2023/2024,11,2024/03/09,03:10,FC Juarez,Toluca,1,1,0.5,0.7,0.725,0.835,D,3.83,3.74,2
Mexico,Liga MX,2023/2024,11,2024/03/09,03:00,Necaxa,Atletico San Luis,3,1,2.2,1.1,2.56,1.055,H,2.75,3.37,2.72
Mexico,Liga MX,2023/2024,11,2024/03/09,23:05,Guadalajara,Leon,1,2,1.7,1.5,1.385,1.725,A,2.01,3.64,3.89
Mexico,Liga MX,2023/2024,11,2024/03/09,01:00,Puebla,Atlas,2,2,1.9,0.7,1.945,1.285,D,3.37,3.35,2.31
Mexico,Liga MX,2023/2024,11,2024/03/10,01:00,Santos Laguna,Cruz Azul,3,0,1.2,1.5,2.01,0.825,H,4.48,3.92,1.81
Mexico,Liga MX,2023/2024,11,2024/03/10,18:00,UNAM Pumas,Tijuana,3,3,1,2.9,1.9,2.945,D,1.63,4.23,5.5
Mexico,Liga MX,2023/2024,11,2024/03/10,03:00,Club America,Tigres UANL,2,0,1,1.8,1.45,0.99,H,1.79,3.65,5.02
Mexico,Liga MX,2023/2024,11,2024/03/10,01:00,Pachuca,Queretaro,1,2,1.7,1.2,1.385,1.56,A,2.11,3.8,3.44
Mexico,Liga MX,2023/2024,11,2024/03/11,01:00,Monterrey,Mazatlan,2,1,1.4,2.1,1.67,1.605,H,1.41,5.09,8.05
Mexico,Liga MX,2023/2024,12,2024/03/16,23:00,Cruz Azul,Necaxa,1,2,1.7,1.5,1.385,1.725,A,1.44,4.87,8.07
Mexico,Liga MX,2023/2024,12,2024/03/16,03:00,Tijuana,Santos Laguna,2,2,3.2,1.4,2.66,1.67,D,1.84,3.76,4.54
Mexico,Liga MX,2023/2024,12,2024/03/16,01:00,Queretaro,FC Juarez,1,0,0.4,1,0.67,0.55,H,2.07,3.47,3.89
Mexico,Liga MX,2023/2024,12,2024/03/17,01:00,Tigres UANL,Mazatlan,5,1,1.9,1.5,3.295,1.275,H,1.62,4.27,5.56
Mexico,Liga MX,2023/2024,12,2024/03/17,03:05,Guadalajara,Club America,0,0,0.6,1,0.33,0.55,D,3.81,3.66,2.03
Mexico,Liga MX,2023/2024,12,2024/03/17,01:00,Leon,Puebla,2,1,2.6,1.2,2.33,1.11,H,1.53,4.67,6.04
Mexico,Liga MX,2023/2024,12,2024/03/17,23:00,Atlas,Monterrey,1,2,2,0.8,1.55,1.34,A,3.81,3.41,2.12
Mexico,Liga MX,2023/2024,12,2024/03/18,01:00,Toluca,UNAM Pumas,3,0,3.1,0.6,3.055,0.33,H,1.8,3.98,4.47
Mexico,Liga MX,2023/2024,12,2024/03/18,01:00,Atletico San Luis,Pachuca,2,1,1.1,0.6,1.505,0.78,H,3.64,3.76,2.05
Mexico,Liga MX,2023/2024,7,2024/03/24,01:00,FC Juarez,Puebla,4,3,1.5,1.4,2.625,2.12,H,2.02,3.83,3.58
Mexico,Liga MX,2023/2024,13,2024/03/30,02:00,Club America,Atletico San Luis,2,1,0.9,1.9,1.395,1.495,H,1.49,4.76,6.4
Mexico,Liga MX,2023/2024,13,2024/03/30,03:00,Mazatlan,Tijuana,2,0,1,0.4,1.45,0.22,H,2.34,3.78,2.93
Mexico,Liga MX,2023/2024,13,2024/03/30,01:00,Puebla,Tigres UANL,2,3,2.1,2.3,2.055,2.615,A,4.49,3.94,1.79
Mexico,Liga MX,2023/2024,13,2024/03/31,02:00,Pachuca,Toluca,2,3,1.6,1.6,1.78,2.23,A,2.28,3.68,3.1
Mexico,Liga MX,2023/2024,13,2024/03/31,02:00,Monterrey,Guadalajara,0,2,1.1,1,0.605,1.45,A,1.83,3.76,4.5
Mexico,Liga MX,2023/2024,13,2024/03/31,04:05,UNAM Pumas,Cruz Azul,0,0,0.9,0.4,0.495,0.22,D,3.2,3.6,2.26
Mexico,Liga MX,2023/2024,13,2024/04/01,00:00,Atlas,Queretaro,2,3,1.7,1.5,1.835,2.175,A,2.1,3.41,3.78
Mexico,Liga MX,2023/2024,13,2024/04/01,02:00,Necaxa,Leon,1,2,1.3,2,1.165,2,A,2.77,3.48,2.6
Mexico,Liga MX,2023/2024,13,2024/04/01,02:36,FC Juarez,Santos Laguna,2,1,2.1,0.4,2.055,0.67,H,2.28,3.52,3.2
Mexico,Liga MX,2023/2024,14,2024/04/06,04:10,Tijuana,Necaxa,2,3,1,1.6,1.45,2.23,A,1.75,4.07,4.56
Mexico,Liga MX,2023/2024,14,2024/04/06,02:00,Mazatlan,UNAM Pumas,0,4,1,0.9,0.55,2.295,A,2.54,3.51,2.82
Mexico,Liga MX,2023/2024,14,2024/04/07,04:05,Cruz Azul,Monterrey,2,1,0.9,0.1,1.395,0.505,H,1.98,3.73,3.81
Mexico,Liga MX,2023/2024,14,2024/04/07,02:05,Guadalajara,Puebla,3,2,2.2,1.3,2.56,1.615,H,1.37,5.34,8.14
Mexico,Liga MX,2023/2024,14,2024/04/07,04:05,Santos Laguna,Club America,1,1,0.9,1.9,0.945,1.495,D,5.5,4.07,1.64
Mexico,Liga MX,2023/2024,14,2024/04/07,00:00,Leon,Queretaro,0,2,1,2,0.55,2,A,1.89,3.75,4.17
Mexico,Liga MX,2023/2024,14,2024/04/07,02:00,Tigres UANL,Pachuca,0,3,0.9,1,0.495,1.9,A,2.52,3.63,2.77
Mexico,Liga MX,2023/2024,14,2024/04/07,19:00,Toluca,Atlas,4,1,1.2,0.5,2.46,0.725,H,1.47,4.85,6.69
Mexico,Liga MX,2023/2024,14,2024/04/08,01:00,Atletico San Luis,FC Juarez,2,3,0.6,1,1.23,1.9,A,1.87,3.94,4.05
Mexico,Liga MX,2023/2024,15,2024/04/13,02:06,Queretaro,Mazatlan,0,2,0.6,1.9,0.33,1.945,A,1.97,3.8,3.79
Mexico,Liga MX,2023/2024,15,2024/04/13,04:00,Puebla,Cruz Azul,0,1,1,2.4,0.55,1.77,A,6.05,5,1.49
Mexico,Liga MX,2023/2024,15,2024/04/13,04:00,Necaxa,Santos Laguna,2,0,2,0.1,2,0.055,H,2.02,3.48,3.96
Mexico,Liga MX,2023/2024,15,2024/04/14,02:05,Club America,Toluca,5,1,4.8,1.1,4.89,1.055,H,1.76,3.98,4.65
Mexico,Liga MX,2023/2024,15,2024/04/14,00:00,Pachuca,Guadalajara,0,1,0.9,0.4,0.495,0.67,A,2.11,3.61,3.52
Mexico,Liga MX,2023/2024,15,2024/04/14,04:10,Monterrey,Tigres UANL,3,3,2.6,1.8,2.78,2.34,D,2.14,3.47,3.58
Mexico,Liga MX,2023/2024,15,2024/04/15,03:06,FC Juarez,Tijuana,0,1,0.8,0.8,0.44,0.89,A,2.4,3.42,3.09
Mexico,Liga MX,2023/2024,15,2024/04/15,01:00,Atlas,Atletico San Luis,2,1,1.3,0.7,1.615,0.835,H,2.4,3.52,3.01
Mexico,Liga MX,2023/2024,15,2024/04/15,01:00,UNAM Pumas,Leon,1,0,1.5,0.5,1.275,0.275,H,2,3.95,3.57
Mexico,Liga MX,2023/2024,16,2024/04/20,02:00,Mazatlan,FC Juarez,0,2,1.6,1.8,0.88,1.89,A,2.08,3.82,3.44
Mexico,Liga MX,2023/2024,16,2024/04/20,04:10,Tijuana,Puebla,3,1,2.1,0.8,2.505,0.89,H,1.48,4.86,6.44
Mexico,Liga MX,2023/2024,16,2024/04/20,04:00,Atletico San Luis,Toluca,1,5,0.9,2.6,0.945,3.68,A,3.84,4.23,1.85
Mexico,Liga MX,2023/2024,16,2024/04/21,02:05,Tigres UANL,Necaxa,5,2,1.5,0.2,3.075,1.01,H,1.57,4.4,5.73
Mexico,Liga MX,2023/2024,16,2024/04/21,02:05,Guadalajara,Queretaro,2,0,0.8,0.8,1.34,0.44,H,1.57,4.35,5.82
Mexico,Liga MX,2023/2024,16,2024/04/21,00:00,Leon,Monterrey,2,0,1.8,0.8,1.89,0.44,H,2.94,3.67,2.38
Mexico,Liga MX,2023/2024,16,2024/04/21,04:10,UNAM Pumas,Club America,2,1,0.6,1.4,1.23,1.22,H,3.64,3.83,2.01
Mexico,Liga MX,2023/2024,16,2024/04/21,02:05,Santos Laguna,Pachuca,0,2,0.5,1.7,0.275,1.835,A,2.72,3.67,2.55
Mexico,Liga MX,2023/2024,16,2024/04/22,01:00,Cruz Azul,Atlas,2,2,3.1,2.6,2.605,2.33,D,1.37,5.36,8.35
Mexico,Liga MX,2023/2024,17,2024/04/27,04:10,Queretaro,UNAM Pumas,1,1,1.9,1.1,1.495,1.055,D,3.46,3.47,2.19
Mexico,Liga MX,2023/2024,17,2024/04/27,02:00,Puebla,Club America,1,2,0.4,0.9,0.67,1.395,A,6.42,5.27,1.44
Mexico,Liga MX,2023/2024,17,2024/04/28,00:06,FC Juarez,Leon,1,1,0.9,1.7,0.945,1.385,D,2.87,3.82,2.36
Mexico,Liga MX,2023/2024,17,2024/04/28,04:10,Atlas,Guadalajara,0,1,0.4,1.2,0.22,1.11,A,3.8,3.75,1.98
Mexico,Liga MX,2023/2024,17,2024/04/28,02:00,Tigres UANL,Tijuana,4,1,3.1,0.8,3.505,0.89,H,1.55,4.65,5.63
Mexico,Liga MX,2023/2024,17,2024/04/28,02:10,Pachuca,Mazatlan,1,1,1.5,0.9,1.275,0.945,D,1.61,4.57,5.06
Mexico,Liga MX,2023/2024,17,2024/04/28,02:00,Toluca,Cruz Azul,0,1,2.2,0.8,1.21,0.89,A,2.7,3.56,2.62
Mexico,Liga MX,2023/2024,17,2024/04/29,01:00,Santos Laguna,Atletico San Luis,0,3,1.6,1.6,0.88,2.23,A,2.19,3.73,3.23
Mexico,Liga MX,2023/2024,17,2024/04/29,01:00,Necaxa,Monterrey,2,5,1.2,1.5,1.56,3.075,A,3.29,3.54,2.24
Mexico,Liga MX,2023/2024,,2024/05/03,02:00,Necaxa,Queretaro,1,1,0.9,0.7,0.945,0.835,D,2.31,3.33,3.32
Mexico,Liga MX,2023/2024,,2024/05/03,04:15,Pachuca,UNAM Pumas,0,0,0.4,0.4,0.22,0.22,D,2.58,3.56,2.74
Mexico,Liga MX,2023/2024,,2024/05/06,03:06,Pachuca,Necaxa,2,1,3.2,0.4,2.66,0.67,H,1.59,4.29,5.69
Mexico,Liga MX,2023/2024,,2024/05/09,02:05,Guadalajara,Toluca,1,0,0.1,0.4,0.505,0.22,H,2.45,3.21,3.19
Mexico,Liga MX,2023/2024,,2024/05/09,04:16,Pachuca,Club America,1,1,1.4,0.6,1.22,0.78,D,3.21,3.55,2.27
Mexico,Liga MX,2023/2024,,2024/05/10,04:10,Tigres UANL,Monterrey,1,2,1.6,2.4,1.33,2.22,A,,,
Mexico,Liga MX,2023/2024,,2024/05/10,02:00,UNAM Pumas,Cruz Azul,0,2,0.7,2.1,0.385,2.055,A,,,
Mexico,Liga MX,2023/2024,,2024/05/12,01:00,Club America,Pachuca,1,1,2,0.6,1.55,0.78,D,2.08,3.76,3.49
Mexico,Liga MX,2023/2024,,2024/05/12,03:10,Toluca,Guadalajara,0,0,1.6,1,0.88,0.55,D,1.85,3.87,4.2
Mexico,Liga MX,2023/2024,,2024/05/13,04:10,Monterrey,Tigres UANL,1,1,1.4,0.6,1.22,0.78,D,2.47,3.44,2.97
Mexico,Liga MX,2023/2024,,2024/05/13,02:00,Cruz Azul,UNAM Pumas,2,2,2.6,0.9,2.33,1.395,D,1.99,4.09,3.47
Mexico,Liga MX,2023/2024,,2024/05/16,03:05,Guadalajara,Club America,0,0,0.8,0.6,0.44,0.33,D,3.48,3.13,2.34
Mexico,Liga MX,2023/2024,,2024/05/17,04:00,Monterrey,Cruz Azul,0,1,0.7,0.6,0.385,0.78,A,2.21,3.49,3.39
Mexico,Liga MX,2023/2024,,2024/05/19,03:00,Club America,Guadalajara,1,0,1,0.6,1,0.33,H,1.85,3.66,4.48
Mexico,Liga MX,2023/2024,,2024/05/20,01:00,Cruz Azul,Monterrey,1,2,1.7,2.5,1.385,2.275,A,2.37,3.42,3.14
Mexico,Liga MX,2023/2024,,2024/05/24,03:00,Cruz Azul,Club America,1,1,1.2,2.3,1.11,1.715,D,3.21,3.26,2.41
Mexico,Liga MX,2023/2024,,2024/05/27,02:00,Club America,Cruz Azul,1,0,1.6,1.3,1.33,0.715,H,1.88,3.55,4.48
Mexico,Liga MX,2024/2025,1,2024/07/05,23:45,Puebla,Santos Laguna,1,0,1.5,0.5,1.275,0.275,H,1.88,3.75,4.22
Mexico,Liga MX,2024/2025,1,2024/07/06,04:10,FC Juarez,Atlas,2,2,1.1,1,1.505,1.45,D,2.22,3.52,3.35
Mexico,Liga MX,2024/2025,1,2024/07/06,02:00,Queretaro,Tijuana,1,2,0.8,2.1,0.89,2.055,A,2.86,3.27,2.65
Mexico,Liga MX,2024/2025,1,2024/07/07,02:00,Guadalajara,Toluca,0,0,1.3,0.6,0.715,0.33,D,2.45,3.38,3.04
Mexico,Liga MX,2024/2025,1,2024/07/07,19:00,UNAM Pumas,Leon,4,1,2.1,0.7,2.955,0.835,H,2.24,3.59,3.24
Mexico,Liga MX,2024/2025,1,2024/07/07,04:00,Cruz Azul,Mazatlan,1,0,2,0.6,1.55,0.33,H,1.34,5.59,8.97
Mexico,Liga MX,2024/2025,1,2024/07/07,02:00,Tigres UANL,Necaxa,1,0,1.7,0.7,1.385,0.385,H,1.43,4.94,7.38
Mexico,Liga MX,2024/2025,1,2024/07/07,00:00,Atletico San Luis,Club America,2,1,1.2,1.1,1.56,1.055,H,4.66,3.98,1.75
Mexico,Liga MX,2024/2025,1,2024/07/08,02:06,Pachuca,Monterrey,0,1,0.9,1.7,0.495,1.385,A,2.57,3.29,2.95
Mexico,Liga MX,2024/2025,2,2024/07/13,04:00,Tijuana,Guadalajara,4,2,2.3,1.2,3.065,1.56,H,2.31,3.24,3.43
Mexico,Liga MX,2024/2025,2,2024/07/13,02:00,Club America,Queretaro,3,1,2.2,0.5,2.56,0.725,H,1.41,5.18,7.42
Mexico,Liga MX,2024/2025,2,2024/07/13,04:05,Atlas,Tigres UANL,1,1,0.6,1.6,0.78,1.33,D,4.19,3.74,1.93
Mexico,Liga MX,2024/2025,2,2024/07/13,04:00,Mazatlan,Atletico San Luis,2,2,3.1,1.9,2.605,1.945,D,2.31,3.66,3.06
Mexico,Liga MX,2024/2025,2,2024/07/14,04:10,Monterrey,Cruz Azul,0,4,0.4,1.9,0.22,2.845,A,2.18,3.37,3.58
Mexico,Liga MX,2024/2025,2,2024/07/14,02:00,Toluca,FC Juarez,3,2,2,1.1,2.45,1.505,H,1.42,5.02,7.33
Mexico,Liga MX,2024/2025,2,2024/07/14,02:05,Santos Laguna,UNAM Pumas,1,1,1.1,2.4,1.055,1.77,D,3.91,3.45,2.05
Mexico,Liga MX,2024/2025,2,2024/07/14,00:00,Necaxa,Puebla,4,1,2.4,0.9,3.12,0.945,H,2.06,3.76,3.54
Mexico,Liga MX,2024/2025,2,2024/07/14,00:00,Leon,Pachuca,0,0,0.3,0.9,0.165,0.495,D,3.39,3.62,2.16
Mexico,Liga MX,2024/2025,3,2024/07/17,02:00,Pachuca,Atletico San Luis,2,0,0.8,0.4,1.34,0.22,H,1.76,4.08,4.51
Mexico,Liga MX,2024/2025,3,2024/07/17,02:00,Queretaro,Guadalajara,0,2,0.6,2.2,0.33,2.11,A,3.64,3.32,2.18
Mexico,Liga MX,2024/2025,3,2024/07/17,04:00,Puebla,Leon,2,2,2.7,0.7,2.385,1.285,D,3,3.67,2.34
Mexico,Liga MX,2024/2025,3,2024/07/17,04:05,Cruz Azul,Tijuana,3,0,2.2,0.5,2.56,0.275,H,1.45,4.89,6.91
Mexico,Liga MX,2024/2025,3,2024/07/17,02:00,Atlas,Santos Laguna,1,0,2,0.1,1.55,0.055,H,1.78,3.82,4.69
Mexico,Liga MX,2024/2025,3,2024/07/18,02:00,FC Juarez,UNAM Pumas,1,2,0.9,0.5,0.945,1.175,A,3.29,3.54,2.24
Mexico,Liga MX,2024/2025,3,2024/07/18,02:00,Necaxa,Monterrey,0,1,0.3,0.8,0.165,0.89,A,2.72,3.48,2.64
Mexico,Liga MX,2024/2025,3,2024/07/18,04:00,Tigres UANL,Club America,1,0,1.1,1.6,1.055,0.88,H,2.25,3.4,3.4
Mexico,Liga MX,2024/2025,3,2024/07/18,04:00,Toluca,Mazatlan,3,0,1.2,0.4,2.01,0.22,H,1.24,7.08,10.37
Mexico,Liga MX,2024/2025,4,2024/07/20,02:00,Atletico San Luis,Tijuana,1,1,1.1,1.3,1.055,1.165,D,2.35,3.72,2.95
Mexico,Liga MX,2024/2025,4,2024/07/20,04:05,Puebla,Atlas,1,2,0.8,0.8,0.89,1.34,A,3.09,3.39,2.41
Mexico,Liga MX,2024/2025,4,2024/07/21,00:05,Guadalajara,Mazatlan,2,0,0.7,1,1.285,0.55,H,1.65,4.24,5.16
Mexico,Liga MX,2024/2025,4,2024/07/21,04:05,Cruz Azul,Toluca,1,1,1.7,0.6,1.385,0.78,D,1.99,3.86,3.66
Mexico,Liga MX,2024/2025,4,2024/07/21,04:10,FC Juarez,Club America,1,2,0.4,2.4,0.67,2.22,A,3.47,3.45,2.19
Mexico,Liga MX,2024/2025,4,2024/07/21,02:00,Monterrey,Queretaro,2,1,2.4,1,2.22,1,H,1.34,5.33,9.84
Mexico,Liga MX,2024/2025,4,2024/07/21,02:00,Santos Laguna,Tigres UANL,0,3,0.8,2,0.44,2.45,A,6.15,4.21,1.57
Mexico,Liga MX,2024/2025,4,2024/07/22,02:05,Leon,Necaxa,1,1,1.7,0.4,1.385,0.67,D,2.63,3.51,2.71
Mexico,Liga MX,2024/2025,4,2024/07/22,00:00,UNAM Pumas,Pachuca,2,0,2,0.8,2,0.44,H,2.05,3.74,3.58
Mexico,Liga MX,2024/2025,16,2024/08/17,02:00,Puebla,Monterrey,1,2,1,1.4,1,1.67,A,3.88,3.97,1.9
Mexico,Liga MX,2024/2025,8,2024/08/19,01:05,Tijuana,Santos Laguna,3,1,2.4,1.4,2.67,1.22,H,1.49,4.77,6.4
Mexico,Liga MX,2024/2025,13,2024/08/19,03:00,Atletico San Luis,Queretaro,4,0,3.3,0.3,3.615,0.165,H,1.85,3.94,4.17
Mexico,Liga MX,2024/2025,5,2024/08/24,03:00,Mazatlan,Pachuca,3,0,3.1,0.4,3.055,0.22,H,3.08,3.27,2.48
Mexico,Liga MX,2024/2025,5,2024/08/24,02:00,Queretaro,Cruz Azul,0,2,0.3,2,0.165,2,A,8.02,5.15,1.42
Mexico,Liga MX,2024/2025,5,2024/08/24,04:05,Tijuana,Monterrey,2,2,1.4,2.7,1.67,2.385,D,3.13,3.65,2.28
Mexico,Liga MX,2024/2025,5,2024/08/25,02:00,Tigres UANL,Guadalajara,1,1,1.7,1.3,1.385,1.165,D,2.13,3.46,3.63
Mexico,Liga MX,2024/2025,5,2024/08/25,02:00,Atlas,UNAM Pumas,2,1,1,1.9,1.45,1.495,H,3.1,2.99,2.66
Mexico,Liga MX,2024/2025,5,2024/08/25,04:05,Club America,Puebla,0,1,1.7,0.6,0.935,0.78,A,1.4,5.44,7.24
Mexico,Liga MX,2024/2025,5,2024/08/25,19:00,Toluca,Atletico San Luis,2,1,1.1,1,1.505,1,H,1.5,4.85,6.16
Mexico,Liga MX,2024/2025,5,2024/08/25,00:00,Necaxa,FC Juarez,3,0,1.9,0.8,2.395,0.44,H,2.25,3.55,3.26
Mexico,Liga MX,2024/2025,5,2024/08/25,02:00,Leon,Santos Laguna,1,1,2.4,0.8,1.77,0.89,D,1.49,4.61,6.63
Mexico,Liga MX,2024/2025,6,2024/08/31,02:00,Atletico San Luis,Atlas,2,1,0.8,1.5,1.34,1.275,H,2.63,3.3,2.85
Mexico,Liga MX,2024/2025,6,2024/08/31,04:05,Tijuana,Leon,2,1,1.6,0.4,1.78,0.67,H,2.03,3.69,3.71
Mexico,Liga MX,2024/2025,6,2024/08/31,03:00,Mazatlan,Puebla,1,1,2.1,0.3,1.605,0.615,D,1.7,3.8,5.35
Mexico,Liga MX,2024/2025,6,2024/09/01,04:10,Cruz Azul,Club America,4,1,0.9,0.7,2.295,0.835,H,2.47,3.35,3.03
Mexico,Liga MX,2024/2025,6,2024/09/01,02:00,Monterrey,Toluca,1,2,2.5,0.4,1.825,1.12,A,1.95,3.75,3.9
Mexico,Liga MX,2024/2025,6,2024/09/01,00:05,Guadalajara,FC Juarez,5,0,3.3,1.2,4.065,0.66,H,1.65,4.24,5.09
Mexico,Liga MX,2024/2025,6,2024/09/01,00:00,Pachuca,Queretaro,1,1,2.3,0.1,1.715,0.505,D,1.54,4.38,6.27
Mexico,Liga MX,2024/2025,6,2024/09/02,00:00,UNAM Pumas,Tigres UANL,1,3,1.5,1.4,1.275,2.12,A,2.11,3.5,3.64
Mexico,Liga MX,2024/2025,6,2024/09/02,02:05,Santos Laguna,Necaxa,3,2,1.6,3.3,2.23,2.715,H,3.3,3.67,2.19
Mexico,Liga MX,2024/2025,7,2024/09/14,03:10,Tigres UANL,Atletico San Luis,1,0,0.9,0.4,0.945,0.22,H,1.49,4.91,6.12
Mexico,Liga MX,2024/2025,7,2024/09/14,03:10,FC Juarez,Mazatlan,1,0,0.9,1.3,0.945,0.715,H,2.74,3.33,2.72
Mexico,Liga MX,2024/2025,7,2024/09/14,23:45,Toluca,Tijuana,4,0,3.1,0.9,3.505,0.495,H,1.4,5.37,7.38
Mexico,Liga MX,2024/2025,7,2024/09/14,01:00,Puebla,Queretaro,2,1,1.6,0.6,1.78,0.78,H,2.01,3.52,3.94
Mexico,Liga MX,2024/2025,7,2024/09/14,02:00,Atlas,Pachuca,2,0,1.1,0.3,1.505,0.165,H,2.66,3.09,2.99
Mexico,Liga MX,2024/2025,7,2024/09/14,04:00,Necaxa,UNAM Pumas,2,0,1.6,1,1.78,0.55,H,3.44,3.3,2.27
Mexico,Liga MX,2024/2025,7,2024/09/15,01:50,Club America,Guadalajara,1,0,0.5,0.8,0.725,0.44,H,2.04,3.43,3.96
Mexico,Liga MX,2024/2025,7,2024/09/15,03:35,Leon,Cruz Azul,1,2,1.3,2,1.165,2,A,4.27,3.71,1.88
Mexico,Liga MX,2024/2025,7,2024/09/15,04:00,Santos Laguna,Monterrey,0,2,1.7,2.4,0.935,2.22,A,6.32,4.61,1.51
Mexico,Liga MX,2024/2025,8,2024/09/18,02:00,Pachuca,Toluca,2,2,1.2,1.8,1.56,1.89,D,2.67,3.61,2.62
Mexico,Liga MX,2024/2025,8,2024/09/18,02:00,Atletico San Luis,Cruz Azul,3,1,2.7,0.6,2.835,0.78,H,4.85,3.97,1.73
Mexico,Liga MX,2024/2025,8,2024/09/18,04:00,Queretaro,Tigres UANL,1,0,1.5,1.6,1.275,0.88,H,5.77,4.27,1.59
Mexico,Liga MX,2024/2025,8,2024/09/18,02:00,Club America,Atlas,3,0,1.3,0.6,2.065,0.33,H,1.59,4.1,6.12
Mexico,Liga MX,2024/2025,8,2024/09/18,04:05,UNAM Pumas,Puebla,1,0,2.1,0.3,1.605,0.165,H,1.54,4.38,6.25
Mexico,Liga MX,2024/2025,8,2024/09/19,03:00,Mazatlan,Necaxa,0,0,1.1,0.2,0.605,0.11,D,2.04,3.59,3.77
Mexico,Liga MX,2024/2025,8,2024/09/19,02:05,Guadalajara,Leon,2,0,1.4,0.8,1.67,0.44,H,1.66,4.01,5.4
Mexico,Liga MX,2024/2025,8,2024/09/19,04:00,Monterrey,FC Juarez,3,2,2.7,2.1,2.835,2.055,H,1.43,5.04,7.19
Mexico,Liga MX,2024/2025,9,2024/09/21,02:00,Puebla,Pachuca,2,3,1.5,1.2,1.725,2.01,A,4.53,4.07,1.76
Mexico,Liga MX,2024/2025,9,2024/09/21,02:00,Atlas,Queretaro,0,1,1,1,0.55,1,A,1.7,3.66,5.7
Mexico,Liga MX,2024/2025,9,2024/09/22,02:00,Necaxa,Club America,1,1,1.1,1.5,1.055,1.275,D,3.85,3.58,2.02
Mexico,Liga MX,2024/2025,9,2024/09/22,04:05,Cruz Azul,Guadalajara,1,0,1.9,0.8,1.495,0.44,H,1.8,3.72,4.74
Mexico,Liga MX,2024/2025,9,2024/09/22,02:00,Monterrey,Mazatlan,0,0,0.2,2.1,0.11,1.155,D,1.67,4.01,5.33
Mexico,Liga MX,2024/2025,9,2024/09/22,00:00,Leon,Atletico San Luis,1,0,1.2,1.3,1.11,0.715,H,2.49,3.84,2.69
Mexico,Liga MX,2024/2025,9,2024/09/23,02:05,Santos Laguna,Toluca,2,0,1.4,0.9,1.67,0.495,H,5.74,4.56,1.55
Mexico,Liga MX,2024/2025,9,2024/09/23,00:00,UNAM Pumas,Tijuana,1,0,2.6,0.2,1.88,0.11,H,1.53,4.52,6.06
Mexico,Liga MX,2024/2025,9,2024/09/23,02:10,FC Juarez,Tigres UANL,0,1,0.3,1.9,0.165,1.495,A,4.01,3.78,1.92
Mexico,Liga MX,2024/2025,10,2024/09/28,04:05,Tijuana,Mazatlan,1,0,1,0.6,1,0.33,H,2.68,3.35,2.77
Mexico,Liga MX,2024/2025,10,2024/09/28,03:00,Tigres UANL,Leon,2,2,2.2,0.7,2.11,1.285,D,1.4,5.21,7.71
Mexico,Liga MX,2024/2025,10,2024/09/28,01:00,Puebla,FC Juarez,2,3,3.2,1.2,2.66,2.01,A,2.2,3.55,3.37
Mexico,Liga MX,2024/2025,10,2024/09/28,02:00,Queretaro,Necaxa,0,0,0.5,1.3,0.275,0.715,D,3.35,3.43,2.25
Mexico,Liga MX,2024/2025,10,2024/09/29,04:05,Guadalajara,Monterrey,1,1,1.8,0.3,1.44,0.615,D,2.18,3.31,3.66
Mexico,Liga MX,2024/2025,10,2024/09/29,04:10,Atletico San Luis,Santos Laguna,3,1,1.6,1,2.23,1,H,1.51,4.64,6.4
Mexico,Liga MX,2024/2025,10,2024/09/29,00:00,Toluca,Atlas,4,1,0.8,1.5,2.24,1.275,H,1.6,4.27,5.68
Mexico,Liga MX,2024/2025,10,2024/09/29,02:05,Pachuca,Cruz Azul,2,4,1.8,2.4,1.89,3.12,A,3.32,3.4,2.28
Mexico,Liga MX,2024/2025,10,2024/09/30,01:00,Club America,UNAM Pumas,0,1,0.4,0.8,0.22,0.89,A,2.1,3.39,3.79
Mexico,Liga MX,2024/2025,11,2024/10/05,04:00,Tijuana,Pachuca,2,1,0.8,1.1,1.34,1.055,H,2.51,3.51,2.86
Mexico,Liga MX,2024/2025,11,2024/10/05,03:00,Mazatlan,Queretaro,2,2,1.4,2.1,1.67,2.055,D,1.52,4.45,6.52
Mexico,Liga MX,2024/2025,11,2024/10/06,02:05,Guadalajara,Atlas,2,3,1.2,1.3,1.56,2.065,A,1.83,3.36,5.23
Mexico,Liga MX,2024/2025,11,2024/10/06,00:00,Atletico San Luis,Monterrey,1,0,0.5,0.9,0.725,0.495,H,3.03,3.49,2.4
Mexico,Liga MX,2024/2025,11,2024/10/06,00:00,Tigres UANL,Puebla,1,0,0.7,0.6,0.835,0.33,H,1.32,5.8,9.07
Mexico,Liga MX,2024/2025,11,2024/10/06,00:00,Cruz Azul,Necaxa,3,0,1.9,0.7,2.395,0.385,H,1.44,4.85,7.24
Mexico,Liga MX,2024/2025,11,2024/10/06,04:00,Leon,Club America,1,1,0.6,1.2,0.78,1.11,D,4.08,3.69,1.93
Mexico,Liga MX,2024/2025,11,2024/10/06,02:00,Toluca,UNAM Pumas,1,1,0.5,1.2,0.725,1.11,D,2.09,3.69,3.5
Mexico,Liga MX,2024/2025,11,2024/10/07,03:05,Santos Laguna,FC Juarez,0,2,0.9,1.5,0.495,1.725,A,3.68,3.61,2.06
Mexico,Liga MX,2024/2025,12,2024/10/19,04:05,Puebla,Cruz Azul,1,2,0.4,2.4,0.67,2.22,A,5.77,4.41,1.57
Mexico,Liga MX,2024/2025,12,2024/10/19,04:00,Necaxa,Tijuana,1,2,2.6,1.6,1.88,1.78,A,1.7,4.12,4.81
Mexico,Liga MX,2024/2025,12,2024/10/19,02:00,Queretaro,Toluca,0,1,0.9,1.9,0.495,1.495,A,4.73,4.1,1.72
Mexico,Liga MX,2024/2025,12,2024/10/19,02:00,Atlas,Mazatlan,0,0,0.9,0.7,0.495,0.385,D,2.07,3.23,4.13
Mexico,Liga MX,2024/2025,12,2024/10/20,02:05,Club America,Santos Laguna,3,0,2.8,0.2,2.89,0.11,H,1.25,6.46,11.15
Mexico,Liga MX,2024/2025,12,2024/10/20,04:10,Monterrey,Tigres UANL,4,2,1.7,2,2.735,2,H,2.85,3.22,2.7
Mexico,Liga MX,2024/2025,12,2024/10/20,00:00,Pachuca,Guadalajara,0,2,1,0.3,0.55,1.065,A,2.63,3.29,2.87
Mexico,Liga MX,2024/2025,12,2024/10/20,19:00,UNAM Pumas,Atletico San Luis,3,0,2.3,0.8,2.615,0.44,H,1.67,4.06,5.26
Mexico,Liga MX,2024/2025,12,2024/10/20,02:06,FC Juarez,Leon,2,3,1.1,0.6,1.505,1.68,A,2.52,3.43,2.89
Mexico,Liga MX,2024/2025,13,2024/10/23,02:05,Guadalajara,Necaxa,3,2,1.9,1.2,2.395,1.56,H,1.78,3.75,4.79
Mexico,Liga MX,2024/2025,13,2024/10/23,02:00,Santos Laguna,Pachuca,1,1,1.1,1.8,1.055,1.44,D,4.17,3.79,1.88
Mexico,Liga MX,2024/2025,13,2024/10/23,04:06,Mazatlan,Tigres UANL,2,0,0.8,2.1,1.34,1.155,H,3.33,3.51,2.23
Mexico,Liga MX,2024/2025,13,2024/10/23,04:05,Toluca,Puebla,5,0,3.5,0.5,4.175,0.275,H,1.36,5.58,8.14
Mexico,Liga MX,2024/2025,13,2024/10/24,04:05,Tijuana,Club America,2,2,1.2,1,1.56,1.45,D,3.21,3.94,2.13
Mexico,Liga MX,2024/2025,13,2024/10/24,02:00,Monterrey,UNAM Pumas,0,0,1.1,0.4,0.605,0.22,D,2.07,3.35,3.98
Mexico,Liga MX,2024/2025,13,2024/10/24,04:00,Leon,Atlas,0,0,1,0.2,0.55,0.11,D,2.44,3.21,3.2
Mexico,Liga MX,2024/2025,13,2024/10/24,02:00,Cruz Azul,FC Juarez,4,0,2.7,0.4,3.285,0.22,H,1.27,6.19,10.79
Mexico,Liga MX,2024/2025,14,2024/10/26,04:00,Puebla,Guadalajara,1,0,1.3,1.2,1.165,0.66,H,3.81,3.59,2.03
Mexico,Liga MX,2024/2025,14,2024/10/26,02:00,Santos Laguna,Mazatlan,0,0,1.7,1,0.935,0.55,D,3.57,3.56,2.11
Mexico,Liga MX,2024/2025,14,2024/10/27,03:05,Atlas,Tijuana,0,0,0.6,0.9,0.33,0.495,D,1.84,3.69,4.5
Mexico,Liga MX,2024/2025,14,2024/10/27,00:00,Leon,Queretaro,4,0,0.7,0.7,2.185,0.385,H,1.88,3.75,4.19
Mexico,Liga MX,2024/2025,14,2024/10/27,01:00,UNAM Pumas,Cruz Azul,0,2,0.8,1.1,0.44,1.505,A,3.42,3.22,2.32
Mexico,Liga MX,2024/2025,14,2024/10/27,03:00,Tigres UANL,Pachuca,2,1,0.8,1.1,1.34,1.055,H,1.64,4.14,5.39
Mexico,Liga MX,2024/2025,14,2024/10/28,02:05,Club America,Monterrey,2,1,2,1,2,1,H,2.02,3.48,3.97
Mexico,Liga MX,2024/2025,14,2024/10/28,00:00,Necaxa,Toluca,1,3,1.1,2,1.055,2.45,A,2.74,3.63,2.55
Mexico,Liga MX,2024/2025,14,2024/10/28,00:06,FC Juarez,Atletico San Luis,2,4,1.5,3,1.725,3.45,A,2.51,3.49,2.88
Mexico,Liga MX,2024/2025,15,2024/11/02,03:00,Mazatlan,Club America,0,5,0.4,3,0.22,3.9,A,3.53,3.66,2.09
Mexico,Liga MX,2024/2025,15,2024/11/02,23:00,Toluca,Leon,2,2,2.2,1.5,2.11,1.725,D,1.51,4.76,6
Mexico,Liga MX,2024/2025,15,2024/11/02,23:00,Atletico San Luis,Puebla,2,0,1.3,0.3,1.615,0.165,H,1.75,3.9,4.82
Mexico,Liga MX,2024/2025,15,2024/11/02,01:00,Queretaro,FC Juarez,1,2,0.9,0.6,0.945,1.23,A,2.31,3.33,3.33
Mexico,Liga MX,2024/2025,15,2024/11/02,03:05,Tijuana,Tigres UANL,0,3,1.1,2.6,0.605,2.78,A,3.59,3.78,2.03
Mexico,Liga MX,2024/2025,15,2024/11/03,01:05,Monterrey,Atlas,4,0,2.4,0.8,3.12,0.44,H,1.45,4.53,7.87
Mexico,Liga MX,2024/2025,15,2024/11/03,03:10,Cruz Azul,Santos Laguna,2,0,2.1,0.3,2.055,0.165,H,1.16,8.52,16.53
Mexico,Liga MX,2024/2025,15,2024/11/03,01:05,Guadalajara,UNAM Pumas,0,0,0.5,0.7,0.275,0.385,D,2.24,3.27,3.55
Mexico,Liga MX,2024/2025,15,2024/11/03,03:06,Pachuca,Necaxa,6,2,2.9,0.7,4.295,1.285,H,1.9,3.81,4.07
Mexico,Liga MX,2024/2025,16,2024/11/06,01:00,Leon,Mazatlan,0,0,2.2,1.8,1.21,0.99,D,1.63,4.36,5.19
Mexico,Liga MX,2024/2025,16,2024/11/06,03:05,UNAM Pumas,Queretaro,2,0,1.8,0.1,1.89,0.055,H,1.38,4.87,8.1
Mexico,Liga MX,2024/2025,16,2024/11/06,01:00,Santos Laguna,Guadalajara,0,2,0.9,1,0.495,1.45,A,5.17,4.04,1.68
Mexico,Liga MX,2024/2025,16,2024/11/07,03:05,Atlas,Cruz Azul,2,2,0.9,1.3,1.395,1.615,D,4.93,3.64,1.79
Mexico,Liga MX,2024/2025,16,2024/11/07,01:00,Tigres UANL,Toluca,2,1,1.8,1.7,1.89,1.385,H,1.71,4.15,4.73
Mexico,Liga MX,2024/2025,16,2024/11/07,03:06,FC Juarez,Tijuana,1,1,1.7,1.8,1.385,1.44,D,2.79,3.69,2.48
Mexico,Liga MX,2024/2025,16,2024/11/07,01:00,Club America,Pachuca,2,1,0.5,0.8,1.175,0.89,H,1.7,4.05,4.92
Mexico,Liga MX,2024/2025,16,2024/11/07,01:00,Necaxa,Atletico San Luis,1,1,1.3,0.7,1.165,0.835,D,2.67,3.62,2.62
Mexico,Liga MX,2024/2025,17,2024/11/09,23:05,Guadalajara,Atletico San Luis,0,1,1.1,0.2,0.605,0.56,A,1.74,4.11,4.62
Mexico,Liga MX,2024/2025,17,2024/11/09,03:00,Mazatlan,UNAM Pumas,0,1,0.2,1.6,0.11,1.33,A,3.68,3.37,2.15
Mexico,Liga MX,2024/2025,17,2024/11/09,01:00,Queretaro,Santos Laguna,3,2,2.4,0.6,2.67,1.23,H,1.96,3.63,4.01
Mexico,Liga MX,2024/2025,17,2024/11/10,01:00,Toluca,Club America,4,0,1.2,0.7,2.46,0.385,H,2.94,3.63,2.4
Mexico,Liga MX,2024/2025,17,2024/11/10,23:00,Necaxa,Atlas,0,0,1,1,0.55,0.55,D,2.45,2.94,3.21
Mexico,Liga MX,2024/2025,17,2024/11/10,03:05,Cruz Azul,Tigres UANL,1,1,2.1,1,1.605,1,D,1.86,3.66,4.45
Mexico,Liga MX,2024/2025,17,2024/11/10,01:00,Pachuca,FC Juarez,0,1,0.6,0.6,0.33,0.78,A,1.46,4.84,6.87
Mexico,Liga MX,2024/2025,17,2024/11/11,03:10,Tijuana,Puebla,2,1,1.8,0.8,1.89,0.89,H,1.55,4.55,5.84
Mexico,Liga MX,2024/2025,17,2024/11/11,01:05,Monterrey,Leon,2,1,2.3,1.5,2.165,1.275,H,1.52,4.58,6.21
Mexico,Liga MX,2024/2025,,2024/11/22,01:05,Guadalajara,Atlas,1,2,1.8,1.7,1.44,1.835,A,1.9,3.36,4.73
Mexico,Liga MX,2024/2025,,2024/11/22,03:00,Tijuana,Club America,2,2,0.9,0.9,1.395,1.395,D,2.95,3.39,2.51
Mexico,Liga MX,2024/2025,,2024/11/25,03:00,Tijuana,Atlas,3,0,2.8,0.7,2.89,0.385,H,1.93,3.46,4.39
Mexico,Liga MX,2024/2025,,2024/11/28,03:10,Tijuana,Cruz Azul,3,0,2,0.3,2.45,0.165,H,3.43,3.45,2.21
Mexico,Liga MX,2024/2025,,2024/11/28,01:00,Club America,Toluca,2,0,1.4,0.7,1.67,0.385,H,2.28,3.44,3.29
Mexico,Liga MX,2024/2025,,2024/11/29,03:10,Monterrey,UNAM Pumas,1,0,1.3,0.9,1.165,0.495,H,2.31,2.96,3.79
Mexico,Liga MX,2024/2025,,2024/11/29,01:00,Atletico San Luis,Tigres UANL,3,0,0.5,1.1,1.625,0.605,H,3.71,3.11,2.26
Mexico,Liga MX,2024/2025,,2024/11/30,23:00,Toluca,Club America,0,2,1.5,1.2,0.825,1.56,A,2.25,3.54,3.26
Mexico,Liga MX,2024/2025,,2024/12/01,18:00,UNAM Pumas,Monterrey,3,5,2.7,1.6,2.835,3.13,A,1.88,3.58,4.47
Mexico,Liga MX,2024/2025,,2024/12/01,01:10,Cruz Azul,Tijuana,3,0,4.5,0.9,3.825,0.495,H,1.24,6.17,12.96
Mexico,Liga MX,2024/2025,,2024/12/02,01:00,Tigres UANL,Atletico San Luis,0,0,2.8,1,1.54,0.55,D,1.39,5.13,8.04
Mexico,Liga MX,2024/2025,,2024/12/05,03:00,Atletico San Luis,Monterrey,2,1,1.4,1.2,1.67,1.11,H,3.2,3.09,2.52
Mexico,Liga MX,2024/2025,,2024/12/06,02:00,Club America,Cruz Azul,0,0,0.5,0.3,0.275,0.165,D,2.45,3.26,3
Mexico,Liga MX,2024/2025,,2024/12/08,02:00,Monterrey,Atletico San Luis,5,1,1.7,1.7,3.185,1.385,H,1.63,4.19,5.49
Mexico,Liga MX,2024/2025,,2024/12/09,01:00,Cruz Azul,Club America,3,4,2.3,1.1,2.615,2.405,A,2.26,3.14,3.66
Mexico,Liga MX,2024/2025,,2024/12/13,02:00,Club America,Monterrey,2,1,1.6,0.6,1.78,0.78,H,1.98,3.28,4.45
Mexico,Liga MX,2024/2025,,2024/12/16,01:00,Monterrey,Club America,1,1,1.1,0.6,1.055,0.78,D,2.28,3.23,3.51
Mexico,Liga MX,2024/2025,1,2025/01/11,03:05,Tijuana,Toluca,2,4,2.4,3.3,2.22,3.615,A,2.61,3.58,2.7
Mexico,Liga MX,2024/2025,1,2025/01/11,03:00,Mazatlan,FC Juarez,1,1,0.5,1.8,0.725,1.44,D,1.86,3.73,4.35
Mexico,Liga MX,2024/2025,1,2025/01/11,01:00,Queretaro,Club America,0,1,0.4,2.7,0.22,1.935,A,2.12,3.62,3.49
Mexico,Liga MX,2024/2025,1,2025/01/11,23:00,Atletico San Luis,Tigres UANL,1,3,0.8,1.7,0.89,2.285,A,3.63,3.45,2.14
Mexico,Liga MX,2024/2025,1,2025/01/12,03:05,Cruz Azul,Atlas,1,1,1.4,0.9,1.22,0.945,D,1.39,4.8,9.12
Mexico,Liga MX,2024/2025,1,2025/01/12,18:00,UNAM Pumas,Necaxa,2,1,1.7,1.8,1.835,1.44,H,1.79,3.6,5.02
Mexico,Liga MX,2024/2025,1,2025/01/12,01:05,Guadalajara,Santos Laguna,1,0,1.9,0.2,1.495,0.11,H,1.5,4.33,7.13
Mexico,Liga MX,2024/2025,1,2025/01/13,01:00,Monterrey,Puebla,1,1,0.8,0.7,0.89,0.835,D,1.3,5.72,10.64
Mexico,Liga MX,2024/2025,2,2025/01/17,02:10,Club America,Tijuana,1,1,2.1,0.6,1.605,0.78,D,2.66,3.48,2.7
Mexico,Liga MX,2024/2025,2,2025/01/18,03:05,Necaxa,Guadalajara,3,2,0.9,1.8,1.845,1.89,H,2.75,3.24,2.78
Mexico,Liga MX,2024/2025,2,2025/01/18,01:00,Tigres UANL,Mazatlan,2,1,0.8,0.6,1.34,0.78,H,1.41,4.92,7.89
Mexico,Liga MX,2024/2025,2,2025/01/18,23:00,FC Juarez,Cruz Azul,1,0,0.2,0.3,0.56,0.165,H,5.41,4.13,1.65
Mexico,Liga MX,2024/2025,2,2025/01/18,01:00,Puebla,Atletico San Luis,1,2,0.2,0.3,0.56,1.065,A,2.85,3.37,2.59
Mexico,Liga MX,2024/2025,2,2025/01/19,01:00,Toluca,Monterrey,1,1,0.4,0.9,0.67,0.945,D,1.77,3.95,4.59
Mexico,Liga MX,2024/2025,2,2025/01/19,03:00,Atlas,Leon,1,2,0.7,1.3,0.835,1.615,A,2.69,3.19,2.88
Mexico,Liga MX,2024/2025,2,2025/01/19,23:00,Queretaro,UNAM Pumas,3,2,0.6,1.7,1.68,1.835,H,4.53,3.34,1.94
Mexico,Liga MX,2024/2025,2,2025/01/21,01:00,Pachuca,Santos Laguna,2,1,1,1.2,1.45,1.11,H,1.41,4.87,8.08
Mexico,Liga MX,2024/2025,3,2025/01/25,01:00,Atletico San Luis,Necaxa,0,3,1.3,2.1,0.715,2.505,A,2.68,3.41,2.73
Mexico,Liga MX,2024/2025,3,2025/01/25,23:00,Cruz Azul,Puebla,1,1,0.8,0.3,0.89,0.615,D,1.29,5.74,11.04
Mexico,Liga MX,2024/2025,3,2025/01/25,23:00,Leon,FC Juarez,1,0,1.9,0.6,1.495,0.33,H,1.79,3.9,4.51
Mexico,Liga MX,2024/2025,3,2025/01/25,03:00,Mazatlan,Toluca,2,1,1.6,0.9,1.78,0.945,H,3.2,3.54,2.28
Mexico,Liga MX,2024/2025,3,2025/01/25,03:00,Tijuana,Queretaro,2,1,1.4,0.7,1.67,0.835,H,1.56,4.18,6.3
Mexico,Liga MX,2024/2025,3,2025/01/26,01:05,Guadalajara,Tigres UANL,1,1,0.9,1.4,0.945,1.22,D,2.98,2.97,2.77
Mexico,Liga MX,2024/2025,3,2025/01/26,03:10,Monterrey,Pachuca,2,3,1.4,1.6,1.67,2.23,A,1.85,3.75,4.38
Mexico,Liga MX,2024/2025,3,2025/01/26,01:05,Santos Laguna,Club America,1,4,2.8,3.4,1.99,3.67,A,5.91,3.98,1.62
Mexico,Liga MX,2024/2025,3,2025/01/26,18:00,UNAM Pumas,Atlas,0,0,0.7,0.4,0.385,0.22,D,1.72,3.56,5.69
Mexico,Liga MX,2024/2025,4,2025/01/29,03:00,Tigres UANL,Tijuana,4,0,3.5,0.7,3.725,0.385,H,1.47,4.75,6.68
Mexico,Liga MX,2024/2025,4,2025/01/29,01:00,Puebla,Mazatlan,0,1,1.4,0.8,0.77,0.89,A,2.43,3.23,3.2
Mexico,Liga MX,2024/2025,4,2025/01/29,01:00,Club America,Atletico San Luis,3,0,2.3,0.2,2.615,0.11,H,1.44,4.76,7.49
Mexico,Liga MX,2024/2025,4,2025/01/29,03:00,Leon,Guadalajara,2,1,1.4,0.9,1.67,0.945,H,2.91,3.14,2.7
Mexico,Liga MX,2024/2025,4,2025/01/29,03:05,Necaxa,Cruz Azul,1,3,1.8,1.9,1.44,2.395,A,3.6,3.26,2.23
Mexico,Liga MX,2024/2025,4,2025/01/30,01:00,Atlas,Monterrey,3,3,1.1,1.1,1.955,1.955,D,3.71,3.33,2.16
Mexico,Liga MX,2024/2025,4,2025/01/30,01:00,Queretaro,Pachuca,0,1,0.4,1.9,0.22,1.495,A,4.36,3.54,1.91
Mexico,Liga MX,2024/2025,4,2025/01/30,03:00,FC Juarez,Santos Laguna,1,0,1.6,0.5,1.33,0.275,H,2.01,3.52,3.94
Mexico,Liga MX,2024/2025,4,2025/01/30,03:05,UNAM Pumas,Toluca,1,1,0.6,0.8,0.78,0.89,D,2.76,3.27,2.74
Mexico,Liga MX,2024/2025,5,2025/02/01,01:00,Mazatlan,Leon,1,2,0.8,0.4,0.89,1.12,A,2.33,3.25,3.38
Mexico,Liga MX,2024/2025,5,2025/02/01,03:05,Tijuana,Cruz Azul,2,3,1.1,2.4,1.505,2.67,A,3.83,3.56,2.03
Mexico,Liga MX,2024/2025,5,2025/02/01,23:00,Club America,FC Juarez,4,0,2.2,0.7,3.01,0.385,H,1.34,5.31,9.9
Mexico,Liga MX,2024/2025,5,2025/02/01,23:05,Guadalajara,Queretaro,1,1,0.9,0.4,0.945,0.67,D,1.49,4.35,7.22
Mexico,Liga MX,2024/2025,5,2025/02/02,03:15,Toluca,Tigres UANL,1,0,2,0.6,1.55,0.33,H,2.15,3.55,3.47
Mexico,Liga MX,2024/2025,5,2025/02/02,01:05,Monterrey,Necaxa,1,0,1.3,1.1,1.165,0.605,H,1.67,4.15,5.1
Mexico,Liga MX,2024/2025,5,2025/02/02,01:00,Pachuca,Atlas,0,0,0.6,0.5,0.33,0.275,D,1.8,3.66,4.84
Mexico,Liga MX,2024/2025,5,2025/02/02,23:00,Santos Laguna,Puebla,0,2,1.6,1.3,0.88,1.615,A,2.82,3.22,2.72
Mexico,Liga MX,2024/2025,5,2025/02/03,01:00,Atletico San Luis,UNAM Pumas,2,3,1,2,1.45,2.45,A,2.99,3.14,2.63
Mexico,Liga MX,2024/2025,1,2025/02/06,03:10,Pachuca,Leon,1,2,1.9,1.7,1.495,1.835,A,2.1,3.47,3.73
Mexico,Liga MX,2024/2025,6,2025/02/08,03:00,Puebla,Club America,1,2,0.8,1.5,0.89,1.725,A,5.38,4.02,1.66
Mexico,Liga MX,2024/2025,6,2025/02/08,01:00,Necaxa,Santos Laguna,3,2,3.3,1.6,3.165,1.78,H,1.49,4.6,6.69
Mexico,Liga MX,2024/2025,6,2025/02/08,01:00,Queretaro,Atletico San Luis,1,0,1.4,0.4,1.22,0.22,H,2.72,3.18,2.85
Mexico,Liga MX,2024/2025,6,2025/02/09,03:00,FC Juarez,Monterrey,2,1,1.3,1.8,1.615,1.44,H,4.2,3.78,1.88
Mexico,Liga MX,2024/2025,6,2025/02/09,03:05,Cruz Azul,Pachuca,2,1,1.9,1.1,1.945,1.055,H,1.67,3.92,5.44
Mexico,Liga MX,2024/2025,6,2025/02/09,01:00,Leon,Toluca,3,3,1,1.8,1.9,2.34,D,3.34,3.62,2.18
Mexico,Liga MX,2024/2025,6,2025/02/09,01:00,Tigres UANL,Atlas,2,1,1.2,1.6,1.56,1.33,H,1.48,4.45,7.29
Mexico,Liga MX,2024/2025,6,2025/02/10,00:00,UNAM Pumas,Mazatlan,1,0,0.7,0.5,0.835,0.275,H,1.51,4.01,8.04
Mexico,Liga MX,2024/2025,6,2025/02/10,03:05,Guadalajara,Tijuana,2,1,2.6,1.4,2.33,1.22,H,1.68,3.9,5.37
Mexico,Liga MX,2024/2025,7,2025/02/15,03:00,Tijuana,FC Juarez,1,2,2.2,1,1.66,1.45,A,1.87,3.9,4.09
Mexico,Liga MX,2024/2025,7,2025/02/15,23:00,Atlas,Puebla,3,2,1.5,0.4,2.175,1.12,H,2.06,3.3,4.07
Mexico,Liga MX,2024/2025,7,2025/02/15,03:00,Mazatlan,Santos Laguna,1,1,2.3,0.6,1.715,0.78,D,1.76,3.78,4.93
Mexico,Liga MX,2024/2025,7,2025/02/15,03:00,Club America,Necaxa,2,3,2,0.8,2,1.79,A,1.46,4.77,7.07
Mexico,Liga MX,2024/2025,7,2025/02/16,01:00,Tigres UANL,Cruz Azul,2,1,1.3,1,1.615,1,H,2.47,3.11,3.27
Mexico,Liga MX,2024/2025,7,2025/02/16,23:00,Queretaro,Monterrey,2,4,0.4,2.4,1.12,3.12,A,4.5,3.75,1.83
Mexico,Liga MX,2024/2025,7,2025/02/16,03:10,Toluca,Guadalajara,2,1,0.9,0.5,1.395,0.725,H,1.75,3.98,4.7
Mexico,Liga MX,2024/2025,7,2025/02/17,01:00,Atletico San Luis,Leon,1,2,2,1.4,1.55,1.67,A,2.65,3.55,2.67
Mexico,Liga MX,2024/2025,7,2025/02/17,01:05,Pachuca,UNAM Pumas,2,1,2.1,0.4,2.055,0.67,H,2.17,3.42,3.55
Mexico,Liga MX,2024/2025,9,2025/02/19,03:10,Atlas,Necaxa,0,4,0.5,2.4,0.275,3.12,A,2.79,3.47,2.61
Mexico,Liga MX,2024/2025,9,2025/02/20,03:05,Santos Laguna,Cruz Azul,0,1,0.3,1.7,0.165,1.385,A,7.62,4.9,1.42
Mexico,Liga MX,2024/2025,9,2025/02/20,01:00,Club America,Leon,1,1,1.1,0.9,1.055,0.945,D,1.52,4.54,6.35
Mexico,Liga MX,2024/2025,8,2025/02/22,01:00,Necaxa,Mazatlan,3,1,2.4,0.3,2.67,0.615,H,1.57,4.05,6.43
Mexico,Liga MX,2024/2025,8,2025/02/22,03:00,Puebla,Tijuana,2,0,2.1,1.2,2.055,0.66,H,2.24,3.58,3.24
Mexico,Liga MX,2024/2025,8,2025/02/22,23:00,FC Juarez,Toluca,0,4,0.2,3.2,0.11,3.56,A,3.86,3.89,1.93
Mexico,Liga MX,2024/2025,8,2025/02/23,01:00,Monterrey,Atletico San Luis,3,1,2.6,0.4,2.78,0.67,H,1.37,5.32,8.33
Mexico,Liga MX,2024/2025,8,2025/02/23,03:05,UNAM Pumas,Club America,0,2,0.5,2.5,0.275,2.275,A,4.05,3.52,1.99
Mexico,Liga MX,2024/2025,8,2025/02/23,01:05,Guadalajara,Pachuca,2,1,0.8,0.8,1.34,0.89,H,2.26,3.35,3.43
Mexico,Liga MX,2024/2025,8,2025/02/23,01:00,Leon,Tigres UANL,1,0,1.4,0.4,1.22,0.22,H,2.98,3.34,2.52
Mexico,Liga MX,2024/2025,8,2025/02/23,23:00,Santos Laguna,Atlas,2,0,1.1,0.9,1.505,0.495,H,3.06,3.35,2.45
Mexico,Liga MX,2024/2025,8,2025/02/24,01:05,Cruz Azul,Queretaro,1,0,2.5,0.2,1.825,0.11,H,1.32,5.64,9.7
Mexico,Liga MX,2024/2025,9,2025/02/26,03:00,Tijuana,UNAM Pumas,4,2,1.2,2,2.46,2,H,2.13,3.72,3.39
Mexico,Liga MX,2024/2025,9,2025/02/26,03:00,Mazatlan,Monterrey,1,0,1.6,0.8,1.33,0.44,H,4.47,3.56,1.88
Mexico,Liga MX,2024/2025,9,2025/02/26,01:00,Tigres UANL,FC Juarez,0,1,1.5,0.4,0.825,0.67,A,1.41,4.99,7.72
Mexico,Liga MX,2024/2025,9,2025/02/27,01:00,Pachuca,Puebla,2,1,1.3,0.2,1.615,0.56,H,1.55,4.39,6.08
Mexico,Liga MX,2024/2025,9,2025/02/27,03:00,Toluca,Queretaro,5,0,1.9,0.7,3.295,0.385,H,1.28,6.14,9.85
Mexico,Liga MX,2024/2025,9,2025/02/27,03:05,Atletico San Luis,Guadalajara,3,1,0.6,1.8,1.68,1.44,H,3.86,3.62,2.02
Mexico,Liga MX,2024/2025,10,2025/03/01,23:00,Club America,Toluca,3,0,1.4,0.7,2.12,0.385,H,2.15,3.82,3.26
Mexico,Liga MX,2024/2025,10,2025/03/01,03:00,Mazatlan,Cruz Azul,1,1,1,0.6,1,0.78,D,5.36,3.79,1.7
Mexico,Liga MX,2024/2025,10,2025/03/01,23:00,FC Juarez,Pachuca,2,2,1.9,1.1,1.945,1.505,D,3.65,3.61,2.07
Mexico,Liga MX,2024/2025,10,2025/03/02,22:00,Queretaro,Puebla,2,0,1.2,1.6,1.56,0.88,H,2.37,3.25,3.3
Mexico,Liga MX,2024/2025,10,2025/03/02,03:10,UNAM Pumas,Guadalajara,0,1,0.9,0.5,0.495,0.725,A,3.24,3.11,2.48
Mexico,Liga MX,2024/2025,10,2025/03/02,01:00,Necaxa,Tigres UANL,1,2,0.8,2.1,0.89,2.055,A,2.62,3.46,2.76
Mexico,Liga MX,2024/2025,10,2025/03/02,01:00,Leon,Tijuana,2,1,1.7,0.9,1.835,0.945,H,1.66,4.35,4.91
Mexico,Liga MX,2024/2025,10,2025/03/03,00:00,Atlas,Atletico San Luis,3,1,1,0.5,1.9,0.725,H,2.1,3.53,3.66
Mexico,Liga MX,2024/2025,10,2025/03/03,02:05,Monterrey,Santos Laguna,4,2,3,1.5,3.45,1.725,H,1.26,6.33,10.84
Mexico,Liga MX,2024/2025,11,2025/03/08,01:00,Tigres UANL,Queretaro,1,0,0.7,0.4,0.835,0.22,H,1.32,5.52,9.82
Mexico,Liga MX,2024/2025,11,2025/03/08,03:00,Puebla,UNAM Pumas,1,3,1.1,1.6,1.055,2.23,A,3.33,3.15,2.41
Mexico,Liga MX,2024/2025,11,2025/03/08,23:00,Toluca,Necaxa,5,2,2.9,0.8,3.845,1.34,H,1.56,4.72,5.4
Mexico,Liga MX,2024/2025,11,2025/03/08,01:00,Atletico San Luis,FC Juarez,1,0,1.2,1.2,1.11,0.66,H,2.34,3.38,3.23
Mexico,Liga MX,2024/2025,11,2025/03/09,03:05,Guadalajara,Club America,0,0,0.5,1.1,0.275,0.605,D,3.26,3.13,2.46
Mexico,Liga MX,2024/2025,11,2025/03/09,01:00,Pachuca,Mazatlan,1,1,1.1,0.4,1.055,0.67,D,1.29,5.84,10.85
Mexico,Liga MX,2024/2025,11,2025/03/09,23:00,Santos Laguna,Leon,2,1,2.7,1,2.385,1,H,4.24,3.77,1.87
Mexico,Liga MX,2024/2025,11,2025/03/09,01:05,Cruz Azul,Monterrey,1,1,1.6,1.2,1.33,1.11,D,1.94,3.69,4.01
Mexico,Liga MX,2024/2025,11,2025/03/10,03:00,Tijuana,Atlas,3,4,2,2.3,2.45,3.065,A,2.06,3.69,3.6
Mexico,Liga MX,2024/2025,12,2025/03/15,01:00,Queretaro,Mazatlan,1,0,0.6,0.3,0.78,0.165,H,2.32,3.3,3.34
Mexico,Liga MX,2024/2025,12,2025/03/15,01:00,Necaxa,Leon,2,1,0.7,1.5,1.285,1.275,H,2.13,3.72,3.38
Mexico,Liga MX,2024/2025,12,2025/03/15,23:00,Tigres UANL,Santos Laguna,3,0,1.8,0.5,2.34,0.275,H,1.33,5.66,9.26
Mexico,Liga MX,2024/2025,12,2025/03/15,03:05,Puebla,Toluca,0,3,1.2,2.6,0.66,2.78,A,5.48,4.16,1.63
Mexico,Liga MX,2024/2025,12,2025/03/16,03:05,Atlas,Club America,1,3,2,1.6,1.55,2.23,A,4.32,3.74,1.86
Mexico,Liga MX,2024/2025,12,2025/03/16,01:00,Cruz Azul,Atletico San Luis,3,0,2.1,0.4,2.505,0.22,H,1.27,5.75,11.76
Mexico,Liga MX,2024/2025,12,2025/03/16,01:10,FC Juarez,Guadalajara,1,1,1,0.2,1,0.56,D,3.23,3.08,2.5
Mexico,Liga MX,2024/2025,12,2025/03/17,00:00,UNAM Pumas,Monterrey,1,3,1.4,2.6,1.22,2.78,A,2.97,3.23,2.58
Mexico,Liga MX,2024/2025,12,2025/03/17,02:00,Pachuca,Tijuana,4,1,2.5,0.1,3.175,0.505,H,1.34,5.63,8.56
Mexico,Liga MX,2024/2025,13,2025/03/29,03:00,Mazatlan,Atlas,3,2,1.2,1.7,2.01,1.835,H,2.71,3.1,2.92
Mexico,Liga MX,2024/2025,13,2025/03/29,01:00,Necaxa,Queretaro,2,0,1.1,0.6,1.505,0.33,H,1.53,4.55,6.16
Mexico,Liga MX,2024/2025,13,2025/03/29,23:00,Toluca,Pachuca,3,2,1.9,0.5,2.395,1.175,H,1.74,4.41,4.3
Mexico,Liga MX,2024/2025,13,2025/03/29,23:00,FC Juarez,Puebla,2,0,2.6,1.2,2.33,0.66,H,1.86,3.49,4.73
Mexico,Liga MX,2024/2025,13,2025/03/30,04:15,Monterrey,Tijuana,1,2,2.4,0.9,1.77,1.395,A,1.35,5.99,7.51
Mexico,Liga MX,2024/2025,13,2025/03/30,02:05,Club America,Tigres UANL,3,0,1.8,0.4,2.34,0.22,H,1.74,3.6,5.42
Mexico,Liga MX,2024/2025,13,2025/03/30,04:05,Guadalajara,Cruz Azul,0,1,1.9,0.5,1.045,0.725,A,3.14,3.21,2.48
Mexico,Liga MX,2024/2025,13,2025/03/31,00:00,Santos Laguna,Atletico San Luis,2,3,1.6,1.7,1.78,2.285,A,2.53,3.77,2.69
Mexico,Liga MX,2024/2025,13,2025/03/31,02:05,Leon,UNAM Pumas,1,2,2,1,1.55,1.45,A,2.19,3.46,3.47
Mexico,Liga MX,2024/2025,14,2025/04/05,04:00,Tijuana,Necaxa,1,2,2.1,0.9,1.605,1.395,A,2.33,4,2.83
Mexico,Liga MX,2024/2025,14,2025/04/05,04:05,Puebla,Tigres UANL,0,0,0.9,0.5,0.495,0.275,D,3.19,3.18,2.47
Mexico,Liga MX,2024/2025,14,2025/04/05,02:00,Queretaro,Leon,1,1,1.4,1.7,1.22,1.385,D,4.01,3.67,1.95
Mexico,Liga MX,2024/2025,14,2025/04/06,04:10,Cruz Azul,UNAM Pumas,3,2,0.9,2,1.845,2,H,1.81,3.61,4.87
Mexico,Liga MX,2024/2025,14,2025/04/06,00:00,Atlas,FC Juarez,1,1,0.8,0.5,0.89,0.725,D,2.23,3.42,3.42
Mexico,Liga MX,2024/2025,14,2025/04/06,02:05,Monterrey,Guadalajara,3,1,1.4,1.3,2.12,1.165,H,1.98,3.54,4.05
Mexico,Liga MX,2024/2025,14,2025/04/06,02:00,Atletico San Luis,Mazatlan,2,1,1.6,0.6,1.78,0.78,H,2.15,3.41,3.62
Mexico,Liga MX,2024/2025,14,2025/04/06,00:00,Pachuca,Club America,1,0,1.2,0.6,1.11,0.33,H,2.64,3.53,2.69
Mexico,Liga MX,2024/2025,14,2025/04/07,01:00,Toluca,Santos Laguna,2,1,0.9,0.8,1.395,0.89,H,1.13,10.26,16.67
Mexico,Liga MX,2024/2025,15,2025/04/11,03:05,Tijuana,Atletico San Luis,2,1,0.8,0.6,1.34,0.78,H,1.84,4.53,3.67
Mexico,Liga MX,2024/2025,15,2025/04/12,02:00,Necaxa,Pachuca,3,5,0.6,1.7,1.68,3.185,A,2.6,3.63,2.68
Mexico,Liga MX,2024/2025,15,2025/04/12,04:05,Mazatlan,Guadalajara,1,1,1.4,0.6,1.22,0.78,D,3.35,3.15,2.39
Mexico,Liga MX,2024/2025,15,2025/04/13,02:00,Tigres UANL,Monterrey,2,1,0.9,1.7,1.395,1.385,H,2.5,3.38,2.96
Mexico,Liga MX,2024/2025,15,2025/04/13,02:05,Atlas,Toluca,2,3,1.6,1.4,1.78,2.12,A,3.51,3.83,2.05
Mexico,Liga MX,2024/2025,15,2025/04/13,00:00,Leon,Puebla,1,0,1.2,0.5,1.11,0.275,H,1.55,4.41,6.07
Mexico,Liga MX,2024/2025,15,2025/04/13,04:15,Club America,Cruz Azul,0,0,1.2,0.9,0.66,0.495,D,2.49,3.35,3.01
Mexico,Liga MX,2024/2025,15,2025/04/13,00:00,UNAM Pumas,FC Juarez,0,0,0.6,0.1,0.33,0.055,D,1.88,3.61,4.43
Mexico,Liga MX,2024/2025,15,2025/04/14,00:00,Santos Laguna,Queretaro,1,2,1.3,0.6,1.165,1.23,A,2.05,3.75,3.58
Mexico,Liga MX,2024/2025,16,2025/04/16,04:00,FC Juarez,Necaxa,2,2,1,1,1.45,1.45,D,2.41,3.53,2.99
Mexico,Liga MX,2024/2025,16,2025/04/16,04:05,Cruz Azul,Leon,2,1,2,0.5,2,0.725,H,1.81,3.91,4.38
Mexico,Liga MX,2024/2025,16,2025/04/16,02:00,Pachuca,Tigres UANL,0,0,0.6,1.3,0.33,0.715,D,2.09,3.38,3.84
Mexico,Liga MX,2024/2025,16,2025/04/16,02:05,Guadalajara,Puebla,1,0,0.8,0.3,0.89,0.165,H,1.5,4.31,7.16
Mexico,Liga MX,2024/2025,16,2025/04/17,02:00,Queretaro,Atlas,1,2,1.3,1,1.165,1.45,A,3.48,3.28,2.27
Mexico,Liga MX,2024/2025,16,2025/04/17,04:05,UNAM Pumas,Santos Laguna,2,0,1.3,0.5,1.615,0.275,H,1.34,5.64,8.72
Mexico,Liga MX,2024/2025,16,2025/04/17,02:00,Monterrey,Club America,1,0,0.6,0.4,0.78,0.22,H,2.95,3.34,2.53
Mexico,Liga MX,2024/2025,16,2025/04/17,03:00,Atletico San Luis,Toluca,0,1,0.6,1.3,0.33,1.165,A,4.95,4.29,1.66
Mexico,Liga MX,2024/2025,16,2025/04/17,04:00,Mazatlan,Tijuana,0,2,0.4,1.4,0.22,1.67,A,2.03,3.75,3.62
Mexico,Liga MX,2024/2025,17,2025/04/19,02:00,Puebla,Necaxa,0,1,0.5,1.1,0.275,1.055,A,3.95,3.63,1.98
Mexico,Liga MX,2024/2025,17,2025/04/20,02:05,Toluca,Cruz Azul,2,2,1.4,1.1,1.67,1.505,D,1.99,3.6,3.93
Mexico,Liga MX,2024/2025,17,2025/04/20,00:00,Club America,Mazatlan,5,0,4.6,0.4,4.78,0.22,H,1.25,6.3,12.16
Mexico,Liga MX,2024/2025,17,2025/04/20,04:15,Atlas,Guadalajara,1,1,1.7,1.5,1.385,1.275,D,4.1,3.5,1.98
Mexico,Liga MX,2024/2025,17,2025/04/20,04:00,Tigres UANL,UNAM Pumas,2,1,1.7,1,1.835,1,H,1.95,3.53,4.18
Mexico,Liga MX,2024/2025,17,2025/04/21,04:00,FC Juarez,Queretaro,0,2,0.3,1.1,0.165,1.505,A,1.62,4.22,5.5
Mexico,Liga MX,2024/2025,17,2025/04/21,02:05,Leon,Monterrey,0,2,0.7,0.3,0.385,1.065,A,2.42,3.53,2.96
Mexico,Liga MX,2024/2025,17,2025/04/21,02:00,Atletico San Luis,Pachuca,2,1,1.2,3.3,1.56,2.265,H,3.79,4.51,1.82
Mexico,Liga MX,2024/2025,17,2025/04/21,00:00,Santos Laguna,Tijuana,0,4,0.6,1.3,0.33,2.515,A,2.52,4.07,2.56
Mexico,Liga MX,2024/2025,,2025/04/28,00:00,FC Juarez,UNAM Pumas,1,1,0.4,0.8,0.67,0.89,D,2.92,3.06,2.75
Mexico,Liga MX,2024/2025,,2025/04/28,02:30,Monterrey,Pachuca,1,2,0.9,2.4,0.945,2.22,A,1.93,3.66,4.09
Mexico,Liga MX,2024/2025,,2025/05/05,02:30,Monterrey,UNAM Pumas,2,0,1.4,0.7,1.67,0.385,H,1.81,3.59,4.85
Mexico,Liga MX,2024/2025,,2025/05/08,04:10,Pachuca,Club America,0,0,0.4,1.4,0.22,0.77,D,3.17,3.26,2.43
Mexico,Liga MX,2024/2025,,2025/05/08,02:00,Monterrey,Toluca,3,2,1.5,0.3,2.175,1.065,H,2.2,3.39,3.52
Mexico,Liga MX,2024/2025,,2025/05/09,02:00,Necaxa,Tigres UANL,0,0,1.4,0.5,0.77,0.275,D,2.67,3.19,2.9
Mexico,Liga MX,2024/2025,,2025/05/09,04:10,Leon,Cruz Azul,2,3,1.4,1.3,1.67,2.065,A,3.69,3.3,2.17
Mexico,Liga MX,2024/2025,,2025/05/11,04:10,Club America,Pachuca,2,0,1.9,0.6,1.945,0.33,H,1.83,3.77,4.44
Mexico,Liga MX,2024/2025,,2025/05/11,02:00,Toluca,Monterrey,2,1,1.7,0.7,1.835,0.835,H,1.56,4.37,5.89
Mexico,Liga MX,2024/2025,,2025/05/12,04:10,Tigres UANL,Necaxa,2,2,1.8,1.2,1.89,1.56,D,1.84,3.81,4.37
Mexico,Liga MX,2024/2025,,2025/05/12,02:00,Cruz Azul,Leon,2,1,1.6,0.8,1.78,0.89,H,1.8,3.84,4.57
Mexico,Liga MX,2024/2025,,2025/05/15,04:00,Tigres UANL,Toluca,1,1,0.7,1.6,0.835,1.33,D,1.97,3.34,4.38
Mexico,Liga MX,2024/2025,,2025/05/16,03:00,Cruz Azul,Club America,1,0,0.7,0.4,0.835,0.22,H,2.55,3.03,3.21
Mexico,Liga MX,2024/2025,,2025/05/18,02:00,Toluca,Tigres UANL,3,0,2,0.3,2.45,0.165,H,1.93,3.53,4.26
Mexico,Liga MX,2024/2025,,2025/05/19,02:15,Club America,Cruz Azul,2,1,2.2,0.6,2.11,0.78,H,1.95,3.52,4.22
Mexico,Liga MX,2024/2025,,2025/05/23,03:00,Club America,Toluca,0,0,0.4,0.5,0.22,0.275,D,1.78,3.91,4.6
Mexico,Liga MX,2024/2025,,2025/05/26,02:00,Toluca,Club America,2,0,1.3,0.4,1.615,0.22,H,3.08,3.07,2.55
Mexico,Liga MX,2025/2026,1,2025/07/12,02:00,Puebla,Atlas,2,3,1.9,1.9,1.945,2.395,A,2.52,3.26,3.08
Mexico,Liga MX,2025/2026,1,2025/07/12,04:05,Tijuana,Queretaro,1,0,0.8,0.2,0.89,0.11,H,1.55,4.48,5.9
Mexico,Liga MX,2025/2026,1,2025/07/12,04:00,FC Juarez,Club America,1,1,0.4,1.1,0.67,1.055,D,4.78,3.4,1.88
Mexico,Liga MX,2025/2026,1,2025/07/13,02:00,Toluca,Necaxa,3,1,3,1.2,3,1.11,H,1.54,4.53,5.91
Mexico,Liga MX,2025/2026,1,2025/07/13,02:00,Santos Laguna,UNAM Pumas,3,0,0.6,0.6,1.68,0.33,H,2.86,3.31,2.62
Mexico,Liga MX,2025/2026,1,2025/07/13,04:05,Cruz Azul,Mazatlan,0,0,1.3,0.8,0.715,0.44,D,1.2,7.27,14.11
Mexico,Liga MX,2025/2026,1,2025/07/14,00:00,Pachuca,Monterrey,3,0,1.4,0.5,2.12,0.275,H,2.05,3.74,3.59
Mexico,Liga MX,2025/2026,1,2025/07/14,02:00,Leon,Atletico San Luis,0,1,0.3,1.4,0.165,1.22,A,1.85,3.52,4.77
Mexico,Liga MX,2025/2026,2,2025/07/17,04:05,Santos Laguna,Toluca,2,4,1.2,2.6,1.56,3.23,A,3.38,3.8,2.1
Mexico,Liga MX,2025/2026,2,2025/07/17,02:00,Club America,Tijuana,3,1,1.8,0.7,2.34,0.835,H,1.36,5.46,8.31
Mexico,Liga MX,2025/2026,2,2025/07/19,04:05,Mazatlan,Puebla,2,1,0.9,0.8,1.395,0.89,H,2.37,3.16,3.4
Mexico,Liga MX,2025/2026,2,2025/07/19,02:00,Necaxa,Queretaro,3,1,2.5,0.5,2.725,0.725,H,1.79,3.92,4.53
Mexico,Liga MX,2025/2026,2,2025/07/19,04:00,Atletico San Luis,Monterrey,0,1,0.3,1.8,0.165,1.44,A,3.27,3.59,2.23
Mexico,Liga MX,2025/2026,2,2025/07/20,04:05,Atlas,Cruz Azul,3,3,1.8,3,2.34,3,D,5.05,3.93,1.71
Mexico,Liga MX,2025/2026,2,2025/07/20,02:00,Leon,Guadalajara,1,0,1.2,1.3,1.11,0.715,H,3.39,3.26,2.31
Mexico,Liga MX,2025/2026,2,2025/07/20,19:00,UNAM Pumas,Pachuca,2,3,1,2.3,1.45,2.615,A,3.16,3.32,2.41
Mexico,Liga MX,2025/2026,2,2025/07/20,02:00,Tigres UANL,FC Juarez,1,0,1.6,0.4,1.33,0.22,H,1.42,4.63,8.57
Mexico,Liga MX,2025/2026,3,2025/07/26,02:00,Puebla,Santos Laguna,1,0,3,0.3,2.1,0.165,H,2,3.73,3.75
Mexico,Liga MX,2025/2026,3,2025/07/26,04:00,Tijuana,FC Juarez,1,1,1.3,0.6,1.165,0.78,D,2.18,3.29,3.79
Mexico,Liga MX,2025/2026,3,2025/07/26,02:00,Queretaro,UNAM Pumas,0,2,0.2,0.8,0.11,1.34,A,4.08,3.51,1.98
Mexico,Liga MX,2025/2026,3,2025/07/27,02:00,Toluca,Tigres UANL,3,4,1.7,1.7,2.285,2.735,A,1.7,3.53,5.11
Mexico,Liga MX,2025/2026,3,2025/07/27,04:05,Necaxa,Club America,1,1,1.2,1.2,1.11,1.11,D,3.52,3.66,2.1
Mexico,Liga MX,2025/2026,3,2025/07/27,02:00,Monterrey,Atlas,3,1,2.8,1,2.89,1,H,1.49,4.69,6.6
Mexico,Liga MX,2025/2026,3,2025/07/27,00:00,Pachuca,Mazatlan,1,0,1.7,0.1,1.385,0.055,H,1.4,4.96,8.35
Mexico,Liga MX,2025/2026,3,2025/07/27,00:07,Guadalajara,Atletico San Luis,4,3,1.7,1.4,2.735,2.12,H,1.56,4,6.75
Mexico,Liga MX,2025/2026,3,2025/07/27,02:00,Cruz Azul,Leon,4,1,1.4,0.8,2.57,0.89,H,1.52,4.61,6.1
Mexico,Liga MX,2025/2026,4,2025/08/09,04:00,Tigres UANL,Puebla,7,0,2.4,0.6,4.47,0.33,H,1.41,4.89,8.17
Mexico,Liga MX,2025/2026,4,2025/08/10,04:05,Atlas,Pachuca,0,3,0.8,0.9,0.44,1.845,A,4.17,3.72,1.9
Mexico,Liga MX,2025/2026,4,2025/08/10,02:00,Club America,Queretaro,1,0,1.7,0.2,1.385,0.11,H,1.2,6.92,14.63
Mexico,Liga MX,2025/2026,4,2025/08/10,04:00,Mazatlan,Tijuana,2,2,2.2,1.9,2.11,1.945,D,2.84,3.34,2.63
Mexico,Liga MX,2025/2026,4,2025/08/11,03:05,Santos Laguna,Guadalajara,1,0,1,1.9,1,1.045,H,4.91,4.17,1.68
Mexico,Liga MX,2025/2026,4,2025/08/11,01:00,UNAM Pumas,Necaxa,1,1,1.7,0.7,1.385,0.835,D,2.09,3.56,3.65
Mexico,Liga MX,2025/2026,4,2025/08/12,04:00,FC Juarez,Toluca,0,2,0.3,1,0.165,1.45,A,3.83,3.74,1.98
Mexico,Liga MX,2025/2026,4,2025/08/12,04:05,Atletico San Luis,Cruz Azul,1,2,0.2,1.5,0.56,1.725,A,4.28,3.97,1.82
Mexico,Liga MX,2025/2026,4,2025/08/12,02:00,Leon,Monterrey,1,3,0.9,1.7,0.945,2.285,A,3.17,3.66,2.25
Mexico,Liga MX,2025/2026,5,2025/08/16,02:00,Puebla,Atletico San Luis,0,2,1.2,1.7,0.66,1.835,A,2.34,3.57,3.07
Mexico,Liga MX,2025/2026,5,2025/08/16,04:05,Necaxa,Leon,0,1,1.5,1.6,0.825,1.33,A,2,3.73,3.77
Mexico,Liga MX,2025/2026,5,2025/08/17,02:00,Cruz Azul,Santos Laguna,3,2,3.1,0.5,3.055,1.175,H,1.23,7.04,11.46
Mexico,Liga MX,2025/2026,5,2025/08/17,23:00,Queretaro,Atlas,3,3,1.4,2.1,2.12,2.505,D,3.08,3.29,2.47
Mexico,Liga MX,2025/2026,5,2025/08/17,02:00,Tigres UANL,Club America,1,3,1.2,1.3,1.11,2.065,A,2.28,3.22,3.53
Mexico,Liga MX,2025/2026,5,2025/08/17,04:10,Toluca,UNAM Pumas,1,1,2.2,0.7,1.66,0.835,D,1.75,3.87,4.89
Mexico,Liga MX,2025/2026,5,2025/08/17,02:00,Pachuca,Tijuana,0,2,1.3,0.9,0.715,1.395,A,1.4,4.96,8.09
Mexico,Liga MX,2025/2026,5,2025/08/17,00:07,Guadalajara,FC Juarez,1,2,2.2,1.3,1.66,1.615,A,1.68,4.09,5.07
Mexico,Liga MX,2025/2026,5,2025/08/18,01:00,Monterrey,Mazatlan,3,2,1.8,1.1,2.34,1.505,H,1.35,5.35,8.99
Mexico,Liga MX,2025/2026,6,2025/08/23,02:00,Queretaro,Atletico San Luis,3,2,1.7,2,2.285,2,H,3.24,3.36,2.34
Mexico,Liga MX,2025/2026,6,2025/08/23,04:00,Tijuana,Guadalajara,3,3,2.4,1.9,2.67,2.395,D,3.08,3.64,2.3
Mexico,Liga MX,2025/2026,6,2025/08/23,02:00,FC Juarez,Santos Laguna,2,1,1.6,0.6,1.78,0.78,H,1.63,4.13,5.48
Mexico,Liga MX,2025/2026,6,2025/08/24,02:00,Monterrey,Necaxa,3,0,1,0.8,1.9,0.44,H,1.56,4.63,5.57
Mexico,Liga MX,2025/2026,6,2025/08/24,04:05,Cruz Azul,Toluca,1,0,1.2,0.3,1.11,0.165,H,2.21,3.74,3.18
Mexico,Liga MX,2025/2026,6,2025/08/24,02:00,Mazatlan,Tigres UANL,2,2,0.6,2,1.23,2,D,4.57,3.82,1.8
Mexico,Liga MX,2025/2026,6,2025/08/24,00:00,Leon,Pachuca,1,1,1.5,2.2,1.275,1.66,D,3.22,3.43,2.32
Mexico,Liga MX,2025/2026,6,2025/08/25,02:05,Atlas,Club America,2,4,0.8,2.8,1.34,3.34,A,4.75,3.87,1.76
Mexico,Liga MX,2025/2026,6,2025/08/25,00:00,UNAM Pumas,Puebla,0,0,1,0.5,0.55,0.275,D,1.65,3.92,5.74
Mexico,Liga MX,2025/2026,7,2025/08/30,02:00,FC Juarez,Mazatlan,1,0,1.8,0.6,1.44,0.33,H,1.85,3.54,4.71
Mexico,Liga MX,2025/2026,7,2025/08/30,04:05,Puebla,Monterrey,2,4,1.1,2.7,1.505,3.285,A,4.29,3.76,1.86
Mexico,Liga MX,2025/2026,7,2025/08/30,02:00,Atletico San Luis,Toluca,1,3,1.4,2.2,1.22,2.56,A,3.98,4.19,1.83
Mexico,Liga MX,2025/2026,7,2025/08/31,23:00,UNAM Pumas,Atlas,1,0,2.8,0.4,1.99,0.22,H,1.66,3.97,5.47
Mexico,Liga MX,2025/2026,7,2025/08/31,02:07,Guadalajara,Cruz Azul,1,2,2.3,0.8,1.715,1.34,A,2.83,3.45,2.57
Mexico,Liga MX,2025/2026,7,2025/08/31,00:00,Leon,Queretaro,3,0,1,0.3,1.9,0.165,H,1.62,4.04,5.79
Mexico,Liga MX,2025/2026,7,2025/08/31,04:05,Club America,Pachuca,2,0,1.3,1.3,1.615,0.715,H,2,3.66,3.83
Mexico,Liga MX,2025/2026,7,2025/08/31,02:00,Santos Laguna,Tigres UANL,0,1,1.1,2.8,0.605,1.99,A,6.35,4.63,1.51
Mexico,Liga MX,2025/2026,7,2025/09/01,04:00,Tijuana,Necaxa,3,0,2.6,0.5,2.78,0.275,H,2.4,3.7,2.89
Mexico,Liga MX,2025/2026,8,2025/09/13,02:00,Necaxa,FC Juarez,1,1,1.3,1.2,1.165,1.11,D,2.04,3.51,3.85
Mexico,Liga MX,2025/2026,8,2025/09/13,04:00,Mazatlan,UNAM Pumas,1,4,2.3,3.8,1.715,3.89,A,3.54,3.29,2.23
Mexico,Liga MX,2025/2026,8,2025/09/14,00:00,Pachuca,Cruz Azul,0,1,1.5,1.3,0.825,1.165,A,2.93,3.53,2.45
Mexico,Liga MX,2025/2026,8,2025/09/14,04:00,Toluca,Puebla,3,1,1.9,1.5,2.395,1.275,H,1.35,5.55,8.69
Mexico,Liga MX,2025/2026,8,2025/09/14,02:00,Tigres UANL,Leon,0,0,1.4,1.2,0.77,0.66,D,1.45,4.94,6.87
Mexico,Liga MX,2025/2026,8,2025/09/14,02:00,Atlas,Santos Laguna,2,2,0.4,1.3,1.12,1.615,D,1.79,3.95,4.44
Mexico,Liga MX,2025/2026,8,2025/09/14,04:15,Club America,Guadalajara,1,2,0.6,1.1,0.78,1.505,A,1.7,3.91,5.15
Mexico,Liga MX,2025/2026,8,2025/09/15,00:00,Queretaro,Monterrey,0,1,0.1,1.5,0.055,1.275,A,6,4.2,1.58
Mexico,Liga MX,2025/2026,8,2025/09/15,02:00,Atletico San Luis,Tijuana,1,1,1.1,1.2,1.055,1.11,D,2.15,3.75,3.3
Mexico,Liga MX,2025/2026,1,2025/09/18,02:07,Guadalajara,Tigres UANL,0,0,1.5,0.6,0.825,0.33,D,2.3,3.46,3.24
Mexico,Liga MX,2025/2026,9,2025/09/20,04:00,Mazatlan,Atlas,1,1,1.6,2,1.33,1.55,D,2.3,3.53,3.18
Mexico,Liga MX,2025/2026,9,2025/09/20,04:05,Tijuana,Leon,5,0,3,0.6,3.9,0.33,H,1.92,4.02,3.78
Mexico,Liga MX,2025/2026,9,2025/09/20,02:00,Cruz Azul,FC Juarez,3,2,1.4,1.4,2.12,1.67,H,1.56,4.43,5.93
Mexico,Liga MX,2025/2026,9,2025/09/20,02:00,Necaxa,Puebla,1,0,0.8,0.9,0.89,0.495,H,1.83,3.82,4.43
Mexico,Liga MX,2025/2026,9,2025/09/21,02:07,Guadalajara,Toluca,0,3,1.1,2.5,0.605,2.725,A,3.09,3.53,2.35
Mexico,Liga MX,2025/2026,9,2025/09/21,02:00,UNAM Pumas,Tigres UANL,1,1,1.6,1.1,1.33,1.055,D,2.45,3.43,3
Mexico,Liga MX,2025/2026,9,2025/09/21,04:05,Monterrey,Club America,2,2,2.1,1,2.055,1.45,D,2.53,3.47,2.86
Mexico,Liga MX,2025/2026,9,2025/09/21,00:00,Pachuca,Queretaro,0,2,0.8,1.5,0.44,1.725,A,1.34,5.45,9.01
Mexico,Liga MX,2025/2026,9,2025/09/22,00:00,Santos Laguna,Atletico San Luis,1,4,1.9,2.2,1.495,3.01,A,2.54,3.71,2.71
Mexico,Liga MX,2025/2026,10,2025/09/24,02:00,Puebla,Pachuca,2,2,0.4,2,1.12,2,D,3.75,3.85,1.97
Mexico,Liga MX,2025/2026,10,2025/09/24,04:00,FC Juarez,UNAM Pumas,3,1,1.2,0.7,2.01,0.835,H,2.87,3.12,2.74
Mexico,Liga MX,2025/2026,10,2025/09/24,02:07,Guadalajara,Necaxa,3,1,2,1.5,2.45,1.275,H,1.86,3.75,4.3
Mexico,Liga MX,2025/2026,10,2025/09/24,04:05,Leon,Mazatlan,2,2,3.6,1.8,2.88,1.89,D,1.77,3.95,4.6
Mexico,Liga MX,2025/2026,10,2025/09/25,04:00,Santos Laguna,Tijuana,1,0,1.5,2,1.275,1.1,H,3.19,3.94,2.14
Mexico,Liga MX,2025/2026,10,2025/09/25,01:00,Cruz Azul,Queretaro,2,2,1.6,0.6,1.78,1.23,D,1.23,6.72,12.57
Mexico,Liga MX,2025/2026,10,2025/09/25,03:00,Toluca,Monterrey,6,2,3,2.3,4.35,2.165,H,1.65,4.15,5.26
Mexico,Liga MX,2025/2026,10,2025/09/25,04:00,Atletico San Luis,Club America,0,1,0.3,0.6,0.165,0.78,A,4.8,4.05,1.72
Mexico,Liga MX,2025/2026,10,2025/09/25,02:00,Tigres UANL,Atlas,2,0,2,0.3,2,0.165,H,1.38,5.25,8.28
Mexico,Liga MX,2025/2026,11,2025/09/27,02:00,FC Juarez,Leon,2,0,2,0.3,2,0.165,H,2.02,3.67,3.76
Mexico,Liga MX,2025/2026,11,2025/09/28,02:00,Toluca,Mazatlan,3,1,2.4,0.5,2.67,0.725,H,1.22,7.28,11.54
Mexico,Liga MX,2025/2026,11,2025/09/28,00:00,Puebla,Guadalajara,0,2,0.8,0.4,0.44,1.12,A,3.64,3.48,2.12
Mexico,Liga MX,2025/2026,11,2025/09/28,00:00,Pachuca,Atletico San Luis,2,1,1.8,1,1.89,1,H,1.75,4.14,4.46
Mexico,Liga MX,2025/2026,11,2025/09/28,00:00,Atlas,Necaxa,3,2,2.1,1.5,2.505,1.725,H,3.8,3.71,1.99
Mexico,Liga MX,2025/2026,11,2025/09/28,02:00,Monterrey,Santos Laguna,1,0,1.1,0.8,1.055,0.44,H,1.31,6.15,9.09
Mexico,Liga MX,2025/2026,11,2025/09/28,04:05,Club America,UNAM Pumas,4,1,3.3,0.5,3.615,0.725,H,1.77,3.71,4.97
Mexico,Liga MX,2025/2026,11,2025/09/29,00:00,Queretaro,Tigres UANL,0,2,1.3,1.9,0.715,1.945,A,5.39,3.93,1.68
Mexico,Liga MX,2025/2026,11,2025/09/29,04:05,Tijuana,Cruz Azul,2,0,1.1,0.8,1.505,0.44,H,3.18,4.05,2.11
Mexico,Liga MX,2025/2026,12,2025/10/04,04:05,Atlas,FC Juarez,3,1,1.2,1,2.01,1,H,3.07,3.5,2.37
Mexico,Liga MX,2025/2026,12,2025/10/04,04:00,Mazatlan,Atletico San Luis,2,1,1.1,1,1.505,1,H,2.53,3.42,2.89
Mexico,Liga MX,2025/2026,12,2025/10/04,02:00,Necaxa,Pachuca,0,1,1.8,0.8,0.99,0.89,A,2.49,3.73,2.75
Mexico,Liga MX,2025/2026,12,2025/10/05,04:05,Club America,Santos Laguna,3,0,2.2,1.1,2.56,0.605,H,1.19,7.82,13.32
Mexico,Liga MX,2025/2026,12,2025/10/05,00:00,Queretaro,Puebla,3,1,1.6,0.9,2.23,0.945,H,3.11,3.38,2.4
Mexico,Liga MX,2025/2026,12,2025/10/05,02:00,Leon,Toluca,2,4,2,2.8,2,3.34,A,5.06,4.67,1.6
Mexico,Liga MX,2025/2026,12,2025/10/05,02:00,Tigres UANL,Cruz Azul,1,1,1.1,1.5,1.055,1.275,D,2.07,3.66,3.58
Mexico,Liga MX,2025/2026,12,2025/10/06,02:00,UNAM Pumas,Guadalajara,1,2,1.6,1.5,1.33,1.725,A,2.33,3.27,3.36
Mexico,Liga MX,2025/2026,12,2025/10/06,04:05,Tijuana,Monterrey,2,2,1.2,1,1.56,1.45,D,2.7,3.84,2.49
Mexico,Liga MX,2025/2026,13,2025/10/18,02:00,Puebla,Tijuana,4,3,1.8,2.5,2.79,2.725,H,2.34,3.44,3.18
Mexico,Liga MX,2025/2026,13,2025/10/18,04:00,Atletico San Luis,Atlas,2,0,1.9,0.2,1.945,0.11,H,1.84,4.02,4.11
Mexico,Liga MX,2025/2026,13,2025/10/18,04:00,Tigres UANL,Necaxa,5,3,2.5,0.7,3.625,1.735,H,1.57,4.55,5.55
Mexico,Liga MX,2025/2026,13,2025/10/19,00:00,Toluca,Queretaro,4,0,2,0.6,2.9,0.33,H,1.22,7.23,11.28
Mexico,Liga MX,2025/2026,13,2025/10/19,00:00,Santos Laguna,Leon,2,0,1,1.3,1.45,0.715,H,2.64,3.86,2.53
Mexico,Liga MX,2025/2026,13,2025/10/19,04:05,Cruz Azul,Club America,2,1,1.5,0.7,1.725,0.835,H,2.91,3.5,2.48
Mexico,Liga MX,2025/2026,13,2025/10/19,02:07,Guadalajara,Mazatlan,2,0,2.1,0.3,2.055,0.165,H,1.4,5.1,7.92
Mexico,Liga MX,2025/2026,13,2025/10/19,00:00,FC Juarez,Pachuca,2,2,1,0.4,1.45,1.12,D,2.6,3.32,2.88
Mexico,Liga MX,2025/2026,13,2025/10/19,02:00,Monterrey,UNAM Pumas,1,1,1.8,0.8,1.44,0.89,D,1.7,3.88,5.22
Mexico,Liga MX,2025/2026,14,2025/10/22,02:00,Club America,Puebla,2,1,1.9,0.3,1.945,0.615,H,1.28,6.16,10.16
Mexico,Liga MX,2025/2026,14,2025/10/22,04:05,Monterrey,FC Juarez,4,2,1.6,1.1,2.68,1.505,H,1.63,4.26,5.26
Mexico,Liga MX,2025/2026,14,2025/10/22,02:00,Necaxa,Cruz Azul,1,1,1.1,0.5,1.055,0.725,D,4.01,3.96,1.88
Mexico,Liga MX,2025/2026,14,2025/10/22,04:00,Mazatlan,Santos Laguna,2,2,1.6,1.7,1.78,1.835,D,2.04,3.68,3.68
Mexico,Liga MX,2025/2026,14,2025/10/23,04:00,Tijuana,Toluca,0,0,0.9,0.4,0.495,0.22,D,3.04,3.83,2.25
Mexico,Liga MX,2025/2026,14,2025/10/23,02:00,Pachuca,Tigres UANL,1,2,1.1,0.9,1.055,1.395,A,2.88,3.35,2.58
Mexico,Liga MX,2025/2026,14,2025/10/23,04:00,Atlas,Leon,2,0,1.3,0.3,1.615,0.165,H,2.75,3.62,2.55
Mexico,Liga MX,2025/2026,14,2025/10/23,02:00,Queretaro,Guadalajara,1,0,1,1.9,1,1.045,H,5.05,3.75,1.75
Mexico,Liga MX,2025/2026,14,2025/10/23,04:05,UNAM Pumas,Atletico San Luis,0,1,0.2,1.2,0.11,1.11,A,1.88,3.81,4.18
Mexico,Liga MX,2025/2026,15,2025/10/25,04:00,Mazatlan,Club America,2,2,0.3,2.3,1.065,2.165,D,6.35,4.61,1.47
Mexico,Liga MX,2025/2026,15,2025/10/25,02:00,FC Juarez,Puebla,4,4,1.9,1.9,2.845,2.845,D,1.68,3.86,5.01
Mexico,Liga MX,2025/2026,15,2025/10/26,01:07,Guadalajara,Atlas,4,1,2.6,0.7,3.23,0.835,H,1.48,4.61,6.03
Mexico,Liga MX,2025/2026,15,2025/10/26,23:00,Santos Laguna,Queretaro,3,1,3,1.2,3,1.11,H,2.06,3.61,3.48
Mexico,Liga MX,2025/2026,15,2025/10/26,03:05,Cruz Azul,Monterrey,2,0,2.4,0.6,2.22,0.33,H,1.93,3.46,4.06
Mexico,Liga MX,2025/2026,15,2025/10/26,00:00,Tigres UANL,Tijuana,2,0,1.5,1.4,1.725,0.77,H,1.46,4.72,6.22
Mexico,Liga MX,2025/2026,15,2025/10/26,01:00,Leon,UNAM Pumas,1,1,1.5,2.3,1.275,1.715,D,2.51,3.56,2.7
Mexico,Liga MX,2025/2026,15,2025/10/27,01:00,Atletico San Luis,Necaxa,3,4,1.3,1,2.065,2.35,A,2.56,3.48,2.69
Mexico,Liga MX,2025/2026,15,2025/10/27,01:00,Toluca,Pachuca,2,2,1.9,1.5,1.945,1.725,D,1.63,4.38,4.64
Mexico,Liga MX,2025/2026,16,2025/11/01,03:00,Atletico San Luis,FC Juarez,1,2,1,1.3,1,1.615,A,,,
Mexico,Liga MX,2025/2026,16,2025/11/01,01:00,Necaxa,Santos Laguna,4,1,2.4,1.5,3.12,1.275,H,,,
Mexico,Liga MX,2025/2026,16,2025/11/01,03:05,Puebla,Cruz Azul,0,3,0.3,1.4,0.165,2.12,A,,,
Mexico,Liga MX,2025/2026,16,2025/11/01,23:00,Atlas,Toluca,0,0,0.9,1.5,0.495,0.825,D,,,
Mexico,Liga MX,2025/2026,16,2025/11/02,03:10,Club America,Leon,2,0,1.5,0.4,1.725,0.22,H,,,
Mexico,Liga MX,2025/2026,16,2025/11/02,18:00,UNAM Pumas,Tijuana,4,1,2.1,1.5,2.955,1.275,H,,,
Mexico,Liga MX,2025/2026,16,2025/11/02,23:00,Queretaro,Mazatlan,1,0,1.5,1.1,1.275,0.605,H,,,
Mexico,Liga MX,2025/2026,16,2025/11/02,01:05,Monterrey,Tigres UANL,1,1,1.8,1.3,1.44,1.165,D,,,
Mexico,Liga MX,2025/2026,16,2025/11/03,01:00,Pachuca,Guadalajara,0,1,0.7,1.8,0.385,1.44,A,,,
Mexico,Liga MX,2025/2026,17,2025/11/08,03:00,Tijuana,Atlas,2,0,1.7,0.2,1.835,0.11,H,,,
Mexico,Liga MX,2025/2026,17,2025/11/08,01:00,FC Juarez,Queretaro,1,2,1.2,1,1.11,1.45,A,,,
Mexico,Liga MX,2025/2026,17,2025/11/08,23:07,Guadalajara,Monterrey,4,2,2.4,0.5,3.12,1.175,H,,,
Mexico,Liga MX,2025/2026,17,2025/11/08,23:00,Tigres UANL,Atletico San Luis,3,1,3.3,1.2,3.165,1.11,H,,,
Mexico,Liga MX,2025/2026,17,2025/11/08,03:00,Mazatlan,Necaxa,1,1,1.2,2,1.11,1.55,D,,,
Mexico,Liga MX,2025/2026,17,2025/11/09,01:00,Leon,Puebla,1,2,1.1,0.7,1.055,1.285,A,,,
Mexico,Liga MX,2025/2026,17,2025/11/09,03:05,Cruz Azul,UNAM Pumas,2,3,1.2,2.9,1.56,2.945,A,,,
Mexico,Liga MX,2025/2026,17,2025/11/09,23:00,Santos Laguna,Pachuca,1,0,1.5,1.1,1.275,0.605,H,,,
Mexico,Liga MX,2025/2026,17,2025/11/09,01:00,Toluca,Club America,2,0,1.6,0.7,1.78,0.385,H,,,
Mexico,Liga MX,2025/2026,,2025/11/21,03:00,Tijuana,FC Juarez,3,1,2.6,0.1,2.78,0.505,H,,,
Mexico,Liga MX,2025/2026,,2025/11/21,01:00,Pachuca,UNAM Pumas,3,1,0.6,1.2,1.68,1.11,H,,,
Mexico,Liga MX,2025/2026,,2025/11/27,03:05,Monterrey,Club America,2,0,0.7,0.8,1.285,0.44,H,,,
Mexico,Liga MX,2025/2026,,2025/11/27,01:00,FC Juarez,Toluca,1,2,0.3,3.4,0.615,2.77,A,,,
Mexico,Liga MX,2025/2026,,2025/11/27,05:00,Tijuana,Tigres UANL,3,0,0.7,1.1,1.735,0.605,H,,,
Mexico,Liga MX,2025/2026,,2025/11/28,02:07,Guadalajara,Cruz Azul,0,0,1,1,0.55,0.55,D,,,
Mexico,Liga MX,2025/2026,,2025/11/29,23:00,Club America,Monterrey,2,1,1.7,0.7,1.835,0.835,H,,,
Mexico,Liga MX,2025/2026,,2025/11/30,03:10,Tigres UANL,Tijuana,5,0,4.1,0.2,4.505,0.11,H,,,
Mexico,Liga MX,2025/2026,,2025/11/30,01:05,Toluca,FC Juarez,0,0,2,0.2,1.1,0.11,D,,,
Mexico,Liga MX,2025/2026,,2025/12/01,01:00,Cruz Azul,Guadalajara,3,2,1.1,2.2,1.955,2.11,H,,,
Mexico,Liga MX,2025/2026,,2025/12/04,03:10,Monterrey,Toluca,1,0,0.3,1.3,0.615,0.715,H,,,
Mexico,Liga MX,2025/2026,,2025/12/04,01:00,Cruz Azul,Tigres UANL,1,1,1.6,1.2,1.33,1.11,D,,,
Mexico,Liga MX,2025/2026,,2025/12/07,03:10,Tigres UANL,Cruz Azul,1,1,1.2,1.5,1.11,1.275,D,,,
Mexico,Liga MX,2025/2026,,2025/12/07,01:00,Toluca,Monterrey,3,2,2.7,2,2.835,2,H,,,
Mexico,Liga MX,2025/2026,,2025/12/12,02:00,Tigres UANL,Toluca,1,0,0.7,0.5,0.835,0.275,H,,,
Mexico,Liga MX,2025/2026,,2025/12/15,01:00,Toluca,Tigres UANL,2,1,2.9,0.4,2.495,0.67,H,,,
Mexico,Liga MX,2025/2026,,2026/01/09,21:00,Atlas,Puebla,1,0,2.52,1.82,1.836,1.001,H,,,
Mexico,Liga MX,2025/2026,,2026/01/09,18:00,Mazatlan,FC Juarez,1,2,0.44,0.97,0.692,1.4335,A,,,
Mexico,Liga MX,2025/2026,,2026/01/09,19:00,Tijuana,Club America,0,0,0.51,0.13,0.2805,0.0715,D,,,
Mexico,Liga MX,2025/2026,,2026/01/10,21:00,Monterrey,Toluca,0,1,1.56,1.19,0.858,1.1045,A,,,
Mexico,Liga MX,2025/2026,,2026/01/10,19:00,Leon,Cruz Azul,2,1,0.81,1.5,1.3455,1.275,H,,,
Mexico,Liga MX,2025/2026,,2026/01/10,17:07,Guadalajara,Pachuca,2,0,2.8,0.52,2.44,0.286,H,,,
Mexico,Liga MX,2025/2026,,2026/01/10,19:00,Santos Laguna,Necaxa,1,3,1.01,2.23,1.0055,2.5765,A,,,
Mexico,Liga MX,2025/2026,,2026/01/11,12:00,UNAM Pumas,Queretaro,1,1,1.28,1.43,1.154,1.2365,D,,,
Mexico,Liga MX,2025/2026,,2026/01/11,19:00,Atletico San Luis,Tigres UANL,1,2,0.68,0.51,0.824,1.1805,A,,,
Mexico,Liga MX,2025/2026,,2026/01/13,17:00,Puebla,Mazatlan,2,1,1.77,1.29,1.8735,1.1595,H,,,
Mexico,Liga MX,2025/2026,,2026/01/13,19:00,Necaxa,Monterrey,0,2,1.03,1.74,0.5665,1.857,A,,,
Mexico,Liga MX,2025/2026,,2026/01/13,19:00,Pachuca,Leon,2,1,0.79,0.74,1.3345,0.857,H,,,
Mexico,Liga MX,2025/2026,,2026/01/13,20:10,FC Juarez,Guadalajara,0,1,0.78,0.85,0.429,0.9175,A,,,
Mexico,Liga MX,2025/2026,,2026/01/14,17:00,Cruz Azul,Atlas,2,0,0.91,0.32,1.4005,0.176,H,,,
Mexico,Liga MX,2025/2026,,2026/01/14,21:06,Tigres UANL,UNAM Pumas,0,1,2.76,0.95,1.518,0.9725,A,,,
Mexico,Liga MX,2025/2026,,2026/01/14,19:00,Queretaro,Tijuana,1,2,1.82,0.41,1.451,1.1255,A,,,
Mexico,Liga MX,2025/2026,,2026/01/14,19:00,Club America,Atletico San Luis,0,2,0.43,1.4,0.2365,1.67,A,,,
Mexico,Liga MX,2025/2026,,2026/01/14,21:00,Toluca,Santos Laguna,3,1,2.26,0.2,2.593,0.56,H,,,
Mexico,Liga MX,2025/2026,,2026/01/16,20:00,Mazatlan,Monterrey,1,5,0.67,2.75,0.8185,3.7625,A,,,
Mexico,Liga MX,2025/2026,,2026/01/17,17:00,Necaxa,Atlas,0,1,0.78,0.7,0.429,0.835,A,,,
Mexico,Liga MX,2025/2026,,2026/01/17,21:00,Cruz Azul,Puebla,1,0,1.61,0.17,1.3355,0.0935,H,,,
Mexico,Liga MX,2025/2026,,2026/01/17,19:00,Tigres UANL,Toluca,0,0,0.27,0.65,0.1485,0.3575,D,,,
Mexico,Liga MX,2025/2026,,2026/01/17,17:07,Guadalajara,Queretaro,2,1,2.36,1.37,2.198,1.2035,H,,,
Mexico,Liga MX,2025/2026,,2026/01/17,19:00,Tijuana,Atletico San Luis,1,1,0.85,0.62,0.9175,0.791,D,,,
Mexico,Liga MX,2025/2026,,2026/01/18,12:00,UNAM Pumas,Leon,1,1,0.85,1.4,0.9175,1.22,D,,,
Mexico,Liga MX,2025/2026,,2026/01/18,17:00,Santos Laguna,FC Juarez,2,2,2.16,1.41,2.088,1.6755,D,,,
Mexico,Liga MX,2025/2026,,2026/01/18,19:00,Pachuca,Club America,0,0,0.38,0.55,0.209,0.3025,D,,,
Mexico,Liga MX,2025/2026,,2026/01/30,20:06,FC Juarez,Cruz Azul,3,4,2.47,2.56,2.7085,3.208,A,,,
Mexico,Liga MX,2025/2026,,2026/01/30,19:00,Puebla,Toluca,0,0,0.53,2.13,0.2915,1.1715,D,,,
Mexico,Liga MX,2025/2026,,2026/01/30,21:00,UNAM Pumas,Santos Laguna,4,0,0.38,0.72,2.009,0.396,H,,,
Mexico,Liga MX,2025/2026,,2026/01/31,19:00,Leon,Tigres UANL,1,2,1.45,1.1,1.2475,1.505,A,,,
Mexico,Liga MX,2025/2026,,2026/01/31,17:00,Atlas,Mazatlan,1,0,0.97,0.62,0.9835,0.341,H,,,
Mexico,Liga MX,2025/2026,,2026/01/31,21:00,Club America,Necaxa,2,0,2.22,0.25,2.121,0.1375,H,,,
Mexico,Liga MX,2025/2026,,2026/01/31,19:00,Monterrey,Tijuana,2,2,1.35,1.72,1.6425,1.846,D,,,
Mexico,Liga MX,2025/2026,,2026/02/01,17:00,Queretaro,Pachuca,0,0,0.18,0.86,0.099,0.473,D,,,
Mexico,Liga MX,2025/2026,,2026/02/01,19:00,Atletico San Luis,Guadalajara,2,3,1.33,2.5,1.6315,2.725,A,,,
Mexico,Liga MX,2025/2026,,2026/02/06,19:00,Tigres UANL,Santos Laguna,5,1,3.44,1.48,4.142,1.264,H,,,
Mexico,Liga MX,2025/2026,,2026/02/06,19:00,Tijuana,Puebla,0,0,0.52,1.38,0.286,0.759,D,,,
Mexico,Liga MX,2025/2026,,2026/02/06,20:06,Mazatlan,Guadalajara,1,2,0.31,2.19,0.6205,2.1045,A,,,
Mexico,Liga MX,2025/2026,,2026/02/06,19:00,Necaxa,Atletico San Luis,4,1,2.01,1.21,2.9055,1.1155,H,,,
Mexico,Liga MX,2025/2026,,2026/02/07,17:00,Toluca,Cruz Azul,1,1,2.62,0.79,1.891,0.8845,D,,,
Mexico,Liga MX,2025/2026,,2026/02/07,17:00,Queretaro,Leon,2,0,2.02,1.45,2.011,0.7975,H,,,
Mexico,Liga MX,2025/2026,,2026/02/08,21:00,Club America,Monterrey,1,0,1.23,0.08,1.1265,0.044,H,,,
Mexico,Liga MX,2025/2026,,2026/02/08,19:00,Atlas,UNAM Pumas,2,2,1.69,1.26,1.8295,1.593,D,,,
Mexico,Liga MX,2025/2026,,2026/02/08,19:00,Pachuca,FC Juarez,2,0,1.61,1.37,1.7855,0.7535,H,,,
Mexico,Liga MX,2025/2026,,2026/02/13,19:00,Puebla,UNAM Pumas,2,3,1.12,2.11,1.516,2.5105,A,,,
Mexico,Liga MX,2025/2026,,2026/02/13,21:00,Toluca,Tijuana,1,0,2,0.28,1.55,0.154,H,,,
Mexico,Liga MX,2025/2026,,2026/02/13,20:00,FC Juarez,Necaxa,1,2,1.36,0.68,1.198,1.274,A,,,
Mexico,Liga MX,2025/2026,,2026/02/14,21:07,Guadalajara,Club America,1,0,1.75,0.31,1.4125,0.1705,H,,,
Mexico,Liga MX,2025/2026,,2026/02/14,19:00,Monterrey,Leon,1,0,1.78,0.53,1.429,0.2915,H,,,
Mexico,Liga MX,2025/2026,,2026/02/14,17:00,Atletico San Luis,Queretaro,3,0,1.86,0.93,2.373,0.5115,H,,,
Mexico,Liga MX,2025/2026,,2026/02/14,19:00,Pachuca,Atlas,3,1,0.83,1.56,1.8065,1.308,H,,,
Mexico,Liga MX,2025/2026,,2026/02/15,17:00,Santos Laguna,Mazatlan,1,2,2.36,1.25,1.748,1.5875,A,,,
Mexico,Liga MX,2025/2026,,2026/02/15,19:00,Cruz Azul,Tigres UANL,2,1,1.85,0.43,1.9175,0.6865,H,,,
Mexico,Liga MX,2025/2026,,2026/02/20,21:06,Puebla,Club America,0,4,0.76,2.67,0.418,3.2685,A,,,
Mexico,Liga MX,2025/2026,,2026/02/20,19:00,Tigres UANL,Pachuca,1,2,0.61,1.03,0.7855,1.4665,A,,,
Mexico,Liga MX,2025/2026,,2026/02/21,19:00,Necaxa,Toluca,0,3,0.61,3.05,0.3355,3.0275,A,,,
Mexico,Liga MX,2025/2026,,2026/02/21,21:00,Cruz Azul,Guadalajara,2,1,0.65,1.15,1.2575,1.0825,H,,,
Mexico,Liga MX,2025/2026,,2026/02/21,19:00,Leon,Santos Laguna,2,1,1.05,0.61,1.4775,0.7855,H,,,
Mexico,Liga MX,2025/2026,,2026/02/21,17:00,Atlas,Atletico San Luis,3,2,2.81,1.08,2.8955,1.494,H,,,
Mexico,Liga MX,2025/2026,,2026/02/22,17:00,UNAM Pumas,Monterrey,2,0,1.62,1.33,1.791,0.7315,H,,,
Mexico,Liga MX,2025/2026,,2026/02/22,19:06,Tijuana,Mazatlan,1,1,0.74,2.09,0.857,1.5995,D,,,
Mexico,Liga MX,2025/2026,,2026/02/28,19:06,Tijuana,UNAM Pumas,1,1,0.82,1.88,0.901,1.484,D,,,
Mexico,Liga MX,2025/2026,,2026/02/28,18:00,Mazatlan,Pachuca,1,0,1.79,1.78,1.4345,0.979,H,,,
Mexico,Liga MX,2025/2026,,2026/02/28,17:00,Toluca,Guadalajara,2,0,2.01,0.83,2.0055,0.4565,H,,,
Mexico,Liga MX,2025/2026,,2026/02/28,20:00,FC Juarez,Atlas,3,1,0.55,1.16,1.6525,1.088,H,,,
Mexico,Liga MX,2025/2026,,2026/02/28,19:00,Queretaro,Santos Laguna,2,2,3.96,2.01,3.078,2.0055,D,,,
Mexico,Liga MX,2025/2026,,2026/02/28,17:00,Atletico San Luis,Puebla,0,1,0.91,1.34,0.5005,1.187,A,,,
Mexico,Liga MX,2025/2026,,2026/03/01,19:00,Leon,Necaxa,2,1,2.34,0.3,2.187,0.615,H,,,
Mexico,Liga MX,2025/2026,,2026/03/01,21:00,Club America,Tigres UANL,1,4,0.87,1.63,0.9285,2.6965,A,,,
Mexico,Liga MX,2025/2026,,2026/03/01,19:00,Monterrey,Cruz Azul,0,2,1.17,1.95,0.6435,1.9725,A,,,
Mexico,Liga MX,2025/2026,,2026/03/04,19:00,Santos Laguna,Cruz Azul,1,2,0.54,1.57,0.747,1.7635,A,,,
Mexico,Liga MX,2025/2026,,2026/03/04,19:00,Pachuca,Necaxa,2,1,1.27,0.49,1.5985,0.7195,H,,,
Mexico,Liga MX,2025/2026,,2026/03/04,21:00,UNAM Pumas,Toluca,2,3,2.73,3.32,2.4015,3.176,A,,,
Mexico,Liga MX,2025/2026,,2026/03/04,21:00,Atletico San Luis,Mazatlan,4,1,1.25,0.39,2.4875,0.6645,H,,,
Mexico,Liga MX,2025/2026,,2026/03/05,19:00,Monterrey,Queretaro,4,0,1.82,1.95,2.801,1.0725,H,,,
Mexico,Liga MX,2025/2026,,2026/03/05,19:00,Puebla,Tigres UANL,3,1,1.63,0.34,2.2465,0.637,H,,,
Mexico,Liga MX,2025/2026,,2026/03/05,21:00,Atlas,Tijuana,2,1,0.82,1.57,1.351,1.3135,H,,,
Mexico,Liga MX,2025/2026,,2026/03/05,21:00,Club America,FC Juarez,1,2,1.33,2.48,1.1815,2.264,A,,,
Mexico,Liga MX,2025/2026,,2026/03/07,21:00,Cruz Azul,Atletico San Luis,3,0,3.25,0.84,3.1375,0.462,H,,,
Mexico,Liga MX,2025/2026,,2026/03/07,19:00,Queretaro,Club America,1,2,1.51,2.21,1.2805,2.1155,A,,,
Mexico,Liga MX,2025/2026,,2026/03/07,19:00,Mazatlan,Leon,4,2,2.16,1.15,2.988,1.5325,H,,,
Mexico,Liga MX,2025/2026,,2026/03/07,19:00,Necaxa,UNAM Pumas,0,1,0.38,2.21,0.209,1.6655,A,,,
Mexico,Liga MX,2025/2026,,2026/03/08,19:00,Atlas,Guadalajara,1,2,0.27,2.61,0.5985,2.3355,A,,,
Mexico,Liga MX,2025/2026,,2026/03/08,19:00,Toluca,FC Juarez,3,1,2.23,0.27,2.5765,0.5985,H,,,
Mexico,Liga MX,2025/2026,,2026/03/08,21:00,Pachuca,Puebla,2,1,1.35,0.49,1.6425,0.7195,H,,,
Mexico,Liga MX,2025/2026,,2026/03/08,21:00,Tigres UANL,Monterrey,1,0,1.65,0.06,1.3575,0.033,H,,,
Mexico,Liga MX,2025/2026,,2026/03/09,19:00,Tijuana,Santos Laguna,1,2,0.92,2.92,0.956,2.506,A,,,
Mexico,Liga MX,2025/2026,,2026/03/14,19:00,Atletico San Luis,Pachuca,1,1,0.87,1.53,0.9285,1.2915,D,,,
Mexico,Liga MX,2025/2026,,2026/03/14,19:00,Guadalajara,Santos Laguna,3,0,2.6,0.36,2.78,0.198,H,,,
Mexico,Liga MX,2025/2026,,2026/03/14,21:00,FC Juarez,Monterrey,2,2,4.06,1.08,3.133,1.494,D,,,
Mexico,Liga MX,2025/2026,,2026/03/14,21:00,Puebla,Necaxa,0,0,0.93,0.29,0.5115,0.1595,D,,,
Mexico,Liga MX,2025/2026,,2026/03/15,21:00,Leon,Tijuana,0,3,1.02,1.42,0.561,2.131,A,,,
Mexico,Liga MX,2025/2026,,2026/03/15,21:00,Tigres UANL,Queretaro,0,0,0.56,0.47,0.308,0.2585,D,,,
Mexico,Liga MX,2025/2026,,2026/03/15,19:00,Toluca,Atlas,1,1,1.85,1.37,1.4675,1.2035,D,,,
Mexico,Liga MX,2025/2026,,2026/03/15,19:00,UNAM Pumas,Cruz Azul,2,2,1.14,2.22,1.527,2.121,D,,,
Mexico,Liga MX,2025/2026,,2026/03/16,21:00,Club America,Mazatlan,2,0,2.96,0.66,2.528,0.363,H,,,
Mexico,Liga MX,2025/2026,,2026/03/19,19:00,Guadalajara,Leon,5,0,5.49,0.1,5.2695,0.055,H,,,
Mexico,Liga MX,2025/2026,,2026/03/21,21:00,Atlas,Queretaro,0,0,0.71,0.62,0.3905,0.341,D,,,
Mexico,Liga MX,2025/2026,,2026/03/21,19:00,Necaxa,Tijuana,3,0,2.39,0.64,2.6645,0.352,H,,,
Mexico,Liga MX,2025/2026,,2026/03/21,21:00,Mazatlan,Cruz Azul,1,1,1.58,1.28,1.319,1.154,D,,,
Mexico,Liga MX,2025/2026,,2026/03/22,19:00,Santos Laguna,Puebla,2,1,2.93,1.45,2.5115,1.2475,H,,,
Mexico,Liga MX,2025/2026,,2026/03/22,21:00,Pachuca,Toluca,1,1,0.91,0.56,0.9505,0.758,D,,,
Mexico,Liga MX,2025/2026,,2026/03/22,19:00,Atletico San Luis,Leon,1,2,0.69,1.47,0.8295,1.7085,A,,,
Mexico,Liga MX,2025/2026,,2026/03/22,21:00,UNAM Pumas,Club America,1,0,1.13,0.54,1.0715,0.297,H,,,
Mexico,Liga MX,2025/2026,,2026/03/22,19:00,Monterrey,Guadalajara,2,3,2.46,1.42,2.253,2.131,A,,,
Mexico,Liga MX,2025/2026,,2026/03/23,19:00,FC Juarez,Tigres UANL,2,1,0.96,0.54,1.428,0.747,H,,,
Mexico,Liga MX,2025/2026,,2026/04/04,19:00,Puebla,FC Juarez,1,1,1.04,1.06,1.022,1.033,D,,,
Mexico,Liga MX,2025/2026,,2026/04/04,19:00,Necaxa,Mazatlan,2,1,2.46,0.56,2.253,0.758,H,,,
Mexico,Liga MX,2025/2026,,2026/04/04,19:00,Tijuana,Tigres UANL,1,0,0.24,1.31,0.582,0.7205,H,,,
Mexico,Liga MX,2025/2026,,2026/04/05,19:00,Guadalajara,UNAM Pumas,2,2,3.43,0.93,2.7865,1.4115,D,,,
Mexico,Liga MX,2025/2026,,2026/04/05,19:00,Cruz Azul,Pachuca,1,2,1.71,1.67,1.3905,1.8185,A,,,
Mexico,Liga MX,2025/2026,,2026/04/05,19:00,Leon,Atlas,2,0,1.63,0.57,1.7965,0.3135,H,,,
Mexico,Liga MX,2025/2026,,2026/04/05,19:00,Monterrey,Atletico San Luis,1,2,0.92,1.62,0.956,1.791,A,,,
Mexico,Liga MX,2025/2026,,2026/04/05,19:00,Queretaro,Toluca,1,0,2.06,2.26,1.583,1.243,H,,,
Mexico,Liga MX,2025/2026,,2026/04/05,19:00,Santos Laguna,Club America,1,1,0.96,1.79,0.978,1.4345,D,,,
Mexico,Liga MX,2025/2026,,2026/04/06,03:07,Guadalajara,UNAM Pumas,2,2,3.43,0.93,2.7865,1.4115,D,,,
Mexico,Liga MX,2025/2026,,2026/04/08,01:00,Queretaro,FC Juarez,1,1,1.24,1.41,1.132,1.2255,D,,,
Mexico,Liga MX,2025/2026,,2026/04/11,04:00,FC Juarez,Tijuana,1,2,1.69,2.08,1.3795,2.044,A,,,
Mexico,Liga MX,2025/2026,,2026/04/11,02:00,Puebla,Leon,0,1,0.79,1.34,0.4345,1.187,A,,,
Mexico,Liga MX,2025/2026,,2026/04/12,00:00,Tigres UANL,Guadalajara,4,1,1.98,0.67,2.889,0.8185,H,,,
Mexico,Liga MX,2025/2026,,2026/04/12,19:00,UNAM Pumas,Mazatlan,3,1,1.89,1.7,2.3895,1.385,H,,,
Mexico,Liga MX,2025/2026,,2026/04/12,00:00,Queretaro,Necaxa,3,1,1.76,0.66,2.318,0.813,H,,,
Mexico,Liga MX,2025/2026,,2026/04/12,02:00,Pachuca,Santos Laguna,4,2,1.94,0.16,2.867,0.988,H,,,
Mexico,Liga MX,2025/2026,,2026/04/12,02:00,Atlas,Monterrey,0,0,0.67,1.6,0.3685,0.88,D,,,
Mexico,Liga MX,2025/2026,,2026/04/12,04:05,Club America,Cruz Azul,1,1,0.57,1.01,0.7635,1.0055,D,,,
Mexico,Liga MX,2025/2026,,2026/04/13,02:00,Toluca,Atletico San Luis,1,1,1.56,2.01,1.308,1.5555,D,,,
Mexico,Liga MX,2025/2026,,2026/04/18,02:00,Mazatlan,Queretaro,1,1,1.54,1.85,1.297,1.4675,D,,,
Mexico,Liga MX,2025/2026,,2026/04/18,02:00,Atletico San Luis,UNAM Pumas,0,2,1.5,1.83,0.825,1.9065,A,,,
Mexico,Liga MX,2025/2026,,2026/04/19,04:06,Leon,FC Juarez,3,1,2.29,1.84,2.6095,1.462,H,,,
Mexico,Liga MX,2025/2026,,2026/04/19,02:05,Monterrey,Pachuca,1,3,1.77,1.64,1.4235,2.252,A,,,
Mexico,Liga MX,2025/2026,,2026/04/19,00:00,Cruz Azul,Tijuana,1,1,2.25,1.05,1.6875,1.0275,D,,,
Mexico,Liga MX,2025/2026,,2026/04/19,00:00,Necaxa,Tigres UANL,1,1,0.71,1.21,0.8405,1.1155,D,,,
Mexico,Liga MX,2025/2026,,2026/04/19,02:07,Guadalajara,Puebla,5,0,1.1,0.24,2.855,0.132,H,,,
Mexico,Liga MX,2025/2026,,2026/04/19,04:10,Club America,Toluca,2,1,0.78,1.44,1.329,1.242,H,,,
Mexico,Liga MX,2025/2026,,2026/04/20,00:00,Santos Laguna,Atlas,0,1,2.13,0.68,1.1715,0.824,A,,,
Mexico,Liga MX,2025/2026,,2026/04/22,04:06,Leon,Club America,2,3,1.21,1.82,1.5655,2.351,A,,,
Mexico,Liga MX,2025/2026,,2026/04/22,02:00,UNAM Pumas,FC Juarez,4,2,3.13,0.65,3.5215,1.2575,H,,,
Mexico,Liga MX,2025/2026,,2026/04/22,04:05,Monterrey,Puebla,2,1,2.57,1.2,2.3135,1.11,H,,,
Mexico,Liga MX,2025/2026,,2026/04/22,02:00,Queretaro,Cruz Azul,1,1,0.5,2.25,0.725,1.6875,D,,,
Mexico,Liga MX,2025/2026,,2026/04/23,04:06,Tijuana,Pachuca,3,1,3.05,0.57,3.0275,0.7635,H,,,
Mexico,Liga MX,2025/2026,,2026/04/23,02:00,Mazatlan,Toluca,4,3,1.89,1.67,2.8395,2.2685,H,,,
Mexico,Liga MX,2025/2026,,2026/04/23,02:00,Atletico San Luis,Santos Laguna,2,0,1.97,1.1,1.9835,0.605,H,,,
Mexico,Liga MX,2025/2026,,2026/04/23,02:00,Atlas,Tigres UANL,0,0,0.08,0.81,0.044,0.4455,D,,,
Mexico,Liga MX,2025/2026,,2026/04/23,04:10,Necaxa,Guadalajara,0,0,0.3,0.93,0.165,0.5115,D,,,
Mexico,Liga MX,2025/2026,,2026/04/25,04:00,Puebla,Queretaro,1,2,0.53,1.78,0.7415,1.879,A,,,
Mexico,Liga MX,2025/2026,,2026/04/26,04:00,FC Juarez,Atletico San Luis,2,1,1.73,1.24,1.8515,1.132,H,,,
Mexico,Liga MX,2025/2026,,2026/04/26,00:00,Tigres UANL,Mazatlan,5,1,1.9,0.36,3.295,0.648,H,,,
Mexico,Liga MX,2025/2026,,2026/04/26,00:00,Pachuca,UNAM Pumas,0,2,1.22,1.48,0.671,1.714,A,,,
Mexico,Liga MX,2025/2026,,2026/04/26,04:10,Club America,Atlas,0,1,1.09,0.51,0.5995,0.7305,A,,,
Mexico,Liga MX,2025/2026,,2026/04/26,02:05,Toluca,Leon,4,1,1.38,1.08,2.559,1.044,H,,,
Mexico,Liga MX,2025/2026,,2026/04/26,02:07,Guadalajara,Tijuana,0,0,2.37,0.98,1.3035,0.539,D,,,
Mexico,Liga MX,2025/2026,,2026/04/27,00:00,Santos Laguna,Monterrey,3,0,0.92,0.71,1.856,0.3905,H,,,
Mexico,Liga MX,2025/2026,,2026/04/27,02:05,Cruz Azul,Necaxa,4,1,1.11,1.15,2.4105,1.0825,H,,,
Mexico,Liga MX,2025/2026,,2026/05/03,02:00,Tigres UANL,Guadalajara,3,1,1.74,0.64,2.307,0.802,H,,,
Mexico,Liga MX,2025/2026,,2026/05/03,04:15,Atlas,Cruz Azul,2,3,2.06,2.01,2.033,2.4555,A,,,
Mexico,Liga MX,2025/2026,,2026/05/04,00:00,Club America,UNAM Pumas,3,3,2.94,0.42,2.967,1.581,D,,,
Mexico,Liga MX,2025/2026,,2026/05/04,02:15,Toluca,Pachuca,0,1,0.64,1.14,0.352,1.077,A,,,
Mexico,Liga MX,2025/2026,,2026/05/10,02:07,Guadalajara,Tigres UANL,2,0,1.77,0.51,1.8735,0.2805,H,,,
Mexico,Liga MX,2025/2026,,2026/05/10,04:15,Cruz Azul,Atlas,1,0,0.48,1,0.714,0.55,H,,,
Mexico,Liga MX,2025/2026,,2026/05/11,00:00,Pachuca,Toluca,2,0,1.61,0.7,1.7855,0.385,H,,,
Mexico,Liga MX,2025/2026,,2026/05/11,02:15,UNAM Pumas,Club America,3,3,1.04,3.46,1.922,3.253,D,,,
Mexico,Liga MX,2025/2026,,2026/05/14,03:00,Cruz Azul,Guadalajara,2,2,1.93,2.27,1.9615,2.1485,D,,,
Mexico,Liga MX,2025/2026,,2026/05/15,02:00,Pachuca,UNAM Pumas,1,0,0.83,0.55,0.9065,0.3025,H,,,
Mexico,Liga MX,Apertura 2026,1,2026/07/16,21:10,Tijuana,Tigres UANL,3,1,2.01,0.61,2.4555,0.7855,H,,,
Mexico,Liga MX,Apertura 2026,1,2026/07/16,19:00,Necaxa,Atlante,2,1,2.39,0.6,2.2145,0.78,H,,,
Mexico,Liga MX,Apertura 2026,1,2026/07/17,19:00,Leon,Atlas,2,3,1.23,1.72,1.5765,2.296,A,,,
Mexico,Liga MX,Apertura 2026,1,2026/07/17,21:00,FC Juarez,Puebla,0,1,0.86,1.22,0.473,1.121,A,,,
Mexico,Liga MX,Apertura 2026,1,2026/07/17,19:00,Atletico San Luis,Cruz Azul,2,3,1.29,3.14,1.6095,3.077,A,,,
Mexico,Liga MX,Apertura 2026,1,2026/07/18,17:00,UNAM Pumas,Pachuca,0,3,0.27,1.14,0.1485,1.977,A,,,
Mexico,Liga MX,Apertura 2026,1,2026/07/18,19:05,Monterrey,Santos Laguna,3,2,1.87,2.28,2.3785,2.154,H,,,
Mexico,Liga MX,Apertura 2026,1,2026/07/18,19:07,Guadalajara,Toluca,0,2,0.96,1.82,0.528,1.901,A,,,
Mexico,Liga MX,Apertura 2026,1,2026/07/18,21:10,Queretaro,Club America,0,1,0.93,1.73,0.5115,1.4015,A,,,
Mexico,Liga MX,Apertura 2026,2,2026/07/21,19:00,Cruz Azul,Puebla,2,1,1.33,0.85,1.6315,0.9175,H,,,
Mexico,Liga MX,Apertura 2026,2,2026/07/21,21:05,Toluca,UNAM Pumas,1,2,1.21,0.66,1.1155,1.263,A,,,