Date,Home Team,Away Team,Home Win Probability,Draw Probability,Away Win Probability,Home -1.5,Home -1.25,Home -1,Home -0.75,Home -0.5,Home -0.25,Home 0.25,Home 0.5,Home 0.75,Home 1,Home 1.25,Home 1.5,Away -1.5,Away -1.25,Away -1,Away -0.75,Away -0.5,Away -0.25,Away 0.25,Away 0.5,Away 0.75,Away 1,Away 1.25,Away 1.5
2026/07/24,Atlante,Atlas,0.2781014771878012,0.3606537701876891,0.3612447526245097,0.057676126992847715,0.057676126992847715,0.057676126992847715,0.15404676522897837,0.250417403465109,0.250417403465109,0.4625666800461025,0.674715956627096,0.674715956627096,0.674715956627096,0.7924641496359168,0.9102123426447377,0.08978765735526208,0.08978765735526208,0.08978765735526208,0.20753585036408292,0.3252840433729038,0.3252840433729038,0.5374333199538973,0.7495825965348908,0.7495825965348908,0.7495825965348908,0.8459532347710215,0.9423238730071521
2026/07/24,Atlante,Atletico San Luis,0.2666155076488609,0.33645206723967924,0.39693242511146,0.05824212700877946,0.05824212700877946,0.05824212700877946,0.15050051481540982,0.2427589026220402,0.2427589026220402,0.4406718833512633,0.6385848640804864,0.6385848640804864,0.6385848640804864,0.7627518344514542,0.886918804822422,0.11308119517757792,0.11308119517757792,0.11308119517757792,0.23724816554854575,0.3614151359195136,0.3614151359195136,0.5593281166487367,0.7572410973779597,0.7572410973779597,0.7572410973779597,0.8494994851845902,0.9417578729912206
2026/07/24,Atlante,Club America,0.1304656691163024,0.3196333731039323,0.5499009577797653,0.01694758441825883,0.01694758441825883,0.01694758441825883,0.0682984895894641,0.11964939476066938,0.11964939476066938,0.3076690259982766,0.4956886572358838,0.4956886572358838,0.4956886572358838,0.6507842583902116,0.8058798595445394,0.1941201404554606,0.1941201404554606,0.1941201404554606,0.3492157416097884,0.5043113427641162,0.5043113427641162,0.6923309740017234,0.8803506052393306,0.8803506052393306,0.8803506052393306,0.931701510410536,0.9830524155817413
2026/07/24,Atlante,Cruz Azul,0.1318318648249775,0.29429627826709187,0.5738718569079306,0.019090272109051988,0.019090272109051988,0.019090272109051988,0.07061013748928541,0.12213000286951882,0.12213000286951882,0.29524546067369045,0.4683609184778621,0.4683609184778621,0.4683609184778621,0.6230980713286419,0.7778352241794217,0.22216477582057814,0.22216477582057814,0.22216477582057814,0.37690192867135797,0.5316390815221378,0.5316390815221378,0.7047545393263095,0.8778699971304811,0.8778699971304811,0.8778699971304811,0.9293898625107145,0.980909727890948
2026/07/24,Atlante,FC Juarez,0.2885059418233545,0.3393894810583236,0.37210457711832196,0.06605137943558287,0.06605137943558287,0.06605137943558287,0.16420039985622797,0.2623494202768731,0.2623494202768731,0.4619902914876516,0.6616311626984301,0.6616311626984301,0.6616311626984301,0.7803276204654616,0.899024078232493,0.10097592176750696,0.10097592176750696,0.10097592176750696,0.21967237953453836,0.33836883730156975,0.33836883730156975,0.5380097085123483,0.7376505797231269,0.7376505797231269,0.7376505797231269,0.835799600143772,0.9339486205644171
2026/07/24,Atlante,Guadalajara,0.16268817529906235,0.3139144975271661,0.5233973271737715,0.026107185606377713,0.026107185606377713,0.026107185606377713,0.08782970597347858,0.14955222634057946,0.14955222634057946,0.33420781312126546,0.5188633999019514,0.5188633999019514,0.5188633999019514,0.6672708935499609,0.8156783871979705,0.1843216128020295,0.1843216128020295,0.1843216128020295,0.33272910645003906,0.4811366000980486,0.4811366000980486,0.6657921868787346,0.8504477736594206,0.8504477736594206,0.8504477736594206,0.9121702940265215,0.9738928143936224
2026/07/24,Atlante,Leon,0.2948993128711058,0.34518731751767334,0.3599133696112207,0.06722853722036018,0.06722853722036018,0.06722853722036018,0.1673470921787295,0.26746564713709886,0.26746564713709886,0.47051701038278904,0.6735683736284792,0.6735683736284792,0.6735683736284792,0.7898628686790939,0.9061573637297087,0.09384263627029127,0.09384263627029127,0.09384263627029127,0.210137131320906,0.32643162637152073,0.32643162637152073,0.5294829896172109,0.732534352862901,0.732534352862901,0.732534352862901,0.8326529078212703,0.9327714627796397
2026/07/24,Atlante,Mazatlan,0.3367340533920307,0.35764731490114055,0.30561863170682874,0.0806962131353459,0.0806962131353459,0.0806962131353459,0.1921722654007265,0.30364831766610706,0.30364831766610706,0.5140290911373662,0.7244098646086253,0.7244098646086253,0.7244098646086253,0.8279456904286855,0.9314815162487458,0.06851848375125409,0.06851848375125409,0.06851848375125409,0.17205430957131435,0.2755901353913746,0.2755901353913746,0.4859709088626337,0.6963516823338928,0.6963516823338928,0.6963516823338928,0.8078277345992735,0.9193037868646541
2026/07/24,Atlante,Monterrey,0.19285213492551634,0.2960844016042045,0.5110634634702791,0.038122466241144404,0.038122466241144404,0.038122466241144404,0.10832979446399148,0.17853712268683855,0.17853712268683855,0.3527044177481354,0.5268717128094322,0.5268717128094322,0.5268717128094322,0.6691767340450445,0.8114817552806567,0.18851824471934364,0.18851824471934364,0.18851824471934364,0.3308232659549558,0.47312828719056793,0.47312828719056793,0.6472955822518648,0.8214628773131617,0.8214628773131617,0.8214628773131617,0.8916702055360087,0.9618775337588558
2026/07/24,Atlante,Necaxa,0.2731068664116201,0.32042214857028056,0.4064709850180994,0.0642493939945468,0.0642493939945468,0.0642493939945468,0.15731603905027491,0.25038268410600306,0.25038268410600306,0.43886630091205037,0.6273499177180977,0.6273499177180977,0.6273499177180977,0.7518128720230105,0.8762758263279233,0.12372417367207647,0.12372417367207647,0.12372417367207647,0.24818712797698933,0.37265008228190216,0.37265008228190216,0.5611336990879494,0.7496173158939966,0.7496173158939966,0.7496173158939966,0.8426839609497248,0.9357506060054529
2026/07/24,Atlante,Pachuca,0.1662272359856957,0.3459753060249605,0.4877974579893438,0.024115774265399022,0.024115774265399022,0.024115774265399022,0.08741268869026925,0.15070960311513948,0.15070960311513948,0.3542244890121751,0.5577393749092108,0.5577393749092108,0.5577393749092108,0.7034537027397519,0.8491680305702931,0.15083196942970728,0.15083196942970728,0.15083196942970728,0.2965462972602483,0.44226062509078934,0.44226062509078934,0.6457755109878249,0.8492903968848606,0.8492903968848606,0.8492903968848606,0.9125873113097309,0.9758842257346012
2026/07/24,Atlante,Puebla,0.3486928746266417,0.38159243654735564,0.2697146888260026,0.07918756769102234,0.07918756769102234,0.07918756769102234,0.19495523101463008,0.31072289433823785,0.31072289433823785,0.5351890334837411,0.7596551726292444,0.7596551726292444,0.7596551726292444,0.8543329798366324,0.9490107870440203,0.05098921295597988,0.05098921295597988,0.05098921295597988,0.1456670201633677,0.24034482737075552,0.24034482737075552,0.46481096651625886,0.6892771056617621,0.6892771056617621,0.6892771056617621,0.8050447689853699,0.9208124323089778
2026/07/24,Atlante,Queretaro,0.2912956058556065,0.3706428289576176,0.33806156518677594,0.0604427728184704,0.0604427728184704,0.0604427728184704,0.16073236788909545,0.2610219629597205,0.2610219629597205,0.4790471564642015,0.6970723499686825,0.6970723499686825,0.6970723499686825,0.809600914638721,0.9221294793087594,0.07787052069124072,0.07787052069124072,0.07787052069124072,0.19039908536127914,0.30292765003131755,0.30292765003131755,0.5209528435357986,0.7389780370402796,0.7389780370402796,0.7389780370402796,0.8392676321109047,0.9395572271815299
2026/07/24,Atlante,Santos Laguna,0.33200929242541155,0.3298473552889675,0.33814335228562087,0.08647811987635488,0.08647811987635488,0.08647811987635488,0.1948248155353283,0.3031715111943017,0.3031715111943017,0.4971993672466356,0.6912272232989695,0.6912272232989695,0.6912272232989695,0.8010446241907265,0.9108620250824835,0.08913797491751652,0.08913797491751652,0.08913797491751652,0.1989553758092736,0.3087727767010307,0.3087727767010307,0.5028006327533645,0.6968284888056984,0.6968284888056984,0.6968284888056984,0.8051751844646717,0.913521880123645
2026/07/24,Atlante,Tigres UANL,0.1489372260563058,0.3246824278083322,0.5263803461353619,0.021287191510633165,0.021287191510633165,0.021287191510633165,0.07879396566807362,0.13630073982551408,0.13630073982551408,0.3272904032421801,0.5182800666588462,0.5182800666588462,0.5182800666588462,0.6692469662922425,0.8202138659256387,0.17978613407436134,0.17978613407436134,0.17978613407436134,0.33075303370775766,0.481719933341154,0.481719933341154,0.6727095967578199,0.863699260174486,0.863699260174486,0.863699260174486,0.9212060343319264,0.9787128084893669
2026/07/24,Atlante,Tijuana,0.23119581953878104,0.3346572085988394,0.4341469718623796,0.04564661247593649,0.04564661247593649,0.04564661247593649,0.12816051475595197,0.21067441703596745,0.21067441703596745,0.4075315985646966,0.6043887800934258,0.6043887800934258,0.6043887800934258,0.7367512019978686,0.8691136239023115,0.13088637609768844,0.13088637609768844,0.13088637609768844,0.2632487980021314,0.3956112199065744,0.3956112199065744,0.5924684014353035,0.7893255829640327,0.7893255829640327,0.7893255829640327,0.8718394852440481,0.9543533875240636
2026/07/24,Atlante,Toluca,0.1171990397267566,0.2728123952677794,0.609988565005464,0.016741376265314047,0.016741376265314047,0.016741376265314047,0.06309063415693673,0.10943989204855942,0.10943989204855942,0.26991777161784125,0.43039565118712314,0.43039565118712314,0.43039565118712314,0.5867903528485648,0.7431850545100066,0.256814945489993,0.256814945489993,0.256814945489993,0.4132096471514348,0.5696043488128766,0.5696043488128766,0.7300822283821584,0.8905601079514402,0.8905601079514402,0.8905601079514402,0.936909365843063,0.9832586237346856
2026/07/24,Atlante,UNAM Pumas,0.21836150856389974,0.328347106561364,0.45329138487473625,0.042185309146734566,0.042185309146734566,0.042185309146734566,0.12085436698968664,0.1995234248326387,0.1995234248326387,0.3926687816334411,0.5858141384342435,0.5858141384342435,0.5858141384342435,0.7215800622538779,0.8573459860735123,0.14265401392648766,0.14265401392648766,0.14265401392648766,0.2784199377461221,0.41418586156575654,0.41418586156575654,0.6073312183665589,0.8004765751673613,0.8004765751673613,0.8004765751673613,0.8791456330103133,0.9578146908532654
2026/07/24,Atlas,Atlante,0.5349568640637132,0.31572618921680556,0.14931694671948126,0.1890261110568981,0.1890261110568981,0.1890261110568981,0.34021229417336574,0.49139847728983344,0.49139847728983344,0.6771197650644248,0.8628410528390162,0.8628410528390162,0.8628410528390162,0.9203565101557878,0.9778719674725592,0.022128032527440566,0.022128032527440566,0.022128032527440566,0.07964348984421203,0.1371589471609835,0.1371589471609835,0.322880234935575,0.5086015227101665,0.5086015227101665,0.5086015227101665,0.6597877058266342,0.810973888943102
2026/07/24,Atlas,Atletico San Luis,0.434099398261671,0.27970787930338914,0.28619272243493993,0.15710242227071006,0.15710242227071006,0.15710242227071006,0.2807269177723877,0.4043514132740653,0.4043514132740653,0.5688854599231177,0.73341950657217,0.73341950657217,0.73341950657217,0.826268303505671,0.9191171004391722,0.08088289956082786,0.08088289956082786,0.08088289956082786,0.17373169649432885,0.2665804934278298,0.2665804934278298,0.4311145400768822,0.5956485867259347,0.5956485867259347,0.5956485867259347,0.7192730822276123,0.8428975777292899
2026/07/24,Atlas,Club America,0.22796861282203898,0.3019445505866387,0.4700868365913223,0.050211232815174284,0.050211232815174284,0.050211232815174284,0.13038921332235015,0.21056719382952604,0.21056719382952604,0.3881816353510782,0.5657960768726303,0.5657960768726303,0.5657960768726303,0.7009072292001906,0.8360183815277507,0.1639816184722493,0.1639816184722493,0.1639816184722493,0.29909277079980945,0.4342039231273696,0.4342039231273696,0.6118183646489217,0.7894328061704738,0.7894328061704738,0.7894328061704738,0.8696107866776499,0.9497887671848259
2026/07/24,Atlas,Cruz Azul,0.23245850815540833,0.280822320030143,0.4867191718144488,0.056388609777576586,0.056388609777576586,0.056388609777576586,0.1364144683650183,0.21644032695246002,0.21644032695246002,0.38162992697019105,0.5468195269879221,0.5468195269879221,0.5468195269879221,0.6809253948102649,0.8150312626326076,0.18496873736739236,0.18496873736739236,0.18496873736739236,0.319074605189735,0.45318047301207764,0.45318047301207764,0.6183700730298087,0.7835596730475397,0.7835596730475397,0.7835596730475397,0.8635855316349815,0.9436113902224234
2026/07/24,Atlas,FC Juarez,0.4633636233789843,0.275354686495614,0.26128169012540164,0.17558114838710878,0.17558114838710878,0.17558114838710878,0.30393667041711786,0.43229219244712697,0.43229219244712697,0.5942655374445471,0.7562388824419672,0.7562388824419672,0.7562388824419672,0.8428649578614884,0.9294910332810095,0.07050896671899079,0.07050896671899079,0.07050896671899079,0.15713504213851187,0.24376111755803298,0.24376111755803298,0.4057344625554531,0.5677078075528732,0.5677078075528732,0.5677078075528732,0.6960633295828823,0.8244188516128914
2026/07/24,Atlas,Guadalajara,0.2814280283604316,0.29018676938888965,0.4283852022506787,0.07555226068816163,0.07555226068816163,0.07555226068816163,0.16833834101705308,0.26112442134594455,0.26112442134594455,0.4318225209864678,0.6025206206269911,0.6025206206269911,0.6025206206269911,0.727003096926604,0.851485573226217,0.14851442677378304,0.14851442677378304,0.14851442677378304,0.27299690307339597,0.39747937937300887,0.39747937937300887,0.5681774790135321,0.7388755786540553,0.7388755786540553,0.7388755786540553,0.8316616589829469,0.9244477393118383
2026/07/24,Atlas,Leon,0.4708197754846694,0.2777652535587928,0.25141497095653786,0.1782011702064587,0.1782011702064587,0.1782011702064587,0.30853342363304587,0.43886567705963303,0.43886567705963303,0.6022570026824523,0.7656483283052715,0.7656483283052715,0.7656483283052715,0.8501330073866282,0.9346176864679849,0.06538231353201493,0.06538231353201493,0.06538231353201493,0.14986699261337166,0.23435167169472837,0.23435167169472837,0.39774299731754764,0.5611343229403669,0.5611343229403669,0.5611343229403669,0.6914665763669541,0.8217988297935411
2026/07/24,Atlas,Mazatlan,0.5219952904431854,0.27399507329284944,0.20400963626396507,0.2086969149789629,0.2086969149789629,0.2086969149789629,0.3479636079013667,0.48723030082377056,0.48723030082377056,0.6484038733489762,0.8095774458741819,0.8095774458741819,0.8095774458741819,0.8817629489718022,0.9539484520694224,0.04605154793057763,0.04605154793057763,0.04605154793057763,0.11823705102819795,0.19042255412581827,0.19042255412581827,0.3515961266510239,0.5127696991762295,0.5127696991762295,0.5127696991762295,0.6520363920986334,0.7913030850210372
2026/07/24,Atlas,Monterrey,0.3320396220883236,0.2688740360047527,0.39908634190692366,0.10769761837089344,0.10769761837089344,0.10769761837089344,0.20909432409948864,0.31049102982808385,0.31049102982808385,0.4686522274779383,0.6268134251277927,0.6268134251277927,0.6268134251277927,0.7414995455524873,0.856185665977182,0.14381433402281782,0.14381433402281782,0.14381433402281782,0.25850045444751246,0.3731865748722071,0.3731865748722071,0.5313477725220617,0.6895089701719161,0.6895089701719161,0.6895089701719161,0.7909056759005113,0.8923023816291064
2026/07/24,Atlas,Necaxa,0.4460447052114988,0.2656754853855357,0.2882798094029655,0.17184096033662677,0.17184096033662677,0.17184096033662677,0.2947036789424152,0.4175663975482037,0.4175663975482037,0.573846094833813,0.7301257921194223,0.7301257921194223,0.7301257921194223,0.8218226703249512,0.91351954853048,0.08648045146952017,0.08648045146952017,0.08648045146952017,0.17817732967504898,0.2698742078805778,0.2698742078805778,0.4261539051661871,0.5824336024517964,0.5824336024517964,0.5824336024517964,0.7052963210575849,0.8281590396633732
2026/07/24,Atlas,Pachuca,0.28382382266001643,0.31528835341396616,0.4008878239260174,0.06989759996051728,0.06989759996051728,0.06989759996051728,0.16532906280937915,0.26076052565824104,0.26076052565824104,0.44622426296057405,0.6316880002629071,0.6316880002629071,0.6316880002629071,0.754265660798702,0.876843321334497,0.12315667866550294,0.12315667866550294,0.12315667866550294,0.24573433920129792,0.3683119997370929,0.3683119997370929,0.5537757370394261,0.7392394743417592,0.7392394743417592,0.7392394743417592,0.8346709371906209,0.9301024000394826
2026/07/24,Atlas,Puebla,0.5324479353685274,0.2879544643738652,0.17959760025760738,0.20487158177261142,0.20487158177261142,0.20487158177261142,0.34966054899863824,0.49444951622466504,0.49444951622466504,0.663834495268115,0.8332194743115651,0.8332194743115651,0.8332194743115651,0.8993007415308627,0.9653820087501603,0.034617991249839455,0.034617991249839455,0.034617991249839455,0.1006992584691371,0.16678052568843477,0.16678052568843477,0.3361655047318848,0.5055504837753347,0.5055504837753347,0.5055504837753347,0.6503394510013616,0.7951284182273886
2026/07/24,Atlas,Queretaro,0.4618712306087551,0.2982048155261608,0.23992395386508408,0.16175586478625542,0.16175586478625542,0.16175586478625542,0.2944967526241693,0.42723764046208323,0.42723764046208323,0.6026522378304131,0.7780668351987429,0.7780668351987429,0.7780668351987429,0.861180716855872,0.9442945985130011,0.05570540148699889,0.05570540148699889,0.05570540148699889,0.13881928314412795,0.22193316480125702,0.22193316480125702,0.39734776216958695,0.5727623595379169,0.5727623595379169,0.5727623595379169,0.7055032473758307,0.8382441352137446
2026/07/24,Atlas,Santos Laguna,0.5215444995856581,0.25502324495665557,0.2234322554576863,0.2223300645867835,0.2223300645867835,0.2223300645867835,0.3561840107762884,0.49003795696579333,0.49003795696579333,0.6400516304697084,0.7900653039736234,0.7900653039736234,0.7900653039736234,0.8657836855680512,0.9415020671624791,0.058497932837520944,0.058497932837520944,0.058497932837520944,0.13421631443194876,0.2099346960263766,0.2099346960263766,0.35994836953029163,0.5099620430342067,0.5099620430342067,0.5099620430342067,0.6438159892237116,0.7776699354132166
2026/07/24,Atlas,Tigres UANL,0.2580106647922483,0.3020818928951884,0.43990744231256335,0.062283768415448935,0.062283768415448935,0.062283768415448935,0.1502934964659942,0.23830322451653946,0.23830322451653946,0.41599845563135607,0.5936936867461727,0.5936936867461727,0.5936936867461727,0.722604822995597,0.8515159592450212,0.14848404075497865,0.14848404075497865,0.14848404075497865,0.27739517700440286,0.4063063132538271,0.4063063132538271,0.5840015443686437,0.7616967754834603,0.7616967754834603,0.7616967754834603,0.8497065035340056,0.9377162315845509
2026/07/24,Atlas,Tijuana,0.38402548246633583,0.28864695778967514,0.32732755974398914,0.12619540851290434,0.12619540851290434,0.12619540851290434,0.24136103200861667,0.356526655504329,0.356526655504329,0.5263189836159026,0.6961113117274762,0.6961113117274762,0.6961113117274762,0.7991999349463613,0.9022885581652464,0.09771144183475373,0.09771144183475373,0.09771144183475373,0.20080006505363876,0.3038886882725238,0.3038886882725238,0.47368101638409743,0.6434733444956711,0.6434733444956711,0.6434733444956711,0.7586389679913834,0.8738045914870957
2026/07/24,Atlas,Toluca,0.20945278571991374,0.26574529423344584,0.5248019200466404,0.049923732217142865,0.049923732217142865,0.049923732217142865,0.12299947263882083,0.1960752130604988,0.1960752130604988,0.3523959743742905,0.5087167356880822,0.5087167356880822,0.5087167356880822,0.6462942383702,0.7838717410523178,0.2161282589476824,0.2161282589476824,0.2161282589476824,0.3537057616298001,0.4912832643119178,0.4912832643119178,0.6476040256257095,0.8039247869395012,0.8039247869395012,0.8039247869395012,0.8770005273611792,0.9500762677828571
2026/07/24,Atlas,UNAM Pumas,0.36603975464098054,0.28734100518958794,0.3466192401694315,0.11755349514321523,0.11755349514321523,0.11755349514321523,0.22877436288743339,0.33999523063165155,0.33999523063165155,0.5090193513314092,0.6780434720311669,0.6780434720311669,0.6780434720311669,0.7851507351349749,0.8922579982387828,0.1077420017612172,0.1077420017612172,0.1077420017612172,0.2148492648650252,0.3219565279688332,0.3219565279688332,0.4909806486685908,0.6600047693683484,0.6600047693683484,0.6600047693683484,0.7712256371125668,0.882446504856785
2026/07/24,Atletico San Luis,Atlante,0.580226026376657,0.28302526485466495,0.136748708768678,0.23342803467620749,0.23342803467620749,0.23342803467620749,0.3866172826124048,0.5398065305486022,0.5398065305486022,0.7062919804631109,0.8727774303776198,0.8727774303776198,0.8727774303776198,0.9256871754120154,0.978596920446411,0.021403079553589124,0.021403079553589124,0.021403079553589124,0.07431282458798469,0.12722256962238024,0.12722256962238024,0.293708019536889,0.46019346945139783,0.46019346945139783,0.46019346945139783,0.6133827173875952,0.7665719653237926
2026/07/24,Atletico San Luis,Atlas,0.4872598321181553,0.27075032164175256,0.2419898462400921,0.1917134447157369,0.1917134447157369,0.1917134447157369,0.32352433051123275,0.4553352163067286,0.4553352163067286,0.6146001113901125,0.7738650064734964,0.7738650064734964,0.7738650064734964,0.8554575379724008,0.937050069471305,0.06294993052869495,0.06294993052869495,0.06294993052869495,0.14454246202759932,0.22613499352650368,0.22613499352650368,0.38539988860988755,0.5446647836932714,0.5446647836932714,0.5446647836932714,0.6764756694887674,0.8082865552842633
2026/07/24,Atletico San Luis,Club America,0.2515337618943167,0.28728844087838556,0.4611777972272978,0.06304876152505029,0.06304876152505029,0.06304876152505029,0.1483449716748521,0.23364118182465393,0.23364118182465393,0.4026343823413512,0.5716275828580485,0.5716275828580485,0.5716275828580485,0.7021120597279307,0.8325965365978129,0.16740346340218698,0.16740346340218698,0.16740346340218698,0.2978879402720691,0.42837241714195123,0.42837241714195123,0.5973656176586486,0.7663588181753459,0.7663588181753459,0.7663588181753459,0.8516550283251478,0.9369512384749497
2026/07/24,Atletico San Luis,Cruz Azul,0.2564489195683103,0.26752092302806685,0.47603015740362276,0.07046249967704955,0.07046249967704955,0.07046249967704955,0.15519141594289484,0.23992033220874015,0.23992033220874015,0.39728558104877953,0.554650829888819,0.554650829888819,0.554650829888819,0.6835482680425167,0.8124457061962143,0.18755429380378572,0.18755429380378572,0.18755429380378572,0.31645173195748344,0.44534917011118114,0.44534917011118114,0.6027144189512206,0.76007966779126,0.76007966779126,0.76007966779126,0.8448085840571051,0.9295375003229503
2026/07/24,Atletico San Luis,FC Juarez,0.5059559050007498,0.2522420029929171,0.24180209200633307,0.21544672267298834,0.21544672267298834,0.21544672267298834,0.3456417863110993,0.47583684994921027,0.47583684994921027,0.6242144987685734,0.7725921475879364,0.7725921475879364,0.7725921475879364,0.8523664435224407,0.932140739456945,0.06785926054305524,0.06785926054305524,0.06785926054305524,0.1476335564775595,0.22740785241206374,0.22740785241206374,0.3757855012314268,0.5241631500507898,0.5241631500507898,0.5241631500507898,0.6543582136889007,0.7845532773270115
2026/07/24,Atletico San Luis,Guadalajara,0.3102754263340496,0.2748460939451571,0.4148784797207934,0.09425385587332522,0.09425385587332522,0.09425385587332522,0.1918881839459034,0.28952251201848156,0.28952251201848156,0.45119668492739745,0.6128708578363133,0.6128708578363133,0.6128708578363133,0.7317844104181038,0.8506979629998943,0.14930203700010572,0.14930203700010572,0.14930203700010572,0.2682155895818962,0.3871291421636866,0.3871291421636866,0.5488033150726025,0.7104774879815184,0.7104774879815184,0.7104774879815184,0.8081118160540967,0.9057461441266749
2026/07/24,Atletico San Luis,Leon,0.513745624610946,0.253909012785988,0.23234536260306599,0.21869314948076599,0.21869314948076599,0.21869314948076599,0.35079255337658877,0.4828919572724116,0.4828919572724116,0.6322502000876986,0.7816084429029857,0.7816084429029857,0.7816084429029857,0.8593515204139066,0.9370945979248275,0.06290540207517233,0.06290540207517233,0.06290540207517233,0.14064847958609333,0.21839155709701435,0.21839155709701435,0.3677497999123014,0.5171080427275884,0.5171080427275884,0.5171080427275884,0.6492074466234111,0.7813068505192339
2026/07/24,Atletico San Luis,Mazatlan,0.5670721080561986,0.2469467979150571,0.18598109402874427,0.2550578522626698,0.2550578522626698,0.2550578522626698,0.3946568775238951,0.5342559027851204,0.5342559027851204,0.679518725088095,0.8247815473910696,0.8247815473910696,0.8247815473910696,0.8904757274262807,0.9561699074614918,0.04383009253850806,0.04383009253850806,0.04383009253850806,0.10952427257371909,0.17521845260893013,0.17521845260893013,0.3204812749119048,0.4657440972148795,0.4657440972148795,0.4657440972148795,0.6053431224761048,0.7449421477373301
2026/07/24,Atletico San Luis,Monterrey,0.3656781452172451,0.2533858761436028,0.38093597863915213,0.13320074695992723,0.13320074695992723,0.13320074695992723,0.23848910756717068,0.3437774681744141,0.3437774681744141,0.49282798355300395,0.6418784989315938,0.6418784989315938,0.6418784989315938,0.7499926648176345,0.8581068307036752,0.14189316929632467,0.14189316929632467,0.14189316929632467,0.2500073351823654,0.3581215010684061,0.3581215010684061,0.5071720164469959,0.6562225318255859,0.6562225318255859,0.6562225318255859,0.7615108924328292,0.8667992530400725
2026/07/24,Atletico San Luis,Necaxa,0.48789683275078505,0.24465700660773862,0.26744616064147636,0.21057560721827745,0.21057560721827745,0.21057560721827745,0.33529233508193856,0.46000906294559973,0.46000906294559973,0.6039249491854459,0.7478408354252921,0.7478408354252921,0.7478408354252921,0.8323479731041277,0.9168551107829632,0.08314488921703664,0.08314488921703664,0.08314488921703664,0.16765202689587222,0.2521591645747078,0.2521591645747078,0.396075050814554,0.5399909370544003,0.5399909370544003,0.5399909370544003,0.6647076649180613,0.7894243927817224
2026/07/24,Atletico San Luis,Pachuca,0.3128862337232121,0.2980108290404936,0.38910293723629436,0.0876573571747402,0.0876573571747402,0.0876573571747402,0.1885517194934852,0.2894460818122302,0.2894460818122302,0.4647465694831088,0.6400470571539874,0.6400470571539874,0.6400470571539874,0.7576960715486769,0.8753450859433666,0.12465491405663352,0.12465491405663352,0.12465491405663352,0.2423039284513231,0.35995294284601265,0.35995294284601265,0.5352534305168912,0.7105539181877698,0.7105539181877698,0.7105539181877698,0.8114482805065149,0.91234264282526
2026/07/24,Atletico San Luis,Puebla,0.577735799173541,0.258505870626646,0.16375833019981298,0.2511991458863747,0.2511991458863747,0.2511991458863747,0.3966955541383537,0.5421919623903327,0.5421919623903327,0.6942542392295363,0.8463165160687399,0.8463165160687399,0.8463165160687399,0.9066050807879021,0.9668936455070644,0.033106354492935815,0.033106354492935815,0.033106354492935815,0.09339491921209803,0.15368348393126025,0.15368348393126025,0.3057457607704639,0.4578080376096675,0.4578080376096675,0.4578080376096675,0.6033044458616463,0.7488008541136253
2026/07/24,Atletico San Luis,Queretaro,0.5041345960157482,0.27284860891568785,0.22301679506856395,0.19966394994134362,0.19966394994134362,0.19966394994134362,0.33520814281083433,0.47075233568032504,0.47075233568032504,0.6312515173954356,0.7917506991105461,0.7917506991105461,0.7917506991105461,0.8688019066532506,0.9458531141959552,0.054146885804044885,0.054146885804044885,0.054146885804044885,0.13119809334674942,0.20824930088945398,0.20824930088945398,0.3687484826045645,0.529247664319675,0.529247664319675,0.529247664319675,0.6647918571891657,0.8003360500586564
2026/07/24,Atletico San Luis,Santos Laguna,0.5669327207549407,0.2302202370024858,0.20284704224257355,0.2702735280082256,0.2702735280082256,0.2702735280082256,0.4036424604270119,0.5370113928457982,0.5370113928457982,0.6724350616707899,0.8078587304957815,0.8078587304957815,0.8078587304957815,0.8763557410525529,0.9448527516093244,0.05514724839067573,0.05514724839067573,0.05514724839067573,0.12364425894744709,0.19214126950421845,0.19214126950421845,0.3275649383292101,0.46298860715420176,0.46298860715420176,0.46298860715420176,0.5963575395729881,0.7297264719917745
2026/07/24,Atletico San Luis,Tigres UANL,0.28458691591146285,0.28661449787128623,0.42879858621725087,0.07803646844341297,0.07803646844341297,0.07803646844341297,0.17122308661969166,0.26440970479597037,0.26440970479597037,0.43300646824966815,0.6016032317033659,0.6016032317033659,0.6016032317033659,0.725514732292234,0.849426232881102,0.15057376711889814,0.15057376711889814,0.15057376711889814,0.2744852677077661,0.39839676829663406,0.39839676829663406,0.5669935317503318,0.7355902952040296,0.7355902952040296,0.7355902952040296,0.8287769133803085,0.9219635315565872
2026/07/24,Atletico San Luis,Tijuana,0.42154300175841164,0.26893392062547405,0.30952307761611425,0.1562071433467318,0.1562071433467318,0.1562071433467318,0.2751923295122604,0.394177515677789,0.394177515677789,0.5523739395751266,0.7105703634724643,0.7105703634724643,0.7105703634724643,0.8072647625014744,0.9039591615304845,0.0960408384695155,0.0960408384695155,0.0960408384695155,0.19273523749852556,0.2894296365275356,0.2894296365275356,0.44762606042487324,0.6058224843222109,0.6058224843222109,0.6058224843222109,0.7248076704877395,0.8437928566532681
2026/07/24,Atletico San Luis,Toluca,0.23102712470234885,0.25391278077897367,0.5150600945186775,0.06228797181096129,0.06228797181096129,0.06228797181096129,0.139720091771049,0.2171522117311367,0.2171522117311367,0.366512671012886,0.5158731302946352,0.5158731302946352,0.5158731302946352,0.6482118801866206,0.7805506300786058,0.21944936992139424,0.21944936992139424,0.21944936992139424,0.3517881198133796,0.48412686970536495,0.48412686970536495,0.6334873289871141,0.7828477882688634,0.7828477882688634,0.7828477882688634,0.8602799082289511,0.9377120281890388
2026/07/24,Atletico San Luis,UNAM Pumas,0.4022270427293474,0.2686747609497846,0.329098196320868,0.1456510928770583,0.1456510928770583,0.1456510928770583,0.26090049930304415,0.37614990572903007,0.37614990572903007,0.5341938827583151,0.6922378597876002,0.6922378597876002,0.6922378597876002,0.7929981272787091,0.893758394769818,0.10624160523018203,0.10624160523018203,0.10624160523018203,0.2070018727212909,0.3077621402123998,0.3077621402123998,0.46580611724168486,0.6238500942709699,0.6238500942709699,0.6238500942709699,0.7390995006969558,0.8543489071229418
2026/07/24,Club America,Atlante,0.7141993429017695,0.2275160259941094,0.05828463110412123,0.3532788449390416,0.3532788449390416,0.3532788449390416,0.5151788235231276,0.6770788021072137,0.6770788021072137,0.8109117585743368,0.9447447150414598,0.9447447150414598,0.9447447150414598,0.969662387256427,0.9945800594713942,0.0054199405286055775,0.0054199405286055775,0.0054199405286055775,0.03033761274357276,0.05525528495853994,0.05525528495853994,0.18908824142566302,0.3229211978927861,0.3229211978927861,0.3229211978927861,0.4848211764768722,0.6467211550609583
2026/07/24,Club America,Atlas,0.6614495658206466,0.2320109698448043,0.10653946433454903,0.32168296351540254,0.32168296351540254,0.32168296351540254,0.47393463009532066,0.6261862966752387,0.6261862966752387,0.7626633377604177,0.8991403788455968,0.8991403788455968,0.8991403788455968,0.941142785019879,0.9831451911941613,0.01685480880583878,0.01685480880583878,0.01685480880583878,0.05885721498012102,0.10085962115440325,0.10085962115440325,0.23733666223958227,0.3738137033247613,0.3738137033247613,0.3738137033247613,0.5260653699046794,0.6783170364845976
2026/07/24,Club America,Atletico San Luis,0.6616769433251264,0.2216795697549986,0.11664348691987503,0.3331101436899408,0.3331101436899408,0.3331101436899408,0.4807649476369873,0.6284197515840338,0.6284197515840338,0.7588194984987389,0.889219245413444,0.889219245413444,0.889219245413444,0.9340927896961781,0.9789663339789122,0.021033666021087825,0.021033666021087825,0.021033666021087825,0.06590721030382192,0.11078075458655602,0.11078075458655602,0.24118050150126108,0.37158024841596615,0.37158024841596615,0.37158024841596615,0.5192350523630127,0.6668898563100593
2026/07/24,Club America,Cruz Azul,0.441764533891723,0.3016429121441938,0.2565925539640832,0.14964853664906477,0.14964853664906477,0.14964853664906477,0.2788701535426827,0.4080917704363006,0.4080917704363006,0.585528777579944,0.7629657847235874,0.7629657847235874,0.7629657847235874,0.8505855496883042,0.938205314653021,0.06179468534697871,0.06179468534697871,0.06179468534697871,0.14941445031169565,0.23703421527641255,0.23703421527641255,0.4144712224200559,0.5919082295636993,0.5919082295636993,0.5919082295636993,0.7211298464573171,0.850351463350935
2026/07/24,Club America,FC Juarez,0.6877806962114,0.2093790883193147,0.10284021546928528,0.3614710728631776,0.3614710728631776,0.3614710728631776,0.5085543506838327,0.6556376285044878,0.6556376285044878,0.7788017981040847,0.9019659677036815,0.9019659677036815,0.9019659677036815,0.942133236013766,0.9823005043238504,0.017699495676149517,0.017699495676149517,0.017699495676149517,0.05786676398623396,0.0980340322963184,0.0980340322963184,0.22119820189591524,0.3443623714955121,0.3443623714955121,0.3443623714955121,0.49144564931616713,0.6385289271368222
2026/07/24,Club America,Guadalajara,0.5003356247273808,0.28773650557094105,0.21192786970167807,0.18798684851854097,0.18798684851854097,0.18798684851854097,0.3263268555104035,0.4646668625022661,0.4646668625022661,0.6339236304851725,0.8031803984680791,0.8031803984680791,0.8031803984680791,0.8782769084867751,0.9533734185054711,0.046626581494528925,0.046626581494528925,0.046626581494528925,0.12172309151322491,0.1968196015319209,0.1968196015319209,0.3660763695148274,0.5353331374977339,0.5353331374977339,0.5353331374977339,0.6736731444895965,0.812013151481459
2026/07/24,Club America,Leon,0.6917661680064596,0.20960536706298624,0.09862846493055417,0.3632530993683558,0.3632530993683558,0.3632530993683558,0.511322868294476,0.6593926372205963,0.6593926372205963,0.7826899119635293,0.9059871867064624,0.9059871867064624,0.9059871867064624,0.9448255415419415,0.9836638963774207,0.01633610362257919,0.01633610362257919,0.01633610362257919,0.055174458458058365,0.09401281329353754,0.09401281329353754,0.2173100880364705,0.34060736277940346,0.34060736277940346,0.34060736277940346,0.4886771317055236,0.6367469006316439
2026/07/24,Club America,Mazatlan,0.7299960325242636,0.19378728535577383,0.07621668211996255,0.4030860327047179,0.4030860327047179,0.4030860327047179,0.5510586258486139,0.6990312189925099,0.6990312189925099,0.8130237397900238,0.9270162605875378,0.9270162605875378,0.9270162605875378,0.9580508309191874,0.989085401250837,0.01091459874916276,0.01091459874916276,0.01091459874916276,0.04194916908081242,0.07298373941246208,0.07298373941246208,0.18697626020997604,0.30096878100749,0.30096878100749,0.30096878100749,0.448941374151386,0.596913967295282
2026/07/24,Club America,Monterrey,0.5729443920884889,0.24626853722506165,0.18078707068644936,0.25899770686219364,0.25899770686219364,0.25899770686219364,0.39945344367952074,0.5399091804968479,0.5399091804968479,0.6847730259233547,0.8296368713498615,0.8296368713498615,0.8296368713498615,0.8939236046372654,0.9582103379246694,0.041789662075330705,0.041789662075330705,0.041789662075330705,0.10607639536273455,0.17036312865013842,0.17036312865013842,0.3152269740766452,0.46009081950315195,0.46009081950315195,0.46009081950315195,0.6005465563204792,0.7410022931378063
2026/07/24,Club America,Necaxa,0.6812005949718917,0.20514431775519182,0.1136550872729165,0.3633242086460875,0.3633242086460875,0.3633242086460875,0.5067496599699771,0.6501751112938667,0.6501751112938667,0.770848239385156,0.8915213674764453,0.8915213674764453,0.8915213674764453,0.9348385373811499,0.9781557072858544,0.021844292714145647,0.021844292714145647,0.021844292714145647,0.06516146261885014,0.10847863252355464,0.10847863252355464,0.22915176061484405,0.3498248887061335,0.3498248887061335,0.3498248887061335,0.49325034003002294,0.6366757913539124
2026/07/24,Club America,Pachuca,0.4889990360106258,0.3101799438132045,0.20082102017616982,0.16916032777836232,0.16916032777836232,0.16916032777836232,0.30967849780553347,0.4501966678327047,0.4501966678327047,0.6326554583110602,0.8151142487894157,0.8151142487894157,0.8151142487894157,0.8881375617167511,0.9611608746440863,0.0388391253559136,0.0388391253559136,0.0388391253559136,0.11186243828324885,0.1848857512105841,0.1848857512105841,0.3673445416889396,0.5498033321672952,0.5498033321672952,0.5498033321672952,0.6903215021944664,0.8308396722216376
2026/07/24,Club America,Puebla,0.7281420908070187,0.20388619405350297,0.06797171513947828,0.3885650439657494,0.3885650439657494,0.3885650439657494,0.5418995808440031,0.6952341177222569,0.6952341177222569,0.8151671730478468,0.9351002283734368,0.9351002283734368,0.9351002283734368,0.9634151205199691,0.9917300126665015,0.008269987333498345,0.008269987333498345,0.008269987333498345,0.036584879480030766,0.06489977162656319,0.06489977162656319,0.18483282695215317,0.30476588227774315,0.30476588227774315,0.30476588227774315,0.45810041915599686,0.6114349560342506
2026/07/24,Club America,Queretaro,0.671926763159553,0.23062189377242945,0.09745134306801756,0.32865402436497804,0.32865402436497804,0.32865402436497804,0.4825188568613885,0.636383689357799,0.636383689357799,0.7720436268709928,0.9077035643841866,0.9077035643841866,0.9077035643841866,0.9466834606423895,0.9856633569005925,0.014336643099407572,0.014336643099407572,0.014336643099407572,0.053316539357610486,0.0922964356158134,0.0922964356158134,0.22795637312900724,0.36361631064220107,0.36361631064220107,0.36361631064220107,0.5174811431386116,0.6713459756350221
2026/07/24,Club America,Santos Laguna,0.7425922710325259,0.17672531760302576,0.08068241136444827,0.43427183477080616,0.43427183477080616,0.43427183477080616,0.5743668250106665,0.7144618152505269,0.7144618152505269,0.8184178844287773,0.9223739536070278,0.9223739536070278,0.9223739536070278,0.9544438071073256,0.9865136606076234,0.013486339392376579,0.013486339392376579,0.013486339392376579,0.045556192892674395,0.07762604639297221,0.07762604639297221,0.18158211557122264,0.28553818474947307,0.28553818474947307,0.28553818474947307,0.4256331749893334,0.5657281652291937
2026/07/24,Club America,Tigres UANL,0.4640779999822751,0.30958017435779267,0.2263418256599324,0.15694186179246014,0.15694186179246014,0.15694186179246014,0.2921490630227669,0.4273562642530736,0.4273562642530736,0.6094622491694222,0.7915682340857708,0.7915682340857708,0.7915682340857708,0.8716959960225552,0.9518237579593396,0.04817624204066033,0.04817624204066033,0.04817624204066033,0.12830400397744474,0.20843176591422913,0.20843176591422913,0.39053775083057773,0.5726437357469264,0.5726437357469264,0.5726437357469264,0.7078509369772331,0.8430581382075398
2026/07/24,Club America,Tijuana,0.6116482959701435,0.24603035186585673,0.14232135216399983,0.28085558430472685,0.28085558430472685,0.28085558430472685,0.4286411463270745,0.5764267083494222,0.5764267083494222,0.7211504447411028,0.8658741811327834,0.8658741811327834,0.8658741811327834,0.9194017818459235,0.9729293825590636,0.02707061744093673,0.02707061744093673,0.02707061744093673,0.08059821815407682,0.13412581886721692,0.13412581886721692,0.27884955525889743,0.42357329165057794,0.42357329165057794,0.42357329165057794,0.5713588536729256,0.7191444156952733
2026/07/24,Club America,Toluca,0.4172351715129372,0.29863969724786116,0.2841251312392017,0.1386030889730198,0.1386030889730198,0.1386030889730198,0.26224333420362794,0.38588357943423607,0.38588357943423607,0.5615539895800368,0.7372243997258374,0.7372243997258374,0.7372243997258374,0.8314134768692747,0.9256025540127121,0.07439744598728783,0.07439744598728783,0.07439744598728783,0.16858652313072517,0.2627756002741625,0.2627756002741625,0.4384460104199631,0.6141164205657638,0.6141164205657638,0.6141164205657638,0.7377566657963719,0.86139691102698
2026/07/24,Club America,UNAM Pumas,0.5952236667262379,0.25113584415891904,0.15364048911484304,0.26717374721523124,0.26717374721523124,0.26717374721523124,0.41358591571008535,0.5599980842049395,0.5599980842049395,0.7077250513572448,0.8554520185095502,0.8554520185095502,0.8554520185095502,0.9125039346328147,0.9695558507560791,0.030444149243921036,0.030444149243921036,0.030444149243921036,0.08749606536718546,0.1445479814904499,0.1445479814904499,0.29227494864275516,0.4400019157950605,0.4400019157950605,0.4400019157950605,0.5864140842899147,0.7328262527847689
2026/07/24,Cruz Azul,Atlante,0.7419418807064408,0.20157662961749875,0.05648148967606022,0.3980357871987924,0.3980357871987924,0.3980357871987924,0.5534608773756416,0.7088859675524909,0.7088859675524909,0.8274604555627842,0.9460349435730777,0.9460349435730777,0.9460349435730777,0.9700918857171346,0.9941488278611913,0.005851172138808841,0.005851172138808841,0.005851172138808841,0.029908114282865595,0.05396505642692235,0.05396505642692235,0.17253954443721578,0.2911140324475092,0.2911140324475092,0.2911140324475092,0.4465391226243584,0.6019642128012076
2026/07/24,Cruz Azul,Atlas,0.685845622628416,0.20957576424481142,0.1045786131267726,0.3602194443833592,0.3602194443833592,0.3602194443833592,0.5069871715179473,0.6537548986525352,0.6537548986525352,0.7770347599730125,0.9003146212934898,0.9003146212934898,0.9003146212934898,0.9410332199554516,0.9817518186174133,0.01824818138258666,0.01824818138258666,0.01824818138258666,0.05896678004454841,0.09968537870651016,0.09968537870651016,0.22296524002698742,0.34624510134746467,0.34624510134746467,0.34624510134746467,0.49301282848205275,0.6397805556166408
2026/07/24,Cruz Azul,Atletico San Luis,0.6850134915630776,0.20062398316618685,0.11436252527073554,0.3711675339806957,0.3711675339806957,0.3711675339806957,0.5129209453284871,0.6546743566762785,0.6546743566762785,0.7726884644210943,0.8907025721659101,0.8907025721659101,0.8907025721659101,0.9340264262972546,0.9773502804285993,0.02264971957140066,0.02264971957140066,0.02264971957140066,0.06597357370274529,0.10929742783408991,0.10929742783408991,0.2273115355789056,0.3453256433237213,0.3453256433237213,0.3453256433237213,0.4870790546715128,0.6288324660193043
2026/07/24,Cruz Azul,Club America,0.43893377462149874,0.3021299623994061,0.2589362629790952,0.14796472720815504,0.14796472720815504,0.14796472720815504,0.2766820494964294,0.40539937178470375,0.40539937178470375,0.583122879078472,0.7608463863722403,0.7608463863722403,0.7608463863722403,0.8490938098158647,0.9373412332594889,0.06265876674051113,0.06265876674051113,0.06265876674051113,0.15090619018413542,0.2391536136277597,0.2391536136277597,0.416877120921528,0.5946006282152964,0.5946006282152964,0.5946006282152964,0.7233179505035707,0.8520352727918451
2026/07/24,Cruz Azul,FC Juarez,0.7116450353363158,0.18827430468663506,0.10008065997704906,0.40191671957418007,0.40191671957418007,0.40191671957418007,0.5422166477437584,0.6825165759133368,0.6825165759133368,0.7932661669054751,0.9040157578976135,0.9040157578976135,0.9040157578976135,0.9425478373381349,0.9810799167786562,0.018920083221343933,0.018920083221343933,0.018920083221343933,0.0574521626618653,0.09598424210238667,0.09598424210238667,0.206733833094525,0.31748342408666336,0.31748342408666336,0.31748342408666336,0.45778335225624156,0.5980832804258198
2026/07/24,Cruz Azul,Guadalajara,0.518036641355592,0.2669553799160376,0.21500797872837035,0.21147700272481107,0.21147700272481107,0.21147700272481107,0.3481107763063138,0.4847445498878166,0.4847445498878166,0.6417771263090153,0.7988097027302139,0.7988097027302139,0.7988097027302139,0.8733949715930458,0.9479802404558776,0.05201975954412249,0.05201975954412249,0.05201975954412249,0.1266050284069543,0.20119029726978613,0.20119029726978613,0.3582228736909848,0.5152554501121835,0.5152554501121835,0.5152554501121835,0.6518892236936862,0.7885229972751889
2026/07/24,Cruz Azul,Leon,0.7159340722968218,0.18817642283246594,0.09588950487071218,0.4042100408398125,0.4042100408398125,0.4042100408398125,0.5454294323254756,0.6866488238111386,0.6866488238111386,0.7973408372420009,0.9080328506728632,0.9080328506728632,0.9080328506728632,0.9452844901543191,0.982536129635775,0.017463870364224927,0.017463870364224927,0.017463870364224927,0.054715509845680854,0.09196714932713679,0.09196714932713679,0.20265916275799903,0.31335117618886127,0.31335117618886127,0.31335117618886127,0.4545705676745243,0.5957899591601873
2026/07/24,Cruz Azul,Mazatlan,0.7550068909968265,0.17178588519984986,0.07320722380332365,0.44777375491786087,0.44777375491786087,0.44777375491786087,0.5875725484033381,0.7273713418888152,0.7273713418888152,0.8284218625946093,0.9294723833004033,0.9294723833004033,0.9294723833004033,0.9589594947671306,0.9884466062338579,0.01155339376614198,0.01155339376614198,0.01155339376614198,0.04104050523286932,0.07052761669959666,0.07052761669959666,0.1715781374053907,0.27262865811118475,0.27262865811118475,0.27262865811118475,0.41242745159666194,0.5522262450821391
2026/07/24,Cruz Azul,Monterrey,0.59231388675803,0.2269191159332923,0.18076699730867782,0.28849300354822277,0.28849300354822277,0.28849300354822277,0.42506291386709283,0.5616328241859628,0.5616328241859628,0.6951146570878994,0.828596489989836,0.828596489989836,0.828596489989836,0.8914560907352422,0.9543156914806484,0.04568430851935132,0.04568430851935132,0.04568430851935132,0.1085439092647576,0.17140351001016388,0.17140351001016388,0.3048853429121004,0.43836717581403695,0.43836717581403695,0.43836717581403695,0.5749370861329071,0.7115069964517771
2026/07/24,Cruz Azul,Necaxa,0.704146331732221,0.18511775958426882,0.11073590868351027,0.4026492269369004,0.4026492269369004,0.4026492269369004,0.5392835070452171,0.6759177871535338,0.6759177871535338,0.784810586908986,0.8937033866644382,0.8937033866644382,0.8937033866644382,0.9352034547530239,0.9767035228416097,0.02329647715839027,0.02329647715839027,0.02329647715839027,0.06479654524697598,0.1062966133355617,0.1062966133355617,0.21518941309101391,0.3240822128464661,0.3240822128464661,0.3240822128464661,0.46071649295478284,0.5973507730630996
2026/07/24,Cruz Azul,Pachuca,0.5076480354933173,0.287912674206811,0.20443929029987182,0.19176294653482395,0.19176294653482395,0.19176294653482395,0.33159490200913644,0.4714268574834489,0.4714268574834489,0.6407872540756908,0.8101476506679327,0.8101476506679327,0.8101476506679327,0.8832207388321511,0.9562938269963696,0.043706173003630465,0.043706173003630465,0.043706173003630465,0.11677926116784902,0.18985234933206757,0.18985234933206757,0.3592127459243094,0.5285731425165513,0.5285731425165513,0.5285731425165513,0.6684050979908638,0.8082370534651763
2026/07/24,Cruz Azul,Puebla,0.7542045086107527,0.18038544706643939,0.06541004432280784,0.43381247850787136,0.43381247850787136,0.43381247850787136,0.5793623496193846,0.7249122207308978,0.7249122207308978,0.831021307240568,0.9371303937502382,0.9371303937502382,0.9371303937502382,0.9641606166962478,0.9911908396422573,0.008809160357742665,0.008809160357742665,0.008809160357742665,0.03583938330375221,0.06286960624976176,0.06286960624976176,0.16897869275943195,0.2750877792691021,0.2750877792691021,0.2750877792691021,0.4206376503806154,0.5661875214921287
2026/07/24,Cruz Azul,Queretaro,0.6969375119086869,0.20764121843739874,0.0954212696539144,0.3683627090980315,0.3683627090980315,0.3683627090980315,0.5165352009838956,0.6647076928697597,0.6647076928697597,0.7868495860682295,0.9089914792666993,0.9089914792666993,0.9089914792666993,0.9467418131633238,0.9844921470599483,0.015507852940051733,0.015507852940051733,0.015507852940051733,0.05325818683667616,0.09100852073330058,0.09100852073330058,0.2131504139317704,0.3352923071302402,0.3352923071302402,0.3352923071302402,0.4834647990161043,0.6316372909019684
2026/07/24,Cruz Azul,Santos Laguna,0.7664118462885278,0.15654479600078905,0.07704335771068314,0.4789228528846673,0.4789228528846673,0.4789228528846673,0.6101162678023428,0.7413096827200184,0.7413096827200184,0.8333948568381295,0.9254800309562408,0.9254800309562408,0.9254800309562408,0.9556833873633812,0.9858867437705217,0.014113256229478469,0.014113256229478469,0.014113256229478469,0.044316612636618825,0.07451996904375918,0.07451996904375918,0.16660514316187042,0.25869031727998165,0.25869031727998165,0.25869031727998165,0.38988373219765715,0.5210771471153327
2026/07/24,Cruz Azul,Tigres UANL,0.48085825183263653,0.2880255736839992,0.23111617448336433,0.1774508668806313,0.1774508668806313,0.1774508668806313,0.3119902605305275,0.4465296541804236,0.4465296541804236,0.6159564622298349,0.7853832702792463,0.7853832702792463,0.7853832702792463,0.8655604322101944,0.9457375941411426,0.05426240585885732,0.05426240585885732,0.05426240585885732,0.13443956778980556,0.2146167297207538,0.2146167297207538,0.384043537770165,0.5534703458195762,0.5534703458195762,0.5534703458195762,0.6880097394694724,0.8225491331193687
2026/07/24,Cruz Azul,Tijuana,0.6338147226856856,0.22486163448169447,0.1413236428326198,0.3143578052936636,0.3143578052936636,0.3143578052936636,0.45786290452536327,0.601368003757063,0.601368003757063,0.7336395534521774,0.8659111031472917,0.8659111031472917,0.8659111031472917,0.9181813412925706,0.9704515794378494,0.029548420562150488,0.029548420562150488,0.029548420562150488,0.08181865870742933,0.13408889685270817,0.13408889685270817,0.2663604465478225,0.3986319962429368,0.3986319962429368,0.3986319962429368,0.5421370954746366,0.6856421947063365
2026/07/24,Cruz Azul,Toluca,0.4299028437836635,0.27870860875915504,0.29138854745718157,0.15537871546593576,0.15537871546593576,0.15537871546593576,0.27798353654977104,0.40058835763360634,0.40058835763360634,0.5645345980801681,0.7284808385267301,0.7284808385267301,0.7284808385267301,0.8224008290461351,0.9163208195655401,0.08367918043446004,0.08367918043446004,0.08367918043446004,0.17759917095386504,0.27151916147327004,0.27151916147327004,0.435465401919832,0.599411642366394,0.599411642366394,0.599411642366394,0.7220164634502292,0.8446212845340644
2026/07/24,Cruz Azul,UNAM Pumas,0.6166735260232742,0.23022875499657006,0.15309771898015587,0.29910059265765915,0.29910059265765915,0.29910059265765915,0.44161301394093133,0.5841254352242035,0.5841254352242035,0.7195541146339506,0.8549827940436977,0.8549827940436977,0.8549827940436977,0.9108277944337433,0.9666727948237889,0.03332720517621114,0.03332720517621114,0.03332720517621114,0.08917220556625674,0.14501720595630235,0.14501720595630235,0.28044588536604953,0.41587456477579665,0.41587456477579665,0.41587456477579665,0.5583869860590688,0.7008994073423409
2026/07/24,FC Juarez,Atlante,0.5545938394164835,0.2936196036946611,0.15178655688885537,0.2126947751556284,0.2126947751556284,0.2126947751556284,0.3633037059122794,0.5139126366689304,0.5139126366689304,0.6866300506069664,0.8593474645450023,0.8593474645450023,0.8593474645450023,0.9172373603659426,0.9751272561868829,0.024872743813117115,0.024872743813117115,0.024872743813117115,0.0827626396340574,0.1406525354549977,0.1406525354549977,0.31336994939303364,0.4860873633310696,0.4860873633310696,0.4860873633310696,0.6366962940877205,0.7873052248443716
2026/07/24,FC Juarez,Atlas,0.45772519342828066,0.27630572183005797,0.2659690847416613,0.171914105767671,0.171914105767671,0.171914105767671,0.2993997376368143,0.4268853695059577,0.4268853695059577,0.5894181470530506,0.7519509246001437,0.7519509246001437,0.7519509246001437,0.8397717637299382,0.9275926028597329,0.0724073971402673,0.0724073971402673,0.0724073971402673,0.16022823627006186,0.2480490753998564,0.2480490753998564,0.41058185294694943,0.5731146304940424,0.5731146304940424,0.5731146304940424,0.7006002623631857,0.828085894232329
2026/07/24,FC Juarez,Atletico San Luis,0.44411166286794657,0.2625154661962039,0.2933728709358495,0.17269483386791987,0.17269483386791987,0.17269483386791987,0.29445445970820333,0.41621408554848677,0.41621408554848677,0.570634948016842,0.7250558104851973,0.7250558104851973,0.7250558104851973,0.817448506795375,0.9098412031055525,0.0901587968944474,0.0901587968944474,0.0901587968944474,0.18255149320462502,0.27494418951480265,0.27494418951480265,0.4293650519831579,0.5837859144515132,0.5837859144515132,0.5837859144515132,0.7055455402917966,0.82730516613208
2026/07/24,FC Juarez,Club America,0.22898564010800085,0.28141063196138805,0.48960372793061113,0.05479626310189126,0.05479626310189126,0.05479626310189126,0.13397851396805832,0.2131607648342254,0.2131607648342254,0.3786964306938654,0.5442320965535054,0.5442320965535054,0.5442320965535054,0.6790343225364307,0.813836548519356,0.1861634514806439,0.1861634514806439,0.1861634514806439,0.3209656774635692,0.45576790344649454,0.45576790344649454,0.6213035693061345,0.7868392351657745,0.7868392351657745,0.7868392351657745,0.8660214860319415,0.9452037368981087
2026/07/24,FC Juarez,Cruz Azul,0.23251645946045613,0.2614731817442171,0.5060103587953269,0.061018121029003704,0.061018121029003704,0.061018121029003704,0.13950360661686692,0.21798909220473014,0.21798909220473014,0.3717968461719166,0.525604600139103,0.525604600139103,0.525604600139103,0.6584778503223134,0.7913511005055239,0.20864889949447596,0.20864889949447596,0.20864889949447596,0.34152214967768635,0.4743953998608968,0.4743953998608968,0.6282031538280833,0.7820109077952698,0.7820109077952698,0.7820109077952698,0.860496393383133,0.9389818789709962
2026/07/24,FC Juarez,Guadalajara,0.2838867212216005,0.2715656269299435,0.4445476518484559,0.08235459468643644,0.08235459468643644,0.08235459468643644,0.1737822727482513,0.26520995081006615,0.26520995081006615,0.42495443723944465,0.5846989236688231,0.5846989236688231,0.5846989236688231,0.708619265524193,0.8325396073795628,0.1674603926204373,0.1674603926204373,0.1674603926204373,0.29138073447580704,0.41530107633117674,0.41530107633117674,0.5750455627605553,0.7347900491899337,0.7347900491899337,0.7347900491899337,0.8262177272517486,0.9176454053135635
2026/07/24,FC Juarez,Leon,0.48304758289861527,0.2602262831265507,0.25672613397483407,0.19643483372719445,0.19643483372719445,0.19643483372719445,0.3247483473954954,0.4530618610637964,0.4530618610637964,0.6061361452558851,0.7592104294479738,0.7592104294479738,0.7592104294479738,0.843246709993823,0.9272829905396723,0.07271700946032772,0.07271700946032772,0.07271700946032772,0.156753290006177,0.24078957055202627,0.24078957055202627,0.3938638547441149,0.5469381389362036,0.5469381389362036,0.5469381389362036,0.6752516526045047,0.8035651662728058
2026/07/24,FC Juarez,Mazatlan,0.5373751061336649,0.25559917567515894,0.2070257181911761,0.23093236152711138,0.23093236152711138,0.23093236152711138,0.36787305589912644,0.5048137502711415,0.5048137502711415,0.6551662065506467,0.8055186628301518,0.8055186628301518,0.8055186628301518,0.8772339291206965,0.9489491954112412,0.051050804588758575,0.051050804588758575,0.051050804588758575,0.12276607087930325,0.19448133716984792,0.19448133716984792,0.34483379344935317,0.4951862497288584,0.4951862497288584,0.4951862497288584,0.6321269441008734,0.7690676384728885
2026/07/24,FC Juarez,Monterrey,0.33548986398155534,0.2523029185397392,0.4122072174787055,0.11678443376950985,0.11678443376950985,0.11678443376950985,0.2161482335873661,0.3155120334052223,0.3155120334052223,0.46392551489918665,0.6123389963931509,0.6123389963931509,0.6123389963931509,0.7258819065514133,0.8394248167096755,0.1605751832903246,0.1605751832903246,0.1605751832903246,0.2741180934485869,0.3876610036068492,0.3876610036068492,0.5360744851008135,0.6844879665947777,0.6844879665947777,0.6844879665947777,0.783851766412634,0.8832155662304902
2026/07/24,FC Juarez,Necaxa,0.45572001301245424,0.2493990633713853,0.2948809236161604,0.1880074020554081,0.1880074020554081,0.1880074020554081,0.3085031015974558,0.4289988011395035,0.4289988011395035,0.5757041325344361,0.7224094639293687,0.7224094639293687,0.7224094639293687,0.8132687829713958,0.904128102013423,0.095871897986577,0.095871897986577,0.095871897986577,0.18673121702860423,0.27759053607063144,0.27759053607063144,0.42429586746556397,0.5710011988604965,0.5710011988604965,0.5710011988604965,0.6914968984025442,0.8119925979445919
2026/07/24,FC Juarez,Pachuca,0.28784595930394397,0.29543721062374795,0.416716830072308,0.07696012558426812,0.07696012558426812,0.07696012558426812,0.17175308269079745,0.2665460397973268,0.2665460397973268,0.4403326342818844,0.6141192287664421,0.6141192287664421,0.6141192287664421,0.7371287417847832,0.8601382548031242,0.13986174519687583,0.13986174519687583,0.13986174519687583,0.26287125821521695,0.385880771233558,0.385880771233558,0.5596673657181157,0.7334539602026733,0.7334539602026733,0.7334539602026733,0.8282469173092026,0.923039874415732
2026/07/24,FC Juarez,Puebla,0.5497127619354885,0.2680761943643554,0.1822110437001561,0.22819166589118345,0.22819166589118345,0.22819166589118345,0.3711869962035333,0.5141823265158831,0.5141823265158831,0.6718742055537392,0.8295660845915952,0.8295660845915952,0.8295660845915952,0.8955052109798924,0.9614443373681897,0.038555662631810046,0.038555662631810046,0.038555662631810046,0.10449478902010732,0.1704339154084046,0.1704339154084046,0.3281257944462606,0.4858176734841166,0.4858176734841166,0.4858176734841166,0.6288130037964664,0.7718083341088162
2026/07/24,FC Juarez,Queretaro,0.4750862435397826,0.27932247461828347,0.245591281841934,0.179576911302066,0.179576911302066,0.179576911302066,0.31108433369838584,0.44259175609470564,0.44259175609470564,0.6068990941054607,0.7712064321162158,0.7712064321162158,0.7712064321162158,0.8543995207922193,0.9375926094682226,0.062407390531777365,0.062407390531777365,0.062407390531777365,0.14560047920778085,0.22879356788378433,0.22879356788378433,0.39310090589453933,0.5574082439052943,0.5574082439052943,0.5574082439052943,0.6889156663016142,0.820423088697934
2026/07/24,FC Juarez,Santos Laguna,0.5352801537043553,0.23828307986214634,0.22643676643349825,0.24406663471723455,0.24406663471723455,0.24406663471723455,0.3748985441812058,0.505730453645177,0.505730453645177,0.6458969712111455,0.786063488777114,0.786063488777114,0.786063488777114,0.8608390002143325,0.935614511651551,0.0643854883484492,0.0643854883484492,0.0643854883484492,0.13916099978566768,0.21393651122288615,0.21393651122288615,0.3541030287888546,0.49426954635482306,0.49426954635482306,0.49426954635482306,0.6251014558187944,0.7559333652827657
2026/07/24,FC Juarez,Tigres UANL,0.2601666408070992,0.2823411815251913,0.4574921776677096,0.06810779833247266,0.06810779833247266,0.06810779833247266,0.1551059220570879,0.24210404578170314,0.24210404578170314,0.408187093737698,0.5742701416936928,0.5742701416936928,0.5742701416936928,0.7030082664526791,0.8317463912116655,0.16825360878833462,0.16825360878833462,0.16825360878833462,0.29699173354732084,0.42572985830630705,0.42572985830630705,0.5918129062623021,0.757895954218297,0.757895954218297,0.757895954218297,0.8448940779429122,0.9318922016675272
2026/07/24,FC Juarez,Tijuana,0.3916539691691575,0.2710999823483619,0.33724604848248046,0.138593781764429,0.138593781764429,0.138593781764429,0.2522708195052945,0.3659478572461601,0.3659478572461601,0.5254184350981377,0.6848890129501153,0.6848890129501153,0.6848890129501153,0.7876944212399344,0.8904998295297535,0.10950017047024674,0.10950017047024674,0.10950017047024674,0.21230557876006573,0.3151109870498847,0.3151109870498847,0.4745815649018623,0.6340521427538399,0.6340521427538399,0.6340521427538399,0.7477291804947056,0.8614062182355713
2026/07/24,FC Juarez,Toluca,0.20804245966320167,0.24644169312945283,0.5455158472073455,0.05358225477884738,0.05358225477884738,0.05358225477884738,0.12480903520145423,0.19603581562406108,0.19603581562406108,0.3410015174649157,0.48596721930577036,0.48596721930577036,0.48596721930577036,0.6214369783669682,0.7569067374281662,0.24309326257183375,0.24309326257183375,0.24309326257183375,0.3785630216330317,0.5140327806942296,0.5140327806942296,0.6589984825350843,0.8039641843759389,0.8039641843759389,0.8039641843759389,0.8751909647985456,0.9464177452211524
2026/07/24,FC Juarez,UNAM Pumas,0.37254882250225974,0.2698521232096923,0.3575990542880479,0.12883676464365695,0.12883676464365695,0.12883676464365695,0.23854379319510371,0.3482508217465505,0.3482508217465505,0.5069873648110752,0.6657239078756,0.6657239078756,0.6657239078756,0.7724620079830558,0.8792001080905116,0.12079989190948817,0.12079989190948817,0.12079989190948817,0.2275379920169439,0.3342760921243997,0.3342760921243997,0.4930126351889246,0.6517491782534495,0.6517491782534495,0.6517491782534495,0.7614562068048963,0.8711632353563432
2026/07/24,Guadalajara,Atlante,0.6974408265323127,0.22886791945322496,0.07369125401446248,0.3435550618529463,0.3435550618529463,0.3435550618529463,0.5022335254850441,0.6609119891171418,0.6609119891171418,0.7955401770308036,0.9301683649444654,0.9301683649444654,0.9301683649444654,0.9608465716083892,0.991524778272313,0.00847522172768714,0.00847522172768714,0.00847522172768714,0.039153428391610935,0.06983163505553473,0.06983163505553473,0.2044598229691966,0.33908801088285845,0.33908801088285845,0.33908801088285845,0.49776647451495615,0.6564449381470538
2026/07/24,Guadalajara,Atlas,0.63178444758363,0.2332087395285185,0.1350068128878516,0.3044534184807691,0.3044534184807691,0.3044534184807691,0.4511646692514245,0.5978759200220799,0.5978759200220799,0.7350575315094436,0.8722391429968075,0.8722391429968075,0.8722391429968075,0.923079362348502,0.9739195817001964,0.026080418299803468,0.026080418299803468,0.026080418299803468,0.07692063765149795,0.12776085700319245,0.12776085700319245,0.26494246849055625,0.40212407997792,0.40212407997792,0.40212407997792,0.5488353307485754,0.6955465815192309
2026/07/24,Guadalajara,Atletico San Luis,0.6282171518807008,0.22349925202785245,0.14828359609144676,0.3126948559375936,0.3126948559375936,0.3126948559375936,0.4545013891246103,0.596307922311627,0.596307922311627,0.727778070563305,0.8592482188149829,0.8592482188149829,0.8592482188149829,0.9133814445058461,0.9675146701967094,0.032485329803290657,0.032485329803290657,0.032485329803290657,0.08661855549415393,0.1407517811850172,0.1407517811850172,0.2722219294366951,0.403692077688373,0.403692077688373,0.403692077688373,0.5454986108753896,0.6873051440624064
2026/07/24,Guadalajara,Club America,0.3835066690547733,0.3077287197987542,0.3087646111464725,0.11782864059571618,0.11782864059571618,0.11782864059571618,0.23562560670500807,0.35342257281429995,0.35342257281429995,0.5344394668135671,0.7154563608128343,0.7154563608128343,0.7154563608128343,0.8163345975732019,0.9172128343335696,0.08278716566643067,0.08278716566643067,0.08278716566643067,0.1836654024267982,0.28454363918716574,0.28454363918716574,0.465560533186433,0.6465774271857002,0.6465774271857002,0.6465774271857002,0.764374393294992,0.8821713594042839
2026/07/24,Guadalajara,Cruz Azul,0.39749422911145504,0.2872511426357385,0.3152546282528064,0.1338101067652717,0.1338101067652717,0.1338101067652717,0.2515170837098073,0.3692240606543429,0.3692240606543429,0.5381953210283068,0.7071665814022707,0.7071665814022707,0.7071665814022707,0.8074139061660168,0.9076612309297629,0.09233876907023725,0.09233876907023725,0.09233876907023725,0.19258609383398337,0.2928334185977295,0.2928334185977295,0.46180467897169336,0.6307759393456572,0.6307759393456572,0.6307759393456572,0.7484829162901928,0.8661898932347284
2026/07/24,Guadalajara,FC Juarez,0.6565587761919688,0.2123020572966347,0.1311391665113964,0.3411969449376433,0.3411969449376433,0.3411969449376433,0.4832639948453562,0.6253310447530691,0.6253310447530691,0.7502146078687366,0.8750981709844042,0.8750981709844042,0.8750981709844042,0.9238319454948092,0.972565720005214,0.02743427999478618,0.02743427999478618,0.02743427999478618,0.07616805450519105,0.12490182901559593,0.12490182901559593,0.24978539213126358,0.3746689552469312,0.3746689552469312,0.3746689552469312,0.516736005154644,0.6588030550623568
2026/07/24,Guadalajara,Leon,0.661772579826494,0.21251633409530507,0.12571108607820092,0.3437972137745806,0.3437972137745806,0.3437972137745806,0.4870268688126751,0.6302565238507696,0.6302565238507696,0.7552661321421256,0.8802757404334816,0.8802757404334816,0.8802757404334816,0.9274665204780188,0.974657300522556,0.025342699477444046,0.025342699477444046,0.025342699477444046,0.0725334795219813,0.11972425956651855,0.11972425956651855,0.2447338678578746,0.36974347614923064,0.36974347614923064,0.36974347614923064,0.5129731311873251,0.6562027862254195
2026/07/24,Guadalajara,Mazatlan,0.7051517918060282,0.19751963264645972,0.09732857554751206,0.3857489232465152,0.3857489232465152,0.3857489232465152,0.5301359286764771,0.6745229341064388,0.6745229341064388,0.7907109533102388,0.9068989725140386,0.9068989725140386,0.9068989725140386,0.9449380174675448,0.9829770624210511,0.01702293757894901,0.01702293757894901,0.01702293757894901,0.055061982532455256,0.0931010274859615,0.0931010274859615,0.20928904668976142,0.32547706589356135,0.32547706589356135,0.32547706589356135,0.46986407132352315,0.614251076753485
2026/07/24,Guadalajara,Monterrey,0.5290174749764404,0.24335716381004113,0.22762536121351842,0.23603563821386184,0.23603563821386184,0.23603563821386184,0.36751362289583317,0.4989916075778045,0.4989916075778045,0.6421428804072404,0.7852941532366764,0.7852941532366764,0.7852941532366764,0.8608802985331219,0.9364664438295672,0.06353355617043271,0.06353355617043271,0.06353355617043271,0.13911970146687813,0.21470584676332358,0.21470584676332358,0.35785711959275956,0.5010083924221955,0.5010083924221955,0.5010083924221955,0.6324863771041669,0.7639643617861381
2026/07/24,Guadalajara,Necaxa,0.6463793615136312,0.2083396885128478,0.14528094997352098,0.34026498765999075,0.34026498765999075,0.34026498765999075,0.4783127875520178,0.6163605874440449,0.6163605874440449,0.7389133453927789,0.8614661033415129,0.8614661033415129,0.8614661033415129,0.9138363204094464,0.96620653747738,0.03379346252262023,0.03379346252262023,0.03379346252262023,0.08616367959055368,0.13853389665848714,0.13853389665848714,0.26108665460722114,0.3836394125559552,0.3836394125559552,0.3836394125559552,0.5216872124479823,0.6597350123400094
2026/07/24,Guadalajara,Pachuca,0.4514078383145921,0.30001966704687155,0.24857249463853634,0.15540823060511116,0.15540823060511116,0.15540823060511116,0.2863363914548187,0.4172645523045263,0.4172645523045263,0.5937467093909214,0.7702288664773165,0.7702288664773165,0.7702288664773165,0.8556925506845463,0.9411562348917762,0.05884376510822391,0.05884376510822391,0.05884376510822391,0.14430744931545378,0.22977113352268366,0.22977113352268366,0.40625329060907867,0.5827354476954737,0.5827354476954737,0.5827354476954737,0.7136636085451813,0.8445917693948889
2026/07/24,Guadalajara,Puebla,0.7068158535343614,0.20674875347558697,0.08643539299005185,0.37448317173931034,0.37448317173931034,0.37448317173931034,0.524394745351904,0.6743063189644977,0.6743063189644977,0.7959232327736665,0.9175401465828354,0.9175401465828354,0.9175401465828354,0.9523140543809094,0.9870879621789834,0.012912037821016888,0.012912037821016888,0.012912037821016888,0.0476859456190908,0.08245985341716472,0.08245985341716472,0.20407676722633372,0.3256936810355027,0.3256936810355027,0.3256936810355027,0.4756052546480962,0.6255168282606898
2026/07/24,Guadalajara,Queretaro,0.6444799607817038,0.23202800327962492,0.12349203593867121,0.3125986827611724,0.3125986827611724,0.3125986827611724,0.4613583875830621,0.6101180924049517,0.6101180924049517,0.7466051531576723,0.8830922139103927,0.8830922139103927,0.8830922139103927,0.9304315294113903,0.977770844912388,0.022229155087611946,0.022229155087611946,0.022229155087611946,0.06956847058860954,0.11690778608960714,0.11690778608960714,0.25339484684232766,0.38988190759504815,0.38988190759504815,0.38988190759504815,0.5386416124169378,0.6874013172388275
2026/07/24,Guadalajara,Santos Laguna,0.7144246966757997,0.18179217648794962,0.10378312683625064,0.41284315075856004,0.41284315075856004,0.41284315075856004,0.5496280450998108,0.6864129394410616,0.6864129394410616,0.7933495138457378,0.9002860882504141,0.9002860882504141,0.9002860882504141,0.9396177346508139,0.9789493810512137,0.021050618948786286,0.021050618948786286,0.021050618948786286,0.06038226534918607,0.09971391174958585,0.09971391174958585,0.20665048615426207,0.31358706055893826,0.31358706055893826,0.31358706055893826,0.45037195490018905,0.5871568492414398
2026/07/24,Guadalajara,Tigres UANL,0.42365727304963974,0.29725036864012694,0.2790923583102334,0.14254982711146355,0.14254982711146355,0.14254982711146355,0.26729184229586345,0.3920338574802633,0.3920338574802633,0.5668870155038673,0.7417401735274713,0.7417401735274713,0.7417401735274713,0.8345959731801549,0.9274517728328384,0.0725482271671616,0.0725482271671616,0.0725482271671616,0.16540402681984506,0.25825982647252854,0.25825982647252854,0.43311298449613256,0.6079661425197366,0.6079661425197366,0.6079661425197366,0.7327081577041366,0.8574501728885365
2026/07/24,Guadalajara,Tijuana,0.5752625719275121,0.24509290162463837,0.1796445264478495,0.2613600909252334,0.2613600909252334,0.2613600909252334,0.4018317688199824,0.5423034467147314,0.5423034467147314,0.686475741788048,0.8306480368613648,0.8306480368613648,0.8306480368613648,0.8945561365043876,0.9584642361474104,0.04153576385258964,0.04153576385258964,0.04153576385258964,0.10544386349561242,0.1693519631386352,0.1693519631386352,0.31352425821195196,0.45769655328526865,0.45769655328526865,0.45769655328526865,0.5981682311800177,0.7386399090747667
2026/07/24,Guadalajara,Toluca,0.37065406331847683,0.2818214928090563,0.34752444387246684,0.12231930910767433,0.12231930910767433,0.12231930910767433,0.2336529588129801,0.3449866085182859,0.3449866085182859,0.5107639572294957,0.6765413059407055,0.6765413059407055,0.6765413059407055,0.7830692353270434,0.8895971647133813,0.110402835286619,0.110402835286619,0.110402835286619,0.21693076467295697,0.32345869405929495,0.32345869405929495,0.4892360427705047,0.6550133914817144,0.6550133914817144,0.6550133914817144,0.7663470411870202,0.877680690892326
2026/07/24,Guadalajara,UNAM Pumas,0.5571868331185148,0.24925470596728855,0.19355846091419665,0.24743019742627134,0.24743019742627134,0.24743019742627134,0.38598574265426,0.5245412878822486,0.5245412878822486,0.6711617031571243,0.817782118432,0.817782118432,0.817782118432,0.8855986595474361,0.9534152006628721,0.046584799337127995,0.046584799337127995,0.046584799337127995,0.11440134045256407,0.18221788156800015,0.18221788156800015,0.3288382968428758,0.4754587121177515,0.4754587121177515,0.4754587121177515,0.6140142573457401,0.7525698025737287
2026/07/24,Leon,Atlante,0.5397699220559932,0.3027589664953672,0.15747111144863965,0.1992077522294145,0.1992077522294145,0.1992077522294145,0.34880814383182035,0.49840853543422625,0.49840853543422625,0.6765020451373834,0.8545955548405406,0.8545955548405406,0.8545955548405406,0.914462251201813,0.9743289475630855,0.025671052436914525,0.025671052436914525,0.025671052436914525,0.08553774879818694,0.14540444515945936,0.14540444515945936,0.3234979548626165,0.5015914645657736,0.5015914645657736,0.5015914645657736,0.6511918561681795,0.8007922477705854
2026/07/24,Leon,Atlas,0.4433517686340693,0.2824129866307994,0.2742352447351313,0.16059828826148814,0.16059828826148814,0.16059828826148814,0.2865792775277304,0.41256026679397256,0.41256026679397256,0.5786855530473839,0.7448108393007953,0.7448108393007953,0.7448108393007953,0.8351637932893317,0.9255167472778681,0.0744832527221318,0.0744832527221318,0.0744832527221318,0.16483620671066823,0.25518916069920466,0.25518916069920466,0.421314446952616,0.5874397332060274,0.5874397332060274,0.5874397332060274,0.7134207224722695,0.8394017117385116
2026/07/24,Leon,Atletico San Luis,0.4296758772298109,0.26790396144932926,0.3024201613208599,0.16132539863196865,0.16132539863196865,0.16132539863196865,0.2816268711843483,0.401928343736728,0.401928343736728,0.559518909295157,0.7171094748535861,0.7171094748535861,0.7171094748535861,0.8121492440454541,0.907189013237322,0.09281098676267804,0.09281098676267804,0.09281098676267804,0.18785075595454603,0.282890525146414,0.282890525146414,0.4404810907048431,0.5980716562632722,0.5980716562632722,0.5980716562632722,0.7183731288156519,0.8386746013680314
2026/07/24,Leon,Club America,0.22024172209614218,0.2835336270249962,0.4962246508788617,0.05074570166458169,0.05074570166458169,0.05074570166458169,0.12780328063864552,0.20486085961270933,0.20486085961270933,0.37164534609800126,0.5384298325832931,0.5384298325832931,0.5384298325832931,0.6750121349196104,0.8115944372559277,0.18840556274407239,0.18840556274407239,0.18840556274407239,0.3249878650803897,0.461570167416707,0.461570167416707,0.6283546539019988,0.7951391403872908,0.7951391403872908,0.7951391403872908,0.8721967193613547,0.9492542983354185
2026/07/24,Leon,Cruz Azul,0.22348370674380044,0.26323330544410717,0.5132829878120923,0.05653579892337628,0.05653579892337628,0.05653579892337628,0.13296445989345118,0.2093931208635261,0.2093931208635261,0.36423624171300106,0.519079362562476,0.519079362562476,0.519079362562476,0.653793481212233,0.7885075998619901,0.21149240013801007,0.21149240013801007,0.21149240013801007,0.34620651878776715,0.4809206374375242,0.4809206374375242,0.635763758286999,0.790606879136474,0.790606879136474,0.790606879136474,0.867035540106549,0.943464201076624
2026/07/24,Leon,FC Juarez,0.46000127478398517,0.2640717685428773,0.27592695667313744,0.18073918646394488,0.18073918646394488,0.18073918646394488,0.30580598873047105,0.4308727909969972,0.4308727909969972,0.5862091254339837,0.7415454598709702,0.7415454598709702,0.7415454598709702,0.8303309513503154,0.9191164428296608,0.08088355717033893,0.08088355717033893,0.08088355717033893,0.16966904864968424,0.2584545401290296,0.2584545401290296,0.4137908745660161,0.5691272090030026,0.5691272090030026,0.5691272090030026,0.6941940112695287,0.8192608135360548
2026/07/24,Leon,Guadalajara,0.27327040366265437,0.2742126712735394,0.45251692506380636,0.07643725481951863,0.07643725481951863,0.07643725481951863,0.16574394048315022,0.2550506261467818,0.2550506261467818,0.41635219748415786,0.5776537688215339,0.5776537688215339,0.5776537688215339,0.7036784629629147,0.8297031571042957,0.17029684289570426,0.17029684289570426,0.17029684289570426,0.29632153703708514,0.42234623117846604,0.42234623117846604,0.583647802515842,0.744949373853218,0.744949373853218,0.744949373853218,0.8342560595168498,0.9235627451804814
2026/07/24,Leon,Mazatlan,0.5219738050304987,0.26299383149693784,0.21503236347256335,0.21656363206977428,0.21656363206977428,0.21656363206977428,0.35283387834286917,0.48910412461596403,0.48910412461596403,0.6438063784376922,0.7985086322594204,0.7985086322594204,0.7985086322594204,0.8728066974290163,0.9471047625986122,0.05289523740138767,0.05289523740138767,0.05289523740138767,0.1271933025709837,0.20149136774057974,0.20149136774057974,0.3561936215623079,0.510895875384036,0.510895875384036,0.510895875384036,0.6471661216571309,0.7834363679302259
2026/07/24,Leon,Monterrey,0.32310634977886327,0.2552945971310157,0.42159905309012097,0.1086534904714477,0.1086534904714477,0.1086534904714477,0.20610653641575788,0.3035595823600681,0.3035595823600681,0.4537328747900773,0.6039061672200865,0.6039061672200865,0.6039061672200865,0.7198453473051784,0.8357845273902702,0.16421547260972977,0.16421547260972977,0.16421547260972977,0.2801546526948216,0.39609383277991345,0.39609383277991345,0.5462671252099226,0.6964404176399318,0.6964404176399318,0.6964404176399318,0.7938934635842421,0.8913465095285522
2026/07/24,Leon,Necaxa,0.4408487577629057,0.2546462407167972,0.304505001520297,0.17579050077348002,0.17579050077348002,0.17579050077348002,0.2950301861692755,0.414269871565071,0.414269871565071,0.5640617778690694,0.7138536841730678,0.7138536841730678,0.7138536841730678,0.8074625815299614,0.9010714788868549,0.09892852111314525,0.09892852111314525,0.09892852111314525,0.19253741847003877,0.2861463158269323,0.2861463158269323,0.43593822213093075,0.5857301284349292,0.5857301284349292,0.5857301284349292,0.7049698138307248,0.8242094992265202
2026/07/24,Leon,Pachuca,0.27735196205032225,0.2986735353198491,0.4239745026298286,0.07140197997999123,0.07140197997999123,0.07140197997999123,0.1639549943745089,0.2565080087690265,0.2565080087690265,0.43219832366305533,0.6078886385570842,0.6078886385570842,0.6078886385570842,0.732932147790817,0.8579756570245497,0.14202434297545005,0.14202434297545005,0.14202434297545005,0.2670678522091829,0.3921113614429157,0.3921113614429157,0.5678016763369446,0.7434919912309734,0.7434919912309734,0.7434919912309734,0.8360450056254911,0.9285980200200087
2026/07/24,Leon,Puebla,0.534509925402159,0.2762256357005771,0.1892644388972638,0.21395747058196585,0.21395747058196585,0.21395747058196585,0.3562342619943625,0.49851105340675905,0.49851105340675905,0.660996721465922,0.8234823895250849,0.8234823895250849,0.8234823895250849,0.8917876038054877,0.9600928180858905,0.03990718191410953,0.03990718191410953,0.03990718191410953,0.10821239619451223,0.17651761047491493,0.17651761047491493,0.33900327853407797,0.5014889465932411,0.5014889465932411,0.5014889465932411,0.6437657380056376,0.7860425294180343
2026/07/24,Leon,Queretaro,0.4605587507452428,0.28593140510232984,0.2535098441524274,0.16784373826197338,0.16784373826197338,0.16784373826197338,0.29792893104680773,0.4280141238316421,0.4280141238316421,0.5962090680094833,0.7644040121873243,0.7644040121873243,0.7644040121873243,0.8500812960546631,0.935758579922002,0.06424142007799792,0.06424142007799792,0.06424142007799792,0.1499187039453368,0.23559598781267566,0.23559598781267566,0.4037909319905167,0.5719858761683577,0.5719858761683577,0.5719858761683577,0.7020710689531922,0.8321562617380266
2026/07/24,Leon,Santos Laguna,0.5194934178344189,0.24502231164743046,0.23548427051815052,0.2290473371115478,0.2290473371115478,0.2290473371115478,0.35939411259392373,0.4897408880762996,0.4897408880762996,0.6338716596336117,0.7780024311909237,0.7780024311909237,0.7780024311909237,0.8555630585740661,0.9331236859572086,0.06687631404279137,0.06687631404279137,0.06687631404279137,0.1444369414259338,0.22199756880907623,0.22199756880907623,0.3661283403663882,0.5102591119237002,0.5102591119237002,0.5102591119237002,0.6406058874060763,0.7709526628884522
2026/07/24,Leon,Tigres UANL,0.250400266017797,0.2848850600980553,0.4647146738841478,0.0631439161726055,0.0631439161726055,0.0631439161726055,0.1479703022227352,0.23279668827286487,0.23279668827286487,0.400376135389368,0.5679555825058712,0.5679555825058712,0.5679555825058712,0.698643883772684,0.8293321850394968,0.17066781496050334,0.17066781496050334,0.17066781496050334,0.30135611622731606,0.4320444174941288,0.4320444174941288,0.5996238646106318,0.7672033117271349,0.7672033117271349,0.7672033117271349,0.8520296977772646,0.9368560838273944
2026/07/24,Leon,Tijuana,0.3782779873581595,0.275625174860959,0.34609683778088146,0.12916959832099137,0.12916959832099137,0.12916959832099137,0.2410236401829931,0.3528776820449948,0.3528776820449948,0.5150101378455589,0.6771425936461232,0.6771425936461232,0.6771425936461232,0.782459326075751,0.8877760585053788,0.1122239414946212,0.1122239414946212,0.1122239414946212,0.21754067392424908,0.32285740635387694,0.32285740635387694,0.4849898621544412,0.6471223179550054,0.6471223179550054,0.6471223179550054,0.7589763598170071,0.8708304016790087
2026/07/24,Leon,Toluca,0.19975600556877432,0.2476486377855516,0.552595356645674,0.04961258243942971,0.04961258243942971,0.04961258243942971,0.11888256533053344,0.18815254822163718,0.18815254822163718,0.33382821750725583,0.4795038867928745,0.4795038867928745,0.4795038867928745,0.6166720300913618,0.7538401733898492,0.246159826610151,0.246159826610151,0.246159826610151,0.3833279699086383,0.5204961132071256,0.5204961132071256,0.6661717824927443,0.811847451778363,0.811847451778363,0.811847451778363,0.8811174346694668,0.9503874175605705
2026/07/24,Leon,UNAM Pumas,0.3595563970851926,0.27396798532461536,0.36647561759019215,0.11999163870193107,0.11999163870193107,0.11999163870193107,0.227802384687854,0.3356131306737769,0.3356131306737769,0.49677076910002116,0.6579284075262655,0.6579284075262655,0.6579284075262655,0.7671353139409458,0.876342220355626,0.12365777964437402,0.12365777964437402,0.12365777964437402,0.23286468605905425,0.3420715924737345,0.3420715924737345,0.5032292308999788,0.6643868693262232,0.6643868693262232,0.6643868693262232,0.772197615312146,0.8800083612980689
2026/07/24,Mazatlan,Atlante,0.47609397269140097,0.3329953420181102,0.1909106852904888,0.15136720765577807,0.15136720765577807,0.15136720765577807,0.2927583746162832,0.4341495415767883,0.4341495415767883,0.6300291545286179,0.8259087674804474,0.8259087674804474,0.8259087674804474,0.8966697370212531,0.9674307065620588,0.03256929343794105,0.03256929343794105,0.03256929343794105,0.10333026297874683,0.1740912325195526,0.1740912325195526,0.36997084547138215,0.5658504584232117,0.5658504584232117,0.5658504584232117,0.7072416253837168,0.8486327923442218
2026/07/24,Mazatlan,Atlas,0.37782546604823564,0.2984157326880312,0.32375880126373313,0.1188467722990898,0.1188467722990898,0.1188467722990898,0.23415614504450172,0.34946551778991364,0.34946551778991364,0.5250041840769908,0.700542850364068,0.700542850364068,0.700542850364068,0.8039647004350328,0.9073865505059976,0.09261344949400235,0.09261344949400235,0.09261344949400235,0.19603529956496718,0.299457149635932,0.299457149635932,0.4749958159230091,0.6505344822100863,0.6505344822100863,0.6505344822100863,0.7658438549554982,0.8811532277009101
2026/07/24,Mazatlan,Atletico San Luis,0.3627920223176209,0.2807909724922813,0.3564170051900979,0.11868773820507991,0.11868773820507991,0.11868773820507991,0.22824223834263285,0.33779673848018577,0.33779673848018577,0.502967898769763,0.6681390590593401,0.6681390590593401,0.6681390590593401,0.7763741779358921,0.884609296812444,0.11539070318755605,0.11539070318755605,0.11539070318755605,0.22362582206410792,0.33186094094065977,0.33186094094065977,0.497032101230237,0.6622032615198142,0.6622032615198142,0.6622032615198142,0.7717577616573672,0.8813122617949202
2026/07/24,Mazatlan,Club America,0.17804916292696427,0.2776411471035058,0.5443096899695299,0.035536913287633566,0.035536913287633566,0.035536913287633566,0.1007547601014814,0.16597260691532925,0.16597260691532925,0.3292909287409208,0.49260925056651234,0.49260925056651234,0.49260925056651234,0.6371782448161053,0.7817472390656982,0.21825276093430168,0.21825276093430168,0.21825276093430168,0.3628217551838946,0.5073907494334875,0.5073907494334875,0.6707090712590792,0.8340273930846709,0.8340273930846709,0.8340273930846709,0.8992452398985186,0.9644630867123662
2026/07/24,Mazatlan,Cruz Azul,0.17935197900141528,0.25625068630350134,0.5643973346950834,0.0394187988370893,0.0394187988370893,0.0394187988370893,0.10393299819834922,0.16844719755960916,0.16844719755960916,0.3191828953851982,0.46991859321078716,0.46991859321078716,0.46991859321078716,0.6121298460706385,0.7543410989304897,0.24565890106951033,0.24565890106951033,0.24565890106951033,0.3878701539293615,0.5300814067892128,0.5300814067892128,0.6808171046148019,0.831552802440391,0.831552802440391,0.831552802440391,0.8960670018016508,0.9605812011629107
2026/07/24,Mazatlan,FC Juarez,0.39128827926371684,0.2799808339179923,0.3287308868182908,0.13401192965937517,0.13401192965937517,0.13401192965937517,0.24922482228631054,0.36443771491324595,0.36443771491324595,0.5291323231003001,0.6938269312873543,0.6938269312873543,0.6938269312873543,0.796109543880426,0.8983921564734976,0.10160784352650237,0.10160784352650237,0.10160784352650237,0.20389045611957393,0.3061730687126455,0.3061730687126455,0.4708676768996997,0.6355622850867539,0.6355622850867539,0.6355622850867539,0.7507751777136893,0.8659880703406247
2026/07/24,Mazatlan,Guadalajara,0.22241973575994528,0.27203655720978703,0.5055437070302677,0.05407118699193185,0.05407118699193185,0.05407118699193185,0.13091158883569468,0.20775199067945752,0.20775199067945752,0.36777349492050865,0.5277949991615598,0.5277949991615598,0.5277949991615598,0.6634014750122381,0.7990079508629163,0.20099204913708352,0.20099204913708352,0.20099204913708352,0.33659852498776177,0.4722050008384401,0.4722050008384401,0.6322265050794912,0.7922480093205423,0.7922480093205423,0.7922480093205423,0.8690884111643052,0.9459288130080682
2026/07/24,Mazatlan,Leon,0.3995081746279552,0.28354892692073513,0.3169428984513096,0.13663560910409717,0.13663560910409717,0.13663560910409717,0.2541207588846752,0.3716059086652532,0.3716059086652532,0.5383993950892151,0.7051928815131769,0.7051928815131769,0.7051928815131769,0.8053722461080381,0.9055516107028992,0.09444838929710062,0.09444838929710062,0.09444838929710062,0.19462775389196185,0.29480711848682306,0.29480711848682306,0.46160060491078486,0.6283940913347467,0.6283940913347467,0.6283940913347467,0.7458792411153246,0.8633643908959026
2026/07/24,Mazatlan,Monterrey,0.26373432998521346,0.2560128180015175,0.48025285201326895,0.07744758537763943,0.07744758537763943,0.07744758537763943,0.16258330441997937,0.24771902346231928,0.24771902346231928,0.39831479875732967,0.54891057405234,0.54891057405234,0.54891057405234,0.675573875964236,0.802237177876132,0.19776282212386811,0.19776282212386811,0.19776282212386811,0.32442612403576415,0.4510894259476602,0.4510894259476602,0.6016852012426706,0.752280976537681,0.752280976537681,0.752280976537681,0.8374166955800209,0.9225524146223607
2026/07/24,Mazatlan,Necaxa,0.3713972091951937,0.2673380359753809,0.3612647548294253,0.12942070095538125,0.12942070095538125,0.12942070095538125,0.2384515186374262,0.3474823363194711,0.3474823363194711,0.5047400045402834,0.6619976727610959,0.6619976727610959,0.6619976727610959,0.769036467794006,0.8760752628269162,0.12392473717308372,0.12392473717308372,0.12392473717308372,0.230963532205994,0.3380023272389043,0.3380023272389043,0.49525999545971655,0.6525176636805289,0.6525176636805289,0.6525176636805289,0.7615484813625739,0.8705792990446188
2026/07/24,Mazatlan,Pachuca,0.22795710803536556,0.2987511268587992,0.47329176510583515,0.05082030751350772,0.05082030751350772,0.05082030751350772,0.1308196543190118,0.21081900112451588,0.21081900112451588,0.38655495810028007,0.5622909150760442,0.5622909150760442,0.5622909150760442,0.6974622959901544,0.8326336769042647,0.16736632309573518,0.16736632309573518,0.16736632309573518,0.3025377040098454,0.43770908492395566,0.43770908492395566,0.6134450418997199,0.7891809988754841,0.7891809988754841,0.7891809988754841,0.8691803456809881,0.9491796924864921
2026/07/24,Mazatlan,Puebla,0.46716145218870553,0.3025745026570592,0.23026404515423532,0.16214678370186716,0.16214678370186716,0.16214678370186716,0.29677097513331296,0.4313951665647588,0.4313951665647588,0.6093801681277348,0.7873651696907108,0.7873651696907108,0.7873651696907108,0.8681910809176475,0.9490169921445842,0.05098300785541595,0.05098300785541595,0.05098300785541595,0.13180891908235254,0.21263483030928915,0.21263483030928915,0.39061983187226523,0.5686048334352414,0.5686048334352414,0.5686048334352414,0.703229024866687,0.8378532162981328
2026/07/24,Mazatlan,Queretaro,0.39490431693573774,0.3043375610319888,0.30075812203227353,0.12482705867591924,0.12482705867591924,0.12482705867591924,0.24462195879153714,0.36441685890715503,0.36441685890715503,0.5434389536318545,0.7224610483565538,0.7224610483565538,0.7224610483565538,0.8211316540656987,0.9198022597748435,0.08019774022515647,0.08019774022515647,0.08019774022515647,0.17886834593430143,0.2775389516434464,0.2775389516434464,0.45656104636814576,0.6355831410928452,0.6355831410928452,0.6355831410928452,0.7553780412084631,0.875172941324081
2026/07/24,Mazatlan,Santos Laguna,0.4468296535501161,0.26565624605683696,0.28751410039304687,0.1722954171128474,0.1722954171128474,0.1722954171128474,0.2952997301255602,0.41830404313827296,0.41830404313827296,0.5745724231717065,0.7308408032051401,0.7308408032051401,0.7308408032051401,0.8223681713065072,0.9138955394078743,0.08610446059212577,0.08610446059212577,0.08610446059212577,0.1776318286934929,0.26915919679486,0.26915919679486,0.4254275768282935,0.581695956861727,0.581695956861727,0.581695956861727,0.70470026987444,0.8277045828871529
2026/07/24,Mazatlan,Tigres UANL,0.2036861445823908,0.2815439502451361,0.5147699051724732,0.04453676816527337,0.04453676816527337,0.04453676816527337,0.11706858398893341,0.18960039981259344,0.18960039981259344,0.3552144881920851,0.5208285765715768,0.5208285765715768,0.5208285765715768,0.6605813258215493,0.8003340750715218,0.19966592492847787,0.19966592492847787,0.19966592492847787,0.33941867417845034,0.47917142342842284,0.47917142342842284,0.6447855118079145,0.8103996001874063,0.8103996001874063,0.8103996001874063,0.8829314160110664,0.9554632318347265
2026/07/24,Mazatlan,Tijuana,0.31585168068074393,0.2837146797983559,0.4004336395209002,0.09385591707458142,0.09385591707458142,0.09385591707458142,0.1938150135779128,0.2937741100812442,0.2937741100812442,0.4606650981979241,0.627556086314604,0.627556086314604,0.627556086314604,0.7452564790765568,0.8629568718385096,0.1370431281614904,0.1370431281614904,0.1370431281614904,0.2547435209234431,0.37244391368539587,0.37244391368539587,0.5393349018020759,0.7062258899187559,0.7062258899187559,0.7062258899187559,0.8061849864220874,0.9061440829254187
2026/07/24,Mazatlan,Toluca,0.15859009583596934,0.23802705326096246,0.6033828509030681,0.034249924480023855,0.034249924480023855,0.034249924480023855,0.09204876497181944,0.14984760546361503,0.14984760546361503,0.28986351914653397,0.42987943282945285,0.42987943282945285,0.42987943282945285,0.5730147787020209,0.7161501245745889,0.28384987542541085,0.28384987542541085,0.28384987542541085,0.4269852212979788,0.5701205671705467,0.5701205671705467,0.7101364808534657,0.8501523945363847,0.8501523945363847,0.8501523945363847,0.9079512350281802,0.9657500755199758
2026/07/24,Mazatlan,UNAM Pumas,0.29856857344001314,0.27995316010430993,0.421478266455677,0.08673304090036132,0.08673304090036132,0.08673304090036132,0.1824081872773485,0.2780833336543357,0.2780833336543357,0.4427616631274592,0.6074399926005827,0.6074399926005827,0.6074399926005827,0.7286385852822204,0.8498371779638579,0.150162822036142,0.150162822036142,0.150162822036142,0.27136141471777964,0.3925600073994173,0.3925600073994173,0.5572383368725408,0.7219166663456642,0.7219166663456642,0.7219166663456642,0.8175918127226514,0.9132669590996386
2026/07/24,Monterrey,Atlante,0.6966187192038987,0.2167772552727059,0.0866040255233954,0.3570111478122092,0.3570111478122092,0.3570111478122092,0.5098025211683792,0.6625938945245492,0.6625938945245492,0.7901099270379057,0.9176259595512621,0.9176259595512621,0.9176259595512621,0.9526698248395207,0.9877136901277791,0.01228630987222104,0.01228630987222104,0.01228630987222104,0.04733017516047952,0.082374040448738,0.082374040448738,0.2098900729620945,0.337406105475451,0.337406105475451,0.337406105475451,0.49019747883162096,0.6429888521877909
2026/07/24,Monterrey,Atlas,0.6170367898133852,0.2227812898563094,0.16018192033030534,0.30711885093485414,0.30711885093485414,0.30711885093485414,0.44647191879091785,0.5858249866469816,0.5858249866469816,0.7168728042095165,0.8479206217720515,0.8479206217720515,0.8479206217720515,0.905205145962104,0.9624896701521565,0.03751032984784338,0.03751032984784338,0.03751032984784338,0.09479485403789596,0.15207937822794854,0.15207937822794854,0.2831271957904834,0.4141750133530183,0.4141750133530183,0.4141750133530183,0.5535280812090821,0.692881149065146
2026/07/24,Monterrey,Atletico San Luis,0.609459964348674,0.2141710250685508,0.1763690105827753,0.31213524784689295,0.31213524784689295,0.31213524784689295,0.4461414461174506,0.5801476443880083,0.5801476443880083,0.7061306003106851,0.8321135562333619,0.8321135562333619,0.8321135562333619,0.8927959198208065,0.9534782834082511,0.04652171659174889,0.04652171659174889,0.04652171659174889,0.10720408017919339,0.1678864437666379,0.1678864437666379,0.2938693996893148,0.41985235561199175,0.41985235561199175,0.41985235561199175,0.5538585538825493,0.6878647521531069
2026/07/24,Monterrey,Club America,0.3547046950865654,0.2823958391636271,0.3628994657498074,0.11383673401659963,0.11383673401659963,0.11383673401659963,0.22195434758917648,0.33007196116175336,0.33007196116175336,0.4961871606697693,0.6623023601777852,0.6623023601777852,0.6623023601777852,0.7721257936655368,0.8819492271532884,0.11805077284671164,0.11805077284671164,0.11805077284671164,0.2278742063344632,0.3376976398222148,0.3376976398222148,0.5038128393302308,0.6699280388382467,0.6699280388382467,0.6699280388382467,0.7780456524108236,0.8861632659834004
2026/07/24,Monterrey,Cruz Azul,0.3652450503696266,0.2638786672457081,0.37087628238466525,0.1277310147384234,0.1277310147384234,0.1277310147384234,0.23493538417523338,0.34213975361204335,0.34213975361204335,0.4973624990506952,0.6525852444893471,0.6525852444893471,0.6525852444893471,0.7608810916150336,0.8691769387407201,0.13082306125927998,0.13082306125927998,0.13082306125927998,0.23911890838496647,0.347414755510653,0.347414755510653,0.5026375009493048,0.6578602463879567,0.6578602463879567,0.6578602463879567,0.7650646158247667,0.8722689852615767
2026/07/24,Monterrey,FC Juarez,0.6402117167517143,0.20393433200528982,0.15585395124299586,0.34210595602081306,0.34210595602081306,0.34210595602081306,0.47668754108028233,0.6112691261397516,0.6112691261397516,0.7312304979075691,0.8511918696753866,0.8511918696753866,0.8511918696753866,0.905956217017631,0.9607205643598753,0.03927943564012472,0.03927943564012472,0.03927943564012472,0.09404378298236901,0.14880813032461332,0.14880813032461332,0.2687695020924308,0.3887308738602483,0.3887308738602483,0.3887308738602483,0.5233124589197176,0.6578940439791869
2026/07/24,Monterrey,Guadalajara,0.42906204476178794,0.2598636963319373,0.31107425890627466,0.1657364326774576,0.1657364326774576,0.1657364326774576,0.2841070548394022,0.4024776770013468,0.4024776770013468,0.5553386748436627,0.7081996726859787,0.7081996726859787,0.7081996726859787,0.8039340122199561,0.8996683517539334,0.10033164824606666,0.10033164824606666,0.10033164824606666,0.19606598778004392,0.29180032731402117,0.29180032731402117,0.44466132515633716,0.5975223229986532,0.5975223229986532,0.5975223229986532,0.7158929451605978,0.8342635673225423
2026/07/24,Monterrey,Leon,0.6467257965511612,0.20400850659698883,0.14926569685184993,0.3457524858217088,0.3457524858217088,0.3457524858217088,0.48161392238045336,0.6174753589391979,0.6174753589391979,0.7374803628197795,0.8574853667003611,0.8574853667003611,0.8574853667003611,0.9105858509603734,0.9636863352203856,0.0363136647796142,0.0363136647796142,0.0363136647796142,0.08941414903962648,0.14251463329963876,0.14251463329963876,0.2625196371802203,0.3825246410608019,0.3825246410608019,0.3825246410608019,0.5183860776195465,0.654247514178291
2026/07/24,Monterrey,Mazatlan,0.6954732843738118,0.18946789524405033,0.115058820382138,0.3918630348945968,0.3918630348945968,0.3918630348945968,0.5293235676917171,0.6667841004888373,0.6667841004888373,0.7782358035735729,0.8896875066583085,0.8896875066583085,0.8896875066583085,0.9326479865233209,0.9756084663883333,0.024391533611666724,0.024391533611666724,0.024391533611666724,0.06735201347667921,0.11031249334169171,0.11031249334169171,0.22176419642642736,0.333215899511163,0.333215899511163,0.333215899511163,0.47067643230828327,0.6081369651054035
2026/07/24,Monterrey,Necaxa,0.6262421612116679,0.20061121296575246,0.17314662582257967,0.33800052335763925,0.33800052335763925,0.33800052335763925,0.4682543653839353,0.5985082074102314,0.5985082074102314,0.7165148032724387,0.834521399134646,0.834521399134646,0.834521399134646,0.8931370804366585,0.951752761738671,0.048247238261329,0.048247238261329,0.048247238261329,0.10686291956334149,0.16547860086535396,0.16547860086535396,0.2834851967275613,0.4014917925897686,0.4014917925897686,0.4014917925897686,0.5317456346160646,0.6619994766423607
2026/07/24,Monterrey,Pachuca,0.4265427384766035,0.2796684971110194,0.2937887644123771,0.15304303683923448,0.15304303683923448,0.15304303683923448,0.27518067343535696,0.39731831003147944,0.39731831003147944,0.5618291906850202,0.726340071338561,0.726340071338561,0.726340071338561,0.8209087279567323,0.9154773845749036,0.08452261542509644,0.08452261542509644,0.08452261542509644,0.1790912720432677,0.27365992866143896,0.27365992866143896,0.4381708093149797,0.6026816899685205,0.6026816899685205,0.6026816899685205,0.724819326564643,0.8469569631607655
2026/07/24,Monterrey,Puebla,0.7009333850569958,0.19722602042703774,0.10184059451596651,0.38399277074400295,0.38399277074400295,0.38399277074400295,0.5272684521435949,0.6705441335431866,0.6705441335431866,0.7865594396767384,0.90257474581029,0.90257474581029,0.90257474581029,0.9420010588774802,0.9814273719446704,0.01857262805532955,0.01857262805532955,0.01857262805532955,0.05799894112251984,0.09742525418971013,0.09742525418971013,0.2134405603232617,0.3294558664568133,0.3294558664568133,0.3294558664568133,0.47273154785640514,0.616007229255997
2026/07/24,Monterrey,Queretaro,0.6321264297847258,0.22154234386549176,0.1463312263497824,0.3170273515033696,0.3170273515033696,0.3170273515033696,0.45870356088779457,0.6003797702722196,0.6003797702722196,0.7306987960754501,0.8610178218786806,0.8610178218786806,0.8610178218786806,0.914500712345867,0.9679836028130536,0.03201639718694641,0.03201639718694641,0.03201639718694641,0.08549928765413295,0.1389821781213195,0.1389821781213195,0.26930120392455,0.39962022972778044,0.39962022972778044,0.39962022972778044,0.5412964391122055,0.6829726484966306
2026/07/24,Monterrey,Santos Laguna,0.7011186403028208,0.17569052050180475,0.12319083919537441,0.4151993869390424,0.4151993869390424,0.4151993869390424,0.5449736568167372,0.6747479266944318,0.6747479266944318,0.7780952916954935,0.8814426566965552,0.8814426566965552,0.8814426566965552,0.9257093344029116,0.969976012109268,0.030023987890732007,0.030023987890732007,0.030023987890732007,0.07429066559708847,0.11855734330344492,0.11855734330344492,0.2219047083045066,0.32525207330556827,0.32525207330556827,0.32525207330556827,0.45502634318326296,0.5848006130609577
2026/07/24,Monterrey,Tigres UANL,0.3955459960657913,0.2752833425106074,0.32917066142360135,0.13859573681499301,0.13859573681499301,0.13859573681499301,0.2538136905104762,0.3690316442059594,0.3690316442059594,0.5309630221533755,0.6928944001007916,0.6928944001007916,0.6928944001007916,0.7946262484199826,0.8963580967391737,0.10364190326082637,0.10364190326082637,0.10364190326082637,0.20537375158001742,0.30710559989920844,0.30710559989920844,0.46903697784662457,0.6309683557940406,0.6309683557940406,0.6309683557940406,0.7461863094895238,0.8614042631850071
2026/07/24,Monterrey,Tijuana,0.553144980478712,0.2332739892567519,0.21358103026453612,0.25919599586376574,0.25919599586376574,0.25919599586376574,0.39132113853483896,0.5234462812059122,0.5234462812059122,0.6606662748863545,0.7978862685667969,0.7978862685667969,0.7978862685667969,0.8691902792055708,0.9404942898443448,0.05950571015565528,0.05950571015565528,0.05950571015565528,0.13080972079442924,0.20211373143320321,0.20211373143320321,0.3393337251136455,0.4765537187940878,0.4765537187940878,0.4765537187940878,0.608678861465161,0.7408040041362343
2026/07/24,Monterrey,Toluca,0.3358347588163975,0.2565754139851528,0.4075898271984497,0.11502564184619332,0.11502564184619332,0.11502564184619332,0.21520325110499433,0.3153808603637953,0.3153808603637953,0.4663075744727087,0.6172342885816221,0.6172342885816221,0.6172342885816221,0.7309254483785996,0.844616608175577,0.15538339182442287,0.15538339182442287,0.15538339182442287,0.26907455162140037,0.38276571141837784,0.38276571141837784,0.5336924255272912,0.6846191396362047,0.6846191396362047,0.6846191396362047,0.7847967488950057,0.8849743581538068
2026/07/24,Monterrey,UNAM Pumas,0.5332123965556202,0.23668995766804285,0.23009764577633698,0.24421902341772947,0.24421902341772947,0.24421902341772947,0.37412684748192876,0.504034671546128,0.504034671546128,0.6432640584096827,0.7824934452732373,0.7824934452732373,0.7824934452732373,0.8579164974316409,0.9333395495900446,0.06666045040995545,0.06666045040995545,0.06666045040995545,0.14208350256835908,0.21750655472676272,0.21750655472676272,0.3567359415903174,0.49596532845387203,0.49596532845387203,0.49596532845387203,0.6258731525180714,0.7557809765822708
2026/07/24,Necaxa,Atlante,0.5964856643893239,0.26613648862687866,0.1373778469837974,0.2550891053866431,0.2550891053866431,0.2550891053866431,0.40670065725403126,0.5583122091214194,0.5583122091214194,0.7148630847842892,0.871413960447159,0.871413960447159,0.871413960447159,0.9241142311576986,0.9768145018682383,0.023185498131761777,0.023185498131761777,0.023185498131761777,0.07588576884230139,0.128586039552841,0.128586039552841,0.2851369152157108,0.44168779087858057,0.44168779087858057,0.44168779087858057,0.5932993427459687,0.744910894613357
2026/07/24,Necaxa,Atlas,0.49774163951114414,0.2570585330196793,0.24519982746917648,0.2071161645854829,0.2071161645854829,0.2071161645854829,0.3372330961523266,0.4673500277191703,0.4673500277191703,0.6185609294954523,0.7697718312717342,0.7697718312717342,0.7697718312717342,0.8508296236843844,0.9318874160970347,0.06811258390296542,0.06811258390296542,0.06811258390296542,0.14917037631561567,0.23022816872826593,0.23022816872826593,0.3814390705045479,0.5326499722808299,0.5326499722808299,0.5326499722808299,0.6627669038476736,0.7928838354145172
2026/07/24,Necaxa,Atletico San Luis,0.48408904190400043,0.24528394944958806,0.2706270086464115,0.207828475036479,0.207828475036479,0.207828475036479,0.3320767235142316,0.45632497199198424,0.45632497199198424,0.6006096481388007,0.7448943242856172,0.7448943242856172,0.7448943242856172,0.8301554897396555,0.9154166551936939,0.08458334480630633,0.08458334480630633,0.08458334480630633,0.16984451026034458,0.2551056757143828,0.2551056757143828,0.39939035186119926,0.5436750280080157,0.5436750280080157,0.5436750280080157,0.6679232764857683,0.792171524963521
2026/07/24,Necaxa,Club America,0.2528433003081122,0.27233986035517893,0.47481683933670876,0.0674586366742874,0.0674586366742874,0.0674586366742874,0.1518011619538579,0.2361436872334284,0.2361436872334284,0.3963436050894159,0.5565435229454034,0.5565435229454034,0.5565435229454034,0.6863838745401972,0.816224226134991,0.18377577386500887,0.18377577386500887,0.18377577386500887,0.31361612545980266,0.4434564770545964,0.4434564770545964,0.6036563949105839,0.7638563127665713,0.7638563127665713,0.7638563127665713,0.8481988380461418,0.9325413633257124
2026/07/24,Necaxa,Cruz Azul,0.25703545915214254,0.2535352106765183,0.48942933017133916,0.07491042277876152,0.07491042277876152,0.07491042277876152,0.15826986229624265,0.24162930181372377,0.24162930181372377,0.39076766103520505,0.5399060202566863,0.5399060202566863,0.5399060202566863,0.6675204529886021,0.7951348857205177,0.20486511427948217,0.20486511427948217,0.20486511427948217,0.3324795470113978,0.4600939797433135,0.4600939797433135,0.6092323389647947,0.7583706981862759,0.7583706981862759,0.7583706981862759,0.8417301377037572,0.9250895772212383
2026/07/24,Necaxa,FC Juarez,0.5162247453128415,0.23944973359631244,0.24432552109084613,0.23168488714607077,0.23168488714607077,0.23168488714607077,0.3596142073307236,0.48754352751537633,0.48754352751537633,0.6283963119837953,0.7692490964522143,0.7692490964522143,0.7692490964522143,0.8481354963429013,0.9270218962335884,0.07297810376641145,0.07297810376641145,0.07297810376641145,0.15186450365709847,0.23075090354778546,0.23075090354778546,0.3716036880162045,0.5124564724846236,0.5124564724846236,0.5124564724846236,0.6403857926692763,0.7683151128539291
2026/07/24,Necaxa,Guadalajara,0.31298613049053003,0.2613463497631884,0.42566751974628164,0.10074890406165281,0.10074890406165281,0.10074890406165281,0.19709642711081962,0.2934439501599864,0.2934439501599864,0.4471770970795089,0.6009102439990314,0.6009102439990314,0.6009102439990314,0.7189991665135749,0.8370880890281183,0.1629119109718815,0.1629119109718815,0.1629119109718815,0.281000833486425,0.39908975600096847,0.39908975600096847,0.552822902920491,0.7065560498400134,0.7065560498400134,0.7065560498400134,0.8029035728891802,0.8992510959383471
2026/07/24,Necaxa,Leon,0.5245239959176463,0.24086120229145097,0.23461480179090274,0.23546238449901927,0.23546238449901927,0.23546238449901927,0.3653088864092211,0.4951553883194229,0.4951553883194229,0.6368384484908648,0.7785215086623066,0.7785215086623066,0.7785215086623066,0.8554267206661121,0.9323319326699178,0.06766806733008235,0.06766806733008235,0.06766806733008235,0.144573279333888,0.22147849133769365,0.22147849133769365,0.3631615515091354,0.5048446116805771,0.5048446116805771,0.5048446116805771,0.634691113590779,0.7645376155009809
2026/07/24,Necaxa,Mazatlan,0.5801868558863973,0.23315283597456057,0.18666030813904216,0.27525780776959463,0.27525780776959463,0.27525780776959463,0.4121575832447127,0.5490573587198307,0.5490573587198307,0.68620608576369,0.8233548128075492,0.8233548128075492,0.8233548128075492,0.8881911723255764,0.9530275318436037,0.046972468156396295,0.046972468156396295,0.046972468156396295,0.11180882767442363,0.17664518719245095,0.17664518719245095,0.3137939142363101,0.45094264128016925,0.45094264128016925,0.45094264128016925,0.5878424167552874,0.7247421922304054
2026/07/24,Necaxa,Monterrey,0.36943540621218907,0.2414049572312683,0.3891596365565426,0.14181017773777901,0.14181017773777901,0.14181017773777901,0.24524948961900678,0.34868880150023457,0.34868880150023457,0.4906917175186277,0.6326946335370209,0.6326946335370209,0.6326946335370209,0.7395835755989932,0.8464725176609654,0.1535274823390348,0.1535274823390348,0.1535274823390348,0.260416424401007,0.36730536646297923,0.36730536646297923,0.5093082824813724,0.6513111984997655,0.6513111984997655,0.6513111984997655,0.7547505103809933,0.8581898222622212
2026/07/24,Necaxa,Pachuca,0.31681514613983386,0.2834827148592966,0.3997021390008695,0.09440917441357503,0.09440917441357503,0.09440917441357503,0.19455233705892283,0.2946954997042706,0.2946954997042706,0.46145003785679795,0.6282045760093252,0.6282045760093252,0.6282045760093252,0.7457172952589475,0.8632300145085697,0.13676998549143018,0.13676998549143018,0.13676998549143018,0.2542827047410524,0.3717954239906746,0.3717954239906746,0.538549962143202,0.7053045002957294,0.7053045002957294,0.7053045002957294,0.8054476629410772,0.9055908255864248
2026/07/24,Necaxa,Puebla,0.5922207928605421,0.24350289729715963,0.1642763098422984,0.2724009511690029,0.2724009511690029,0.2724009511690029,0.41549099356534147,0.55858103596168,0.55858103596168,0.7018180343717739,0.8450550327818678,0.8450550327818678,0.8450550327818678,0.9047262436976388,0.9643974546134098,0.03560254538659025,0.03560254538659025,0.03560254538659025,0.09527375630236123,0.15494496721813222,0.15494496721813222,0.2981819656282262,0.4414189640383201,0.4414189640383201,0.4414189640383201,0.5845090064346586,0.7275990488309972
2026/07/24,Necaxa,Queretaro,0.515623711854056,0.2587217611386107,0.2256545270073333,0.2161373337055871,0.2161373337055871,0.2161373337055871,0.35000138465667535,0.48386543560776357,0.48386543560776357,0.6360547068657699,0.7882439781237762,0.7882439781237762,0.7882439781237762,0.8648259401223071,0.941407902120838,0.05859209787916193,0.05859209787916193,0.05859209787916193,0.13517405987769285,0.21175602187622378,0.21175602187622378,0.3639452931342301,0.5161345643922364,0.5161345643922364,0.5161345643922364,0.6499986153433246,0.7838626662944129
2026/07/24,Necaxa,Santos Laguna,0.5788715022535794,0.21773273269248328,0.20339576505393744,0.2899611787729015,0.2899611787729015,0.2899611787729015,0.4201998279706114,0.5504384771683213,0.5504384771683213,0.6785165552227232,0.8065946332771251,0.8065946332771251,0.8065946332771251,0.8739121465259876,0.9412296597748502,0.05877034022514983,0.05877034022514983,0.05877034022514983,0.12608785347401233,0.19340536672287484,0.19340536672287484,0.32148344477727675,0.4495615228316787,0.4495615228316787,0.4495615228316787,0.5798001720293886,0.7100388212270985
2026/07/24,Necaxa,Tigres UANL,0.2869388444776692,0.2722515335355387,0.440809621986792,0.08361799075986612,0.08361799075986612,0.08361799075986612,0.17580687498461778,0.2679957592093694,0.2679957592093694,0.42814372011262747,0.5882916810158855,0.5882916810158855,0.5882916810158855,0.711651700601901,0.8350117201879164,0.16498827981208386,0.16498827981208386,0.16498827981208386,0.2883482993980992,0.41170831898411453,0.41170831898411453,0.5718562798873725,0.7320042407906306,0.7320042407906306,0.7320042407906306,0.8241931250153822,0.9163820092401339
2026/07/24,Necaxa,Tijuana,0.4286640364408085,0.2560556475709807,0.3152803159882107,0.16783496674297116,0.16783496674297116,0.16783496674297116,0.28523123099106784,0.4026274952391645,0.4026274952391645,0.5532484643985649,0.7038694335579654,0.7038694335579654,0.7038694335579654,0.7998793548806078,0.8958892762032501,0.10411072379674995,0.10411072379674995,0.10411072379674995,0.2001206451193923,0.2961305664420346,0.2961305664420346,0.44675153560143505,0.5973725047608355,0.5973725047608355,0.5973725047608355,0.7147687690089322,0.8321650332570288
2026/07/24,Necaxa,Toluca,0.23034480919062877,0.23999670836219592,0.5296584824471754,0.06581311804433111,0.06581311804433111,0.06581311804433111,0.1416608030257862,0.21750848800724132,0.21750848800724132,0.3586830223379449,0.4998575566686485,0.4998575566686485,0.4998575566686485,0.6303050543685009,0.7607525520683532,0.2392474479316468,0.2392474479316468,0.2392474479316468,0.36969494563149924,0.5001424433313517,0.5001424433313517,0.6413169776620553,0.7824915119927589,0.7824915119927589,0.7824915119927589,0.858339196974214,0.9341868819556691
2026/07/24,Necaxa,UNAM Pumas,0.4084351332973501,0.25588624571719737,0.3356786209854526,0.15626944778906093,0.15626944778906093,0.15626944778906093,0.26995938782026474,0.3836493278514686,0.3836493278514686,0.5341706488615846,0.6846919698717007,0.6846919698717007,0.6846919698717007,0.784720427150813,0.8847488844299255,0.11525111557007438,0.11525111557007438,0.11525111557007438,0.2152795728491868,0.3153080301282992,0.3153080301282992,0.4658293511384152,0.6163506721485312,0.6163506721485312,0.6163506721485312,0.7300406121797351,0.843730552210939
2026/07/24,Pachuca,Atlante,0.655984427419446,0.26470003832018185,0.07931553426037227,0.28730951917717706,0.28730951917717706,0.28730951917717706,0.4508104465355763,0.6143113738939755,0.6143113738939755,0.7700172787882,0.9257231836824246,0.9257231836824246,0.9257231836824246,0.9587367916210682,0.9917503995597118,0.008249600440288177,0.008249600440288177,0.008249600440288177,0.04126320837893172,0.07427681631757527,0.07427681631757527,0.22998272121179983,0.3856886261060244,0.3856886261060244,0.3856886261060244,0.5491895534644238,0.712690480822823
2026/07/24,Pachuca,Atlas,0.5936219833299277,0.26337985044468043,0.1429981662253918,0.25581824962243016,0.25581824962243016,0.25581824962243016,0.40599212230164594,0.5561659949808617,0.5561659949808617,0.7110953187718502,0.8660246425628386,0.8660246425628386,0.8660246425628386,0.9203756769456417,0.9747267113284447,0.025273288671555403,0.025273288671555403,0.025273288671555403,0.07962432305435836,0.13397535743716132,0.13397535743716132,0.28890468122814983,0.44383400501913833,0.44383400501913833,0.44383400501913833,0.5940078776983542,0.74418175037757
2026/07/24,Pachuca,Atletico San Luis,0.5908591281803792,0.2518495314028287,0.15729134041679213,0.2641322753390235,0.2641322753390235,0.2641322753390235,0.409945646758969,0.5557590181789145,0.5557590181789145,0.7039058013570492,0.8520525845351838,0.8520525845351838,0.8520525845351838,0.910186976019626,0.9683213675040679,0.03167863249593217,0.03167863249593217,0.03167863249593217,0.08981302398037432,0.14794741546481646,0.14794741546481646,0.29609419864295117,0.44424098182108585,0.44424098182108585,0.44424098182108585,0.5900543532410313,0.7358677246609767
2026/07/24,Pachuca,Club America,0.3586498995797953,0.33287070526982115,0.3084793951503834,0.09718497591556546,0.09718497591556546,0.09718497591556546,0.2121275655170135,0.32707015511846155,0.32707015511846155,0.5228764523360034,0.7186827495535453,0.7186827495535453,0.7186827495535453,0.8214979820063983,0.9243132144592513,0.07568678554074863,0.07568678554074863,0.07568678554074863,0.17850201799360166,0.28131725044645467,0.28131725044645467,0.47712354766399656,0.6729298448815385,0.6729298448815385,0.6729298448815385,0.7878724344829866,0.9028150240844346
2026/07/24,Pachuca,Cruz Azul,0.3724704511433651,0.3110575683887936,0.3164719804678413,0.11120760931956819,0.11120760931956819,0.11120760931956819,0.2270004618718636,0.342793314424159,0.342793314424159,0.5257683546528612,0.7087433948815635,0.7087433948815635,0.7087433948815635,0.811749502584563,0.9147556102875626,0.08524438971243753,0.08524438971243753,0.08524438971243753,0.1882504974154371,0.29125660511843665,0.29125660511843665,0.4742316453471389,0.6572066855758412,0.6572066855758412,0.6572066855758412,0.7729995381281365,0.8887923906804319
2026/07/24,Pachuca,FC Juarez,0.6183891369623822,0.2412050022573532,0.14040586078026465,0.2891333585928288,0.2891333585928288,0.2891333585928288,0.4364165778089282,0.5836997970250275,0.5836997970250275,0.7255850924705294,0.8674703879160311,0.8674703879160311,0.8674703879160311,0.9202361241636581,0.973001860411285,0.02699813958871496,0.02699813958871496,0.02699813958871496,0.07976387583634187,0.13252961208396877,0.13252961208396877,0.2744149075294706,0.41630020297497244,0.41630020297497244,0.41630020297497244,0.5635834221910718,0.7108666414071713
2026/07/24,Pachuca,Guadalajara,0.42909821433694595,0.30385801585308714,0.26704376980996697,0.14214257572395472,0.14214257572395472,0.14214257572395472,0.2690942364495834,0.39604589717521216,0.39604589717521216,0.5747859065005574,0.7535259158259027,0.7535259158259027,0.7535259158259027,0.8439369938983378,0.9343480719707729,0.06565192802922692,0.06565192802922692,0.06565192802922692,0.15606300610166204,0.24647408417409716,0.24647408417409716,0.4252140934994424,0.6039541028247877,0.6039541028247877,0.6039541028247877,0.7309057635504164,0.857857424276045
2026/07/24,Pachuca,Leon,0.6233226363728063,0.24192433772306618,0.1347530259041274,0.2911424309713294,0.2911424309713294,0.2911424309713294,0.4396807101579754,0.5882189893446214,0.5882189893446214,0.7305274232993662,0.8728358572541108,0.8728358572541108,0.8728358572541108,0.9239479963641593,0.9750601354742076,0.024939864525792367,0.024939864525792367,0.024939864525792367,0.07605200363584068,0.127164142745889,0.127164142745889,0.26947257670063385,0.4117810106553787,0.4117810106553787,0.4117810106553787,0.5603192898420247,0.7088575690286707
2026/07/24,Pachuca,Mazatlan,0.665674804052981,0.2284266854700311,0.105898510476988,0.327759700567224,0.327759700567224,0.327759700567224,0.4793282727871353,0.6308968450070466,0.6308968450070466,0.7652654835188295,0.8996341220306124,0.8996341220306124,0.8996341220306124,0.9413367472076313,0.9830393723846501,0.016960627615349656,0.016960627615349656,0.016960627615349656,0.05866325279236856,0.10036587796938747,0.10036587796938747,0.23473451648117039,0.3691031549929533,0.3691031549929533,0.3691031549929533,0.5206717272128647,0.672240299432776
2026/07/24,Pachuca,Monterrey,0.49662157103351745,0.2678783924715586,0.2355000364949239,0.19886217364242173,0.19886217364242173,0.19886217364242173,0.3317085923536913,0.4645550110649609,0.4645550110649609,0.6221305360482308,0.7797060610315005,0.7797060610315005,0.7797060610315005,0.8594733877705893,0.939240714509678,0.06075928549032211,0.06075928549032211,0.06075928549032211,0.14052661222941085,0.22029393896849958,0.22029393896849958,0.37786946395176946,0.5354449889350393,0.5354449889350393,0.5354449889350393,0.6682914076463089,0.8011378263575784
2026/07/24,Pachuca,Necaxa,0.608977192215086,0.23569082722331672,0.15533198056159722,0.2892755411310744,0.2892755411310744,0.2892755411310744,0.4325565778279684,0.5758376145248624,0.5758376145248624,0.7144792775974016,0.8531209406699407,0.8531209406699407,0.8531209406699407,0.9098892516073731,0.9666575625448054,0.03334243745519432,0.03334243745519432,0.03334243745519432,0.09011074839262673,0.14687905933005913,0.14687905933005913,0.2855207224025983,0.4241623854751375,0.4241623854751375,0.4241623854751375,0.5674434221720314,0.7107244588689252
2026/07/24,Pachuca,Puebla,0.6665626734754481,0.23961323356156816,0.09382409296298376,0.3164508341092966,0.3164508341092966,0.3164508341092966,0.4729731626594955,0.6294954912096944,0.6294954912096944,0.7704444521282638,0.9113934130468333,0.9113934130468333,0.9113934130468333,0.9493117835275149,0.9872301540081966,0.012769845991803464,0.012769845991803464,0.012769845991803464,0.05068821647248504,0.08860658695316662,0.08860658695316662,0.2295555478717361,0.3705045087903056,0.3705045087903056,0.3705045087903056,0.5270268373405046,0.6835491658907036
2026/07/24,Pachuca,Queretaro,0.6056749851035133,0.2631170727676826,0.13120794212880407,0.2625016234998669,0.2625016234998669,0.2625016234998669,0.41500592564812,0.5675102277963732,0.5675102277963732,0.7222849764832453,0.8770597251701173,0.8770597251701173,0.8770597251701173,0.9277455309873393,0.9784313368045612,0.021568663195438837,0.021568663195438837,0.021568663195438837,0.07225446901266071,0.12294027482988257,0.12294027482988257,0.2777150235167547,0.4324897722036269,0.4324897722036269,0.4324897722036269,0.58499407435188,0.7374983765001331
2026/07/24,Pachuca,Santos Laguna,0.6757125771055246,0.21052334050415972,0.11376408239031564,0.3537130532589552,0.3537130532589552,0.3537130532589552,0.4988139803347676,0.64391490741058,0.64391490741058,0.7677521665306739,0.8915894256507679,0.8915894256507679,0.8915894256507679,0.9351627775468356,0.9787361294429032,0.02126387055709674,0.02126387055709674,0.02126387055709674,0.06483722245316442,0.1084105743492321,0.1084105743492321,0.23224783346932604,0.35608509258941995,0.35608509258941995,0.35608509258941995,0.5011860196652324,0.6462869467410448
2026/07/24,Pachuca,Tigres UANL,0.39619209355219964,0.32282347575926834,0.2809844306885322,0.1179001972643571,0.1179001972643571,0.1179001972643571,0.2403809136620082,0.3628616300596593,0.3628616300596593,0.5527577922709936,0.7426539544823278,0.7426539544823278,0.7426539544823278,0.837883251964654,0.9331125494469801,0.06688745055301983,0.06688745055301983,0.06688745055301983,0.16211674803534593,0.25734604551767204,0.25734604551767204,0.4472422077290063,0.6371383699403406,0.6371383699403406,0.6371383699403406,0.7596190863379917,0.8820998027356428
2026/07/24,Pachuca,Tijuana,0.5397878508603446,0.27268670310976983,0.1875254460298854,0.2193526053173029,0.2193526053173029,0.2193526053173029,0.36171325365260676,0.5040739019879106,0.5040739019879106,0.6644778449936575,0.8248817879994044,0.8248817879994044,0.8248817879994044,0.8925268709273124,0.9601719538552204,0.039828046144779666,0.039828046144779666,0.039828046144779666,0.10747312907268759,0.17511821200059552,0.17511821200059552,0.33552215500634247,0.4959260980120894,0.4959260980120894,0.4959260980120894,0.6382867463473932,0.7806473946826971
2026/07/24,Pachuca,Toluca,0.347918218946138,0.304442890486717,0.3476388905671449,0.10195952490149017,0.10195952490149017,0.10195952490149017,0.21150217406211885,0.3210448232227475,0.3210448232227475,0.5001288764502281,0.6792129296777086,0.6792129296777086,0.6792129296777086,0.7886930863416424,0.898173243005576,0.10182675699442387,0.10182675699442387,0.10182675699442387,0.21130691365835758,0.32078707032229126,0.32078707032229126,0.4998711235497719,0.6789551767772526,0.6789551767772526,0.6789551767772526,0.7884978259378812,0.8980404750985097
2026/07/24,Pachuca,UNAM Pumas,0.5226369873950811,0.27621350276661333,0.20114950983830548,0.20751357311383045,0.20751357311383045,0.20751357311383045,0.34747672937585694,0.4874398856378835,0.4874398856378835,0.6499184166770676,0.8123969477162518,0.8123969477162518,0.8123969477162518,0.8839466477923494,0.955496347868447,0.04450365213155309,0.04450365213155309,0.04450365213155309,0.11605335220765053,0.187603052283748,0.187603052283748,0.35008158332293215,0.5125601143621163,0.5125601143621163,0.5125601143621163,0.6525232706241428,0.7924864268861694
2026/07/24,Puebla,Atlante,0.42585387945284786,0.3676715062649023,0.20647461428224986,0.11454597127462399,0.11454597127462399,0.11454597127462399,0.24835149873034357,0.3821570261860631,0.3821570261860631,0.5984343828124762,0.8147117394388892,0.8147117394388892,0.8147117394388892,0.8907565077047268,0.9668012759705643,0.033198724029435495,0.033198724029435495,0.033198724029435495,0.10924349229527303,0.18528826056111056,0.18528826056111056,0.40156561718752365,0.6178429738139367,0.6178429738139367,0.6178429738139367,0.7516485012696563,0.8854540287253758
2026/07/24,Puebla,Atlas,0.3348168205837017,0.3218158722051599,0.34336730721113834,0.0901353583540229,0.0901353583540229,0.0901353583540229,0.19845733451517145,0.30677931067631997,0.30677931067631997,0.4960827649146492,0.6853862191529785,0.6853862191529785,0.6853862191529785,0.7957167668908709,0.9060473146287632,0.09395268537123666,0.09395268537123666,0.09395268537123666,0.20428323310912905,0.3146137808470214,0.3146137808470214,0.5039172350853507,0.69322068932368,0.69322068932368,0.69322068932368,0.8015426654848286,0.9098646416459771
2026/07/24,Puebla,Atletico San Luis,0.3209662443804016,0.30142123376356134,0.3776125218560371,0.09031559462476872,0.09031559462476872,0.09031559462476872,0.19342123028749506,0.2965268659502214,0.2965268659502214,0.47383347404643383,0.6511400821426463,0.6511400821426463,0.6511400821426463,0.7668182400764997,0.8824963980103531,0.11750360198964692,0.11750360198964692,0.11750360198964692,0.23318175992350024,0.34885991785735354,0.34885991785735354,0.526166525953566,0.7034731340497786,0.7034731340497786,0.7034731340497786,0.8065787697125049,0.9096844053752312
2026/07/24,Puebla,Club America,0.1567976595488095,0.29155396706282016,0.5516483733883703,0.026627212290212258,0.026627212290212258,0.026627212290212258,0.08601874227310655,0.14541027225600084,0.14541027225600084,0.31691260582236563,0.48841493938873043,0.48841493938873043,0.48841493938873043,0.6379346999128237,0.787454460436917,0.21254553956308286,0.21254553956308286,0.21254553956308286,0.3620653000871762,0.5115850606112695,0.5115850606112695,0.6830873941776343,0.8545897277439992,0.8545897277439992,0.8545897277439992,0.9139812577268935,0.9733727877097879
2026/07/24,Puebla,Cruz Azul,0.15797562521637964,0.26855261969948946,0.573471755084131,0.02968860196629318,0.02968860196629318,0.02968860196629318,0.08871436762188445,0.14774013327747573,0.14774013327747573,0.3057122625124695,0.46368439174746334,0.46368439174746334,0.46368439174746334,0.6114537167976952,0.7592230418479271,0.24077695815207295,0.24077695815207295,0.24077695815207295,0.3885462832023048,0.5363156082525367,0.5363156082525367,0.6942877374875303,0.852259866722524,0.852259866722524,0.852259866722524,0.9112856323781153,0.9703113980337068
2026/07/24,Puebla,FC Juarez,0.3468583611637789,0.30228247005566505,0.35085916878055606,0.102232501307034,0.102232501307034,0.102232501307034,0.21128591030522528,0.3203393193034166,0.3203393193034166,0.4981525369832195,0.6759657546630224,0.6759657546630224,0.6759657546630224,0.7859084206111344,0.8958510865592465,0.10414891344075347,0.10414891344075347,0.10414891344075347,0.21409157938886547,0.3240342453369775,0.3240342453369775,0.5018474630167805,0.6796606806965835,0.6796606806965835,0.6796606806965835,0.7887140896947746,0.8977674986929659
2026/07/24,Puebla,Guadalajara,0.19578435614426817,0.2861737703617201,0.5180418734940117,0.04073400946492568,0.04073400946492568,0.04073400946492568,0.11133357891901116,0.18193314837309665,0.18193314837309665,0.3502706603505791,0.5186081723280616,0.5186081723280616,0.5186081723280616,0.660105669341794,0.8016031663555265,0.19839683364447358,0.19839683364447358,0.19839683364447358,0.33989433065820607,0.48139182767193855,0.48139182767193855,0.6497293396494209,0.8180668516269033,0.8180668516269033,0.8180668516269033,0.8886664210809887,0.9592659905350742
2026/07/24,Puebla,Leon,0.35442428391726016,0.306794334224922,0.33878138185781775,0.10420201260860987,0.10420201260860987,0.10420201260860987,0.21547267185031638,0.32674333109202286,0.32674333109202286,0.5072105865184475,0.6876778419448721,0.6876778419448721,0.6876778419448721,0.7954239691349402,0.9031700963250082,0.0968299036749916,0.0968299036749916,0.0968299036749916,0.20457603086505963,0.31232215805512764,0.31232215805512764,0.49278941348155225,0.6732566689079769,0.6732566689079769,0.6732566689079769,0.7845273281496834,0.8957979873913898
2026/07/24,Puebla,Mazatlan,0.403256657732215,0.31361295588922267,0.2831303863785624,0.12499653978341223,0.12499653978341223,0.12499653978341223,0.24786928444138948,0.3707420290993667,0.3707420290993667,0.5552202384459684,0.7396984477925699,0.7396984477925699,0.7396984477925699,0.8348358707771333,0.9299732937616967,0.07002670623830358,0.07002670623830358,0.07002670623830358,0.16516412922286686,0.2603015522074301,0.2603015522074301,0.4447797615540317,0.6292579709006333,0.6292579709006333,0.6292579709006333,0.7521307155586106,0.8750034602165879
2026/07/24,Puebla,Monterrey,0.2320852101544016,0.2697251692600295,0.4981896205855689,0.058792672917792485,0.058792672917792485,0.058792672917792485,0.13787540437938975,0.216958135840987,0.216958135840987,0.37562000011159263,0.5342818643821983,0.5342818643821983,0.5342818643821983,0.6679002210414346,0.8015185777006711,0.19848142229932889,0.19848142229932889,0.19848142229932889,0.33209977895856535,0.46571813561780184,0.46571813561780184,0.6243799998884074,0.783041864159013,0.783041864159013,0.783041864159013,0.8621245956206103,0.9412073270822076
2026/07/24,Puebla,Necaxa,0.32853560093390477,0.2869929660721348,0.3844714329939603,0.0989015254176911,0.0989015254176911,0.0989015254176911,0.20205040752708406,0.305199289636477,0.305199289636477,0.47401868144361514,0.6428380732507533,0.6428380732507533,0.6428380732507533,0.7578342586395136,0.8728304440282739,0.1271695559717259,0.1271695559717259,0.1271695559717259,0.24216574136048633,0.35716192674924674,0.35716192674924674,0.5259813185563849,0.694800710363523,0.694800710363523,0.694800710363523,0.797949592472916,0.901098474582309
2026/07/24,Puebla,Pachuca,0.2006664441461703,0.3151447985141249,0.4841887573397048,0.0380675068171849,0.0380675068171849,0.0380675068171849,0.1112193984071043,0.1843712899970237,0.1843712899970237,0.36975058324062665,0.5551298764842296,0.5551298764842296,0.5551298764842296,0.695501931907646,0.8358739873310623,0.16412601266893748,0.16412601266893748,0.16412601266893748,0.304498068092354,0.44487012351577054,0.44487012351577054,0.6302494167593734,0.8156287100029763,0.8156287100029763,0.8156287100029763,0.8887806015928956,0.961932493182815
2026/07/24,Puebla,Queretaro,0.3504544228419134,0.32949471616231724,0.32005086099576935,0.09464914896624409,0.09464914896624409,0.09464914896624409,0.20735610612888067,0.32006306329151724,0.32006306329151724,0.5138834845634686,0.7077039058354199,0.7077039058354199,0.7077039058354199,0.8131256254883354,0.918547345141251,0.08145265485874897,0.08145265485874897,0.08145265485874897,0.18687437451166455,0.29229609416458013,0.29229609416458013,0.48611651543653145,0.6799369367084828,0.6799369367084828,0.6799369367084828,0.7926438938711193,0.905350851033756
2026/07/24,Puebla,Santos Laguna,0.3976537859847252,0.2901545703274107,0.31219164368786423,0.13253370965730943,0.13253370965730943,0.13253370965730943,0.25075163665124706,0.3689695636451847,0.3689695636451847,0.5396487226613086,0.7103278816774325,0.7103278816774325,0.7103278816774325,0.8102194392742184,0.9101109968710042,0.08988900312899577,0.08988900312899577,0.08988900312899577,0.18978056072578162,0.28967211832256745,0.28967211832256745,0.4603512773386914,0.6310304363548154,0.6310304363548154,0.6310304363548154,0.749248363348753,0.8674662903426905
2026/07/24,Puebla,Tigres UANL,0.17930648009482633,0.29608359743913837,0.5246099224660353,0.03341952573221657,0.03341952573221657,0.03341952573221657,0.09970825534137275,0.16599698495052892,0.16599698495052892,0.3401638069735516,0.5143306289965742,0.5143306289965742,0.5143306289965742,0.6593853540562364,0.8044400791158987,0.19555992088410135,0.19555992088410135,0.19555992088410135,0.3406146459437636,0.4856693710034259,0.4856693710034259,0.6598361930264485,0.834003015049471,0.834003015049471,0.834003015049471,0.9002917446586272,0.9665804742677834
2026/07/24,Puebla,Tijuana,0.2787336735974841,0.3021498552177529,0.41911647118476303,0.07108888120984964,0.07108888120984964,0.07108888120984964,0.16426269014841316,0.2574364990869767,0.2574364990869767,0.43517170803859606,0.6129069169902155,0.6129069169902155,0.6129069169902155,0.7374985447080533,0.8620901724258913,0.13790982757410894,0.13790982757410894,0.13790982757410894,0.2625014552919468,0.3870930830097847,0.3870930830097847,0.5648282919614042,0.7425635009130236,0.7425635009130236,0.7425635009130236,0.8357373098515871,0.9289111187901506
2026/07/24,Puebla,Toluca,0.13982235622717956,0.2488960871204779,0.6112815566523424,0.025859212060350294,0.025859212060350294,0.025859212060350294,0.07875253834822267,0.13164586463609504,0.13164586463609504,0.2780553276481409,0.4244647906601867,0.4244647906601867,0.4244647906601867,0.5732283216691503,0.7219918526781137,0.2780081473218863,0.2780081473218863,0.2780081473218863,0.4267716783308498,0.5755352093398133,0.5755352093398133,0.721944672351859,0.8683541353639048,0.8683541353639048,0.8683541353639048,0.9212474616517773,0.9741407879396498
2026/07/24,Puebla,UNAM Pumas,0.2632544616549321,0.29724283029651105,0.4395027080485568,0.06565780656380577,0.06565780656380577,0.06565780656380577,0.15463132364550883,0.2436048407272119,0.2436048407272119,0.4184535644310419,0.593302288134872,0.593302288134872,0.593302288134872,0.7212997022243179,0.8492971163137639,0.15070288368623613,0.15070288368623613,0.15070288368623613,0.27870029777568206,0.40669771186512804,0.40669771186512804,0.5815464355689581,0.7563951592727882,0.7563951592727882,0.7563951592727882,0.8453686763544913,0.9343421934361944
2026/07/24,Queretaro,Atlante,0.5070150424117924,0.3324647753517182,0.1605201822364893,0.16635934718113796,0.16635934718113796,0.16635934718113796,0.314406197133732,0.46245304708632606,0.46245304708632606,0.6580205619991015,0.853588076911877,0.853588076911877,0.853588076911877,0.9149168141459452,0.9762455513800133,0.02375444861998663,0.02375444861998663,0.02375444861998663,0.08508318585405487,0.14641192308812312,0.14641192308812312,0.34197943800089853,0.5375469529136739,0.5375469529136739,0.5375469529136739,0.6855938028662679,0.8336406528188619
2026/07/24,Queretaro,Atlas,0.41829034371286783,0.30570118557256276,0.27600847071456946,0.13585604407024515,0.13585604407024515,0.13585604407024515,0.2608225386816969,0.3857890332931486,0.3857890332931486,0.5656132601005385,0.7454374869079283,0.7454374869079283,0.7454374869079283,0.8382179010679149,0.9309983152279014,0.06900168477209861,0.06900168477209861,0.06900168477209861,0.16178209893208514,0.2545625130920717,0.2545625130920717,0.4343867398994615,0.6142109667068514,0.6142109667068514,0.6142109667068514,0.7391774613183031,0.8641439559297549
2026/07/24,Queretaro,Atletico San Luis,0.4062833211052828,0.2893914984237668,0.30432518047095036,0.13736709302750288,0.13736709302750288,0.13736709302750288,0.2572260863022734,0.37708507957704396,0.37708507957704396,0.5473153727674951,0.7175456659579461,0.7175456659579461,0.7175456659579461,0.8155696246724277,0.9135935833869092,0.08640641661309069,0.08640641661309069,0.08640641661309069,0.18443037532757228,0.2824543340420539,0.2824543340420539,0.45268462723250497,0.622914920422956,0.622914920422956,0.622914920422956,0.7427739136977266,0.8626329069724972
2026/07/24,Queretaro,Club America,0.2105354542864571,0.3047468376693871,0.48471770804415587,0.04314559474865117,0.04314559474865117,0.04314559474865117,0.11869791114337014,0.1942502275380891,0.1942502275380891,0.37351307322596383,0.5527759189138386,0.5527759189138386,0.5527759189138386,0.6914160364463623,0.830056153978886,0.16994384602111404,0.16994384602111404,0.16994384602111404,0.3085839635536377,0.4472240810861614,0.4472240810861614,0.6264869267740362,0.8057497724619109,0.8057497724619109,0.8057497724619109,0.8813020888566299,0.9568544052513487
2026/07/24,Queretaro,Cruz Azul,0.21434416245830357,0.28302401924008525,0.5026318183016112,0.048469246439353894,0.048469246439353894,0.048469246439353894,0.12394096747270364,0.19941268850605337,0.19941268850605337,0.3658974057061035,0.5323821229061536,0.5323821229061536,0.5323821229061536,0.6701044266147931,0.8078267303234326,0.19217326967656717,0.19217326967656717,0.19217326967656717,0.3298955733852067,0.4676178770938463,0.4676178770938463,0.6341025942938965,0.8005873114939466,0.8005873114939466,0.8005873114939466,0.8760590325272963,0.9515307535606461
2026/07/24,Queretaro,FC Juarez,0.4346993149056202,0.2861690952517805,0.2791315898425993,0.15393614366321418,0.15393614366321418,0.15393614366321418,0.27894118733486883,0.40394623100652355,0.40394623100652355,0.5722809929193357,0.7406157548321477,0.7406157548321477,0.7406157548321477,0.8324806583269228,0.9243455618216978,0.0756544381783022,0.0756544381783022,0.0756544381783022,0.16751934167307722,0.25938424516785225,0.25938424516785225,0.42771900708066435,0.5960537689934765,0.5960537689934765,0.5960537689934765,0.7210588126651312,0.8460638563367857
2026/07/24,Queretaro,Guadalajara,0.2604724760519113,0.29424884367774534,0.4452786802703434,0.06520119583234021,0.06520119583234021,0.06520119583234021,0.1532545893567721,0.24130798288120403,0.24130798288120403,0.4143955379857601,0.5874830930903162,0.5874830930903162,0.5874830930903162,0.7161217350211574,0.8447603769519986,0.15523962304800146,0.15523962304800146,0.15523962304800146,0.2838782649788426,0.4125169069096838,0.4125169069096838,0.5856044620142398,0.7586920171187959,0.7586920171187959,0.7586920171187959,0.8467454106432278,0.9347988041676598
2026/07/24,Queretaro,Leon,0.44211904854187595,0.28906960222444933,0.2688113492336747,0.1563203303080067,0.1563203303080067,0.1563203303080067,0.2833577274227862,0.41039512453756566,0.41039512453756566,0.5804360670225358,0.750477009507506,0.750477009507506,0.750477009507506,0.8401467354540016,0.9298164614004973,0.07018353859950278,0.07018353859950278,0.07018353859950278,0.15985326454599835,0.24952299049249393,0.24952299049249393,0.41956393297746414,0.5896048754624343,0.5896048754624343,0.5896048754624343,0.7166422725772139,0.8436796696919934
2026/07/24,Queretaro,Mazatlan,0.4925481461265738,0.2876388130054583,0.2198130408679678,0.1839035703006249,0.1839035703006249,0.1839035703006249,0.32067742830194773,0.45745128630327053,0.45745128630327053,0.6266505880711871,0.7958498898391038,0.7958498898391038,0.7958498898391038,0.8730453954006985,0.9502409009622932,0.049759099037706755,0.049759099037706755,0.049759099037706755,0.12695460459930147,0.2041501101608962,0.2041501101608962,0.3733494119288128,0.5425487136967294,0.5425487136967294,0.5425487136967294,0.6793225716980522,0.816096429699375
2026/07/24,Queretaro,Monterrey,0.307716108067491,0.27381315212079355,0.4184707398117153,0.09334568783651885,0.09334568783651885,0.09334568783651885,0.19029328999691128,0.2872408921573037,0.2872408921573037,0.4483074522283589,0.609374012299414,0.609374012299414,0.609374012299414,0.7287776404712968,0.8481812686431796,0.15181873135682064,0.15181873135682064,0.15181873135682064,0.27122235952870344,0.3906259877005862,0.3906259877005862,0.5516925477716413,0.7127591078426965,0.7127591078426965,0.7127591078426965,0.8097067100030888,0.9066543121634812
2026/07/24,Queretaro,Necaxa,0.41732671707294655,0.2751548353997168,0.30751844752733665,0.1504705611965854,0.1504705611965854,0.1504705611965854,0.26992046553721605,0.3893703698778467,0.3893703698778467,0.5512261554070919,0.7130819409363369,0.7130819409363369,0.7130819409363369,0.8101568511342883,0.9072317613322397,0.09276823866776034,0.09276823866776034,0.09276823866776034,0.18984314886571166,0.28691805906366297,0.28691805906366297,0.4487738445929081,0.6106296301221532,0.6106296301221532,0.6106296301221532,0.730079534462784,0.8495294388034146
2026/07/24,Queretaro,Pachuca,0.26328221669604784,0.3203936146164994,0.4163241686874527,0.06032105563079402,0.06032105563079402,0.06032105563079402,0.15084971611013062,0.24137837658946723,0.24137837658946723,0.4298452087168198,0.6183120408441724,0.6183120408441724,0.6183120408441724,0.7449338037222781,0.871555566600384,0.1284444333996159,0.1284444333996159,0.1284444333996159,0.2550661962777217,0.38168795915582754,0.38168795915582754,0.5701547912831801,0.7586216234105327,0.7586216234105327,0.7586216234105327,0.8491502838898694,0.939678944369206
2026/07/24,Queretaro,Puebla,0.5035267196038223,0.30297671964232836,0.19349656075384933,0.18055263709929556,0.18055263709929556,0.18055263709929556,0.322727696951478,0.46490275680366044,0.46490275680366044,0.6431243565932654,0.8213459563828704,0.8213459563828704,0.8213459563828704,0.8920028829155519,0.9626598094482333,0.03734019055176684,0.03734019055176684,0.03734019055176684,0.10799711708444829,0.17865404361712972,0.17865404361712972,0.3568756434067347,0.5350972431963398,0.5350972431963398,0.5350972431963398,0.6772723030485222,0.8194473629007045
2026/07/24,Queretaro,Santos Laguna,0.4912026559900275,0.26749129805383065,0.24130604595614188,0.1960894106169068,0.1960894106169068,0.1960894106169068,0.32781898550235195,0.4595485603877971,0.4595485603877971,0.6168963827724034,0.7742442051570096,0.7742442051570096,0.7742442051570096,0.855384335623953,0.9365244660908963,0.0634755339091039,0.0634755339091039,0.0634755339091039,0.14461566437604711,0.22575579484299035,0.22575579484299035,0.38310361722759656,0.5404514396122028,0.5404514396122028,0.5404514396122028,0.6721810144976481,0.8039105893830933
2026/07/24,Queretaro,Tigres UANL,0.23869492513834978,0.3058183916185084,0.45548668324314173,0.05364637536093488,0.05364637536093488,0.05364637536093488,0.13689218768409833,0.2201380000072618,0.2201380000072618,0.400031171547561,0.5799243430878602,0.5799243430878602,0.5799243430878602,0.7127020162957874,0.8454796895037147,0.15452031049628548,0.15452031049628548,0.15452031049628548,0.2872979837042128,0.4200756569121401,0.4200756569121401,0.5999688284524392,0.7798619999927383,0.7798619999927383,0.7798619999927383,0.8631078123159017,0.9463536246390652
2026/07/24,Queretaro,Tijuana,0.3581305250353521,0.29656712636082905,0.345302348603819,0.10984622721748437,0.10984622721748437,0.10984622721748437,0.22066592837407586,0.33148562953066735,0.33148562953066735,0.505936880331155,0.6803881311316428,0.6803881311316428,0.6803881311316428,0.7884067016323847,0.8964252721331266,0.10357472786687331,0.10357472786687331,0.10357472786687331,0.21159329836761528,0.31961186886835724,0.31961186886835724,0.4940631196688449,0.6685143704693326,0.6685143704693326,0.6685143704693326,0.7793340716259242,0.8901537727825157
2026/07/24,Queretaro,Toluca,0.19263010707438977,0.2668253964586363,0.540544496466974,0.04282687504313123,0.04282687504313123,0.04282687504313123,0.11154282808004767,0.1802587811169641,0.1802587811169641,0.33721489668086774,0.4941710122447714,0.4941710122447714,0.4941710122447714,0.6350462472739674,0.7759214823031634,0.2240785176968365,0.2240785176968365,0.2240785176968365,0.3649537527260325,0.5058289877552284,0.5058289877552284,0.6627851033191321,0.8197412188830357,0.8197412188830357,0.8197412188830357,0.8884571719199522,0.9571731249568687
2026/07/24,Queretaro,UNAM Pumas,0.3408045650147516,0.2944487356523766,0.36474669933287185,0.10217044764815465,0.10217044764815465,0.10217044764815465,0.2089379358945061,0.31570542414085756,0.31570542414085756,0.48891056275990263,0.6621157013789477,0.6621157013789477,0.6621157013789477,0.7740764984503448,0.8860372955217419,0.11396270447825815,0.11396270447825815,0.11396270447825815,0.22592350154965524,0.3378842986210523,0.3378842986210523,0.5110894372400974,0.6842945758591426,0.6842945758591426,0.6842945758591426,0.791062064105494,0.8978295523518453
2026/07/24,Santos Laguna,Atlante,0.5232863950384724,0.29684964098742245,0.17986396397410515,0.19439775565418982,0.19439775565418982,0.19439775565418982,0.33934946028356217,0.48430116491293446,0.48430116491293446,0.6589186007878889,0.8335360366628433,0.8335360366628433,0.8335360366628433,0.9000143587431911,0.966492680823539,0.03350731917646094,0.03350731917646094,0.03350731917646094,0.09998564125680884,0.16646396333715674,0.16646396333715674,0.3410813992121111,0.5156988350870655,0.5156988350870655,0.5156988350870655,0.6606505397164377,0.80560224434581
2026/07/24,Santos Laguna,Atlas,0.4161050549882185,0.27260137934261663,0.31129356566916494,0.15117971680057346,0.15117971680057346,0.15117971680057346,0.2698829412523479,0.38858616570412235,0.38858616570412235,0.5489399182586028,0.7092936708130831,0.7092936708130831,0.7092936708130831,0.8068558317668408,0.9044179927205985,0.09558200727940155,0.09558200727940155,0.09558200727940155,0.19314416823315927,0.29070632918691697,0.29070632918691697,0.45106008174139733,0.6114138342958777,0.6114138342958777,0.6114138342958777,0.7301170587476521,0.8488202831994265
2026/07/24,Santos Laguna,Atletico San Luis,0.3993452806670462,0.25761189251467054,0.3430428268182833,0.15007727113209396,0.15007727113209396,0.15007727113209396,0.26248411024613627,0.3748909493601785,0.3748909493601785,0.5264273567217495,0.6779637640833205,0.6779637640833205,0.6779637640833205,0.779729301698933,0.8814948393145454,0.11850516068545486,0.11850516068545486,0.11850516068545486,0.22027069830106724,0.3220362359166796,0.3220362359166796,0.47357264327825055,0.6251090506398215,0.6251090506398215,0.6251090506398215,0.7375158897538638,0.8499227288679062
2026/07/24,Santos Laguna,Club America,0.19464334889312254,0.2581695361855504,0.547187114921327,0.045261719261391144,0.045261719261391144,0.045261719261391144,0.11397554810771111,0.1826893769540311,0.1826893769540311,0.3345538100043549,0.4864182430546787,0.4864182430546787,0.4864182430546787,0.6259840278886023,0.7655498127225259,0.23445018727747405,0.23445018727747405,0.23445018727747405,0.3740159721113977,0.5135817569453214,0.5135817569453214,0.6654461899956452,0.8173106230459689,0.8173106230459689,0.8173106230459689,0.886024451892289,0.954738280738609
2026/07/24,Santos Laguna,Cruz Azul,0.19563963026572365,0.23858752950308518,0.5657728402311912,0.04979593298004154,0.04979593298004154,0.04979593298004154,0.1173086577673584,0.18482138255467526,0.18482138255467526,0.32516698814472533,0.4655125937347754,0.4655125937347754,0.4655125937347754,0.6018735925432293,0.7382345913516831,0.26176540864831666,0.26176540864831666,0.26176540864831666,0.3981264074567706,0.5344874062652245,0.5344874062652245,0.6748330118552746,0.8151786174453247,0.8151786174453247,0.8151786174453247,0.8826913422326415,0.9502040670199583
2026/07/24,Santos Laguna,FC Juarez,0.4304815386411904,0.25552084883195647,0.3139976125268532,0.16921835153539683,0.16921835153539683,0.16921835153539683,0.28681315506960914,0.4044079586038215,0.4044079586038215,0.5547143402696781,0.7050207219355349,0.7050207219355349,0.7050207219355349,0.8006883723120339,0.8963560226885329,0.10364397731146693,0.10364397731146693,0.10364397731146693,0.19931162768796595,0.294979278064465,0.294979278064465,0.44528565973032164,0.5955920413961783,0.5955920413961783,0.5955920413961783,0.7131868449303908,0.8307816484646032
2026/07/24,Santos Laguna,Guadalajara,0.24387809820468456,0.25323757326081503,0.5028843285345005,0.06857301560404845,0.06857301560404845,0.06857301560404845,0.1489282800727491,0.22928354454144978,0.22928354454144978,0.37824682293016454,0.5272101013188792,0.5272101013188792,0.5272101013188792,0.6571499572994834,0.7870898132800876,0.21291018671991233,0.21291018671991233,0.21291018671991233,0.3428500427005165,0.4727898986811207,0.4727898986811207,0.6217531770698353,0.7707164554585499,0.7707164554585499,0.7707164554585499,0.8510717199272507,0.9314269843959515
2026/07/24,Santos Laguna,Leon,0.4394874855580191,0.25824514271768595,0.302267371724295,0.1727149967484958,0.1727149967484958,0.1727149967484958,0.29260040665371123,0.4124858165589267,0.4124858165589267,0.5643947240399184,0.7163036315209101,0.7163036315209101,0.7163036315209101,0.8099819499918792,0.9036602684628483,0.09633973153715161,0.09633973153715161,0.09633973153715161,0.19001805000812072,0.28369636847908986,0.28369636847908986,0.4356052759600816,0.5875141834410733,0.5875141834410733,0.5875141834410733,0.7073995933462888,0.8272850032515042
2026/07/24,Santos Laguna,Mazatlan,0.49679749449278926,0.25732638149770154,0.24587612400950906,0.206378558420807,0.206378558420807,0.206378558420807,0.3363997654926966,0.46642097256458626,0.46642097256458626,0.6177894322691166,0.7691578919736471,0.7691578919736471,0.7691578919736471,0.8503995449616324,0.9316411979496177,0.06835880205038244,0.06835880205038244,0.06835880205038244,0.14960045503836777,0.23084210802635313,0.23084210802635313,0.3822105677308836,0.533579027435414,0.533579027435414,0.533579027435414,0.6636002345073035,0.7936214415791932
2026/07/24,Santos Laguna,Monterrey,0.28959390363790677,0.23838474304627902,0.47202135331581435,0.0974304208080172,0.0974304208080172,0.0974304208080172,0.18551428792849123,0.2735981550489653,0.2735981550489653,0.4138244744879529,0.5540507939269406,0.5540507939269406,0.5540507939269406,0.6741344515200216,0.7942181091131028,0.2057818908868973,0.2057818908868973,0.2057818908868973,0.3258655484799784,0.44594920607305943,0.44594920607305943,0.5861755255120471,0.7264018449510348,0.7264018449510348,0.7264018449510348,0.8144857120715088,0.9025695791919829
2026/07/24,Santos Laguna,Necaxa,0.40860640680401455,0.24527666735939405,0.3461169258365915,0.1627521518527815,0.1627521518527815,0.1627521518527815,0.2739622917459964,0.38517243163921133,0.38517243163921133,0.5294528242035608,0.6737332167679102,0.6737332167679102,0.6737332167679102,0.7737815987944356,0.8738299808209611,0.12617001917903897,0.12617001917903897,0.12617001917903897,0.22621840120556438,0.3262667832320898,0.3262667832320898,0.47054717579643923,0.6148275683607887,0.6148275683607887,0.6148275683607887,0.7260377082540035,0.8372478481472184
2026/07/24,Santos Laguna,Pachuca,0.2506134661136902,0.2776218978956592,0.4717646359906505,0.06506073604203688,0.06506073604203688,0.06506073604203688,0.14933872615179977,0.23361671626156266,0.23361671626156266,0.3969237150237152,0.5602307137858678,0.5602307137858678,0.5602307137858678,0.6907127975304441,0.8211948812750205,0.17880511872497956,0.17880511872497956,0.17880511872497956,0.309287202469556,0.43976928621413236,0.43976928621413236,0.603076284976285,0.7663832837384374,0.7663832837384374,0.7663832837384374,0.8506612738482004,0.9349392639579633
2026/07/24,Santos Laguna,Puebla,0.5129636804173837,0.27068437093832975,0.2163519486442865,0.206025860232772,0.206025860232772,0.206025860232772,0.342696033954367,0.47936620767596194,0.47936620767596194,0.6385923082279206,0.7978184087798792,0.7978184087798792,0.7978184087798792,0.8730133900748149,0.9482083713697508,0.05179162863024923,0.05179162863024923,0.05179162863024923,0.12698660992518496,0.20218159122012067,0.20218159122012067,0.36140769177207926,0.5206337923240378,0.5206337923240378,0.5206337923240378,0.6573039660456329,0.793974139767228
2026/07/24,Santos Laguna,Queretaro,0.4348606161724071,0.27696204428899646,0.2881773395385966,0.1590357268655193,0.1590357268655193,0.1590357268655193,0.2822503971997249,0.40546506753393047,0.40546506753393047,0.5683839171156931,0.7313027666974558,0.7313027666974558,0.7313027666974558,0.824303388497484,0.9173040102975122,0.08269598970248797,0.08269598970248797,0.08269598970248797,0.17569661150251617,0.26869723330254436,0.26869723330254436,0.431616082884307,0.5945349324660696,0.5945349324660696,0.5945349324660696,0.7177496028002751,0.8409642731344806
2026/07/24,Santos Laguna,Tigres UANL,0.22323489122349985,0.2619320824445985,0.5148330263319016,0.05673264727320321,0.05673264727320321,0.05673264727320321,0.13299345369827542,0.2092542601233476,0.2092542601233476,0.36333195567899385,0.5174096512346401,0.5174096512346401,0.5174096512346401,0.6520470660433727,0.7866844808521053,0.213315519147895,0.213315519147895,0.213315519147895,0.3479529339566276,0.4825903487653601,0.4825903487653601,0.6366680443210064,0.7907457398766528,0.7907457398766528,0.7907457398766528,0.8670065463017249,0.943267352726797
2026/07/24,Santos Laguna,Tijuana,0.3477484397905755,0.2620566249628479,0.3901949352465768,0.11903668737033288,0.11903668737033288,0.11903668737033288,0.2224962489973707,0.32595581062440854,0.32595581062440854,0.48010676648490713,0.6342577223454058,0.6342577223454058,0.6342577223454058,0.7458888875696013,0.8575200527937967,0.14247994720620297,0.14247994720620297,0.14247994720620297,0.25411111243039847,0.365742277654594,0.365742277654594,0.5198932335150926,0.6740441893755913,0.6740441893755913,0.6740441893755913,0.7775037510026291,0.880963312629667
2026/07/24,Santos Laguna,Toluca,0.1722136348022135,0.221528656843877,0.6062577083539095,0.0429960585046856,0.0429960585046856,0.0429960585046856,0.10328073245383353,0.16356540640298145,0.16356540640298145,0.2938763810170266,0.42418735563107185,0.42418735563107185,0.42418735563107185,0.5609773127991396,0.6977672699672074,0.30223273003279244,0.30223273003279244,0.30223273003279244,0.43902268720086024,0.575812644368928,0.575812644368928,0.7061236189829732,0.8364345935970184,0.8364345935970184,0.8364345935970184,0.8967192675461663,0.9570039414953141
2026/07/24,Santos Laguna,UNAM Pumas,0.32858036988071415,0.25919907836061007,0.41222055175867567,0.10993177202224111,0.10993177202224111,0.10993177202224111,0.20911191561675202,0.3082920592112629,0.3082920592112629,0.4607621053057395,0.6132321514002161,0.6132321514002161,0.6132321514002161,0.7283595515721306,0.843486951744045,0.15651304825595508,0.15651304825595508,0.15651304825595508,0.2716404484278696,0.3867678485997841,0.3867678485997841,0.5392378946942606,0.6917079407887372,0.6917079407887372,0.6917079407887372,0.790888084383248,0.8900682279777589
2026/07/24,Tigres UANL,Atlante,0.6949071153859641,0.23714046524885127,0.06795241936518474,0.33337751988501385,0.33337751988501385,0.33337751988501385,0.49508199774613215,0.6567864756072505,0.6567864756072505,0.796280866930104,0.9357752582529577,0.9357752582529577,0.9357752582529577,0.9644084547401457,0.9930416512273337,0.0069583487726662405,0.0069583487726662405,0.0069583487726662405,0.035591545259854196,0.06422474174704215,0.06422474174704215,0.2037191330698958,0.3432135243927495,0.3432135243927495,0.3432135243927495,0.5049180022538677,0.666622480114986
2026/07/24,Tigres UANL,Atlas,0.6357693398906944,0.24034317031132005,0.12388748979798564,0.29944246123812995,0.29944246123812995,0.29944246123812995,0.4498576211752733,0.6002727811124166,0.6002727811124166,0.7416511165896635,0.8830294520669106,0.8830294520669106,0.8830294520669106,0.9307694453057853,0.9785094385446599,0.02149056145534003,0.02149056145534003,0.02149056145534003,0.06923055469421463,0.11697054793308924,0.11697054793308924,0.25834888341033624,0.3997272188875832,0.3997272188875832,0.3997272188875832,0.5501423788247266,0.70055753876187
2026/07/24,Tigres UANL,Atletico San Luis,0.6341059454749423,0.22994722039539991,0.13594683412965763,0.3091114147072285,0.3091114147072285,0.3091114147072285,0.45490116607080167,0.6006909174343749,0.6006909174343749,0.7359539882551984,0.871217059076022,0.871217059076022,0.871217059076022,0.9221905294294932,0.9731639997829643,0.026836000217035687,0.026836000217035687,0.026836000217035687,0.07780947057050694,0.12878294092397818,0.12878294092397818,0.2640460117448017,0.39930908256562525,0.39930908256562525,0.39930908256562525,0.5450988339291983,0.6908885852927714
2026/07/24,Tigres UANL,Club America,0.39504958110763,0.32156755029544537,0.2833828685969248,0.117853730682805,0.117853730682805,0.117853730682805,0.23992977267092364,0.3620058146590423,0.3620058146590423,0.551163197185775,0.7403205797125078,0.7403205797125078,0.7403205797125078,0.8360755543257403,0.931830528938973,0.06816947106102716,0.06816947106102716,0.06816947106102716,0.16392444567425982,0.25967942028749247,0.25967942028749247,0.4488368028142252,0.637994185340958,0.637994185340958,0.637994185340958,0.7600702273290766,0.8821462693171952
2026/07/24,Tigres UANL,Cruz Azul,0.41067530098091054,0.3000196668899147,0.2893050321291748,0.1346311727756905,0.1346311727756905,0.1346311727756905,0.2571220441762263,0.3796129155767621,0.3796129155767621,0.5560950725708295,0.7325772295648969,0.7325772295648969,0.7325772295648969,0.8281302420343821,0.9236832545038675,0.07631674549613254,0.07631674549613254,0.07631674549613254,0.17186975796561776,0.267422770435103,0.267422770435103,0.4439049274291705,0.620387084423238,0.620387084423238,0.620387084423238,0.7428779558237737,0.8653688272243094
2026/07/24,Tigres UANL,FC Juarez,0.6613124908946881,0.21833626291981229,0.12035124618549956,0.3367256238748229,0.3367256238748229,0.3367256238748229,0.4827202821267378,0.6287149403786527,0.6287149403786527,0.7571480362138365,0.8855811320490203,0.8855811320490203,0.8855811320490203,0.9314502467434124,0.9773193614378044,0.022680638562195793,0.022680638562195793,0.022680638562195793,0.06854975325658784,0.11441886795097989,0.11441886795097989,0.24285196378616367,0.37128505962134745,0.37128505962134745,0.37128505962134745,0.5172797178732624,0.6632743761251774
2026/07/24,Tigres UANL,Guadalajara,0.4696079714826906,0.28939781925911323,0.24099420925819615,0.17068020683282167,0.17068020683282167,0.17068020683282167,0.3032689828948881,0.4358577589569545,0.4358577589569545,0.6060917702858447,0.776325781614735,0.776325781614735,0.776325781614735,0.8591302567402077,0.9419347318656806,0.05806526813431975,0.05806526813431975,0.05806526813431975,0.14086974325979246,0.22367421838526513,0.22367421838526513,0.3939082297141554,0.5641422410430457,0.5641422410430457,0.5641422410430457,0.6967310171051121,0.8293197931671785
2026/07/24,Tigres UANL,Leon,0.665914107936582,0.21866164545957478,0.11542424660384312,0.33882305026536397,0.33882305026536397,0.33882305026536397,0.48592508821766933,0.6330271261699747,0.6330271261699747,0.7616516234991362,0.8902761208282978,0.8902761208282978,0.8902761208282978,0.9346664652219774,0.9790568096156569,0.020943190384343106,0.020943190384343106,0.020943190384343106,0.06533353477802258,0.10972387917170204,0.10972387917170204,0.2383483765008636,0.3669728738300252,0.3669728738300252,0.3669728738300252,0.5140749117823307,0.661176949734636
2026/07/24,Tigres UANL,Mazatlan,0.7068166377719458,0.20355633018024855,0.08962703204780571,0.3785911386523919,0.3785911386523919,0.3785911386523919,0.5267642430472748,0.6749373474421576,0.6749373474421576,0.7946763651952451,0.9144153829483326,0.9144153829483326,0.9144153829483326,0.9501682584204129,0.9859211338924931,0.014078866107506836,0.014078866107506836,0.014078866107506836,0.049831741579587224,0.08558461705166762,0.08558461705166762,0.20532363480475502,0.32506265255784245,0.32506265255784245,0.32506265255784245,0.47323575695272535,0.6214088613476083
2026/07/24,Tigres UANL,Monterrey,0.5405541400962491,0.25116926027679726,0.20827659962695375,0.23630742598361426,0.23630742598361426,0.23630742598361426,0.37243283219093193,0.5085582383982495,0.5085582383982495,0.656304862090483,0.8040514857827166,0.8040514857827166,0.8040514857827166,0.8757302344207482,0.9474089830587797,0.052591016941219974,0.052591016941219974,0.052591016941219974,0.12426976557925155,0.19594851421728313,0.19594851421728313,0.3436951379095166,0.49144176160175007,0.49144176160175007,0.49144176160175007,0.6275671678090677,0.7636925740163855
2026/07/24,Tigres UANL,Necaxa,0.6529255319976428,0.21391936660570604,0.13315510139665118,0.3372828970558115,0.3372828970558115,0.3372828970558115,0.4794262745810067,0.6215696521062019,0.6215696521062019,0.7474045736389701,0.8732394951717384,0.8732394951717384,0.8732394951717384,0.9226286147105671,0.9720177342493957,0.027982265750604307,0.027982265750604307,0.027982265750604307,0.07737138528943298,0.12676050482826165,0.12676050482826165,0.25259542636102994,0.37843034789379826,0.37843034789379826,0.37843034789379826,0.5205737254189933,0.6627171029441884
2026/07/24,Tigres UANL,Pachuca,0.46063705608362154,0.3116177179974111,0.2277452259189674,0.15419157491345228,0.15419157491345228,0.15419157491345228,0.2890153388225197,0.42383910273158704,0.42383910273158704,0.6071436427300642,0.7904481827285413,0.7904481827285413,0.7904481827285413,0.8710557516001292,0.951663320471717,0.04833667952828306,0.04833667952828306,0.04833667952828306,0.12894424839987087,0.20955181727145866,0.20955181727145866,0.3928563572699358,0.5761608972684129,0.5761608972684129,0.5761608972684129,0.7109846611774804,0.8458084250865479
2026/07/24,Tigres UANL,Puebla,0.7066866934777313,0.21362672625258927,0.07968658026967942,0.36584804994673437,0.36584804994673437,0.36584804994673437,0.5193280470503143,0.6728080441538944,0.6728080441538944,0.7984708243024764,0.9241336044510584,0.9241336044510584,0.9241336044510584,0.9567403881783552,0.9893471719056519,0.01065282809434852,0.01065282809434852,0.01065282809434852,0.04325961182164514,0.07586639554894176,0.07586639554894176,0.20152917569752374,0.3271919558461057,0.3271919558461057,0.3271919558461057,0.4806719529496858,0.6341519500532659
2026/07/24,Tigres UANL,Queretaro,0.6473339381097735,0.23926057723860117,0.11340548465162544,0.30671683033181874,0.30671683033181874,0.30671683033181874,0.4590612646228243,0.6114056989138299,0.6114056989138299,0.7521472149365362,0.8928887309592426,0.8928887309592426,0.8928887309592426,0.9372912870591812,0.9816938431591199,0.018306156840880036,0.018306156840880036,0.018306156840880036,0.0627087129408185,0.10711126904075696,0.10711126904075696,0.24785278506346345,0.38859430108616994,0.38859430108616994,0.38859430108616994,0.5409387353771754,0.6932831696681809
2026/07/24,Tigres UANL,Santos Laguna,0.717827925247145,0.1867102142278133,0.09546186052504181,0.40727739514785954,0.40727739514785954,0.40727739514785954,0.5480119557741616,0.6887465164004636,0.6887465164004636,0.7985760541815303,0.908405591962597,0.908405591962597,0.908405591962597,0.9454691092636083,0.9825326265646196,0.017467373435380514,0.017467373435380514,0.017467373435380514,0.0545308907363918,0.09159440803740308,0.09159440803740308,0.20142394581846979,0.3112534835995365,0.3112534835995365,0.3112534835995365,0.4519880442258386,0.5927226048521407
2026/07/24,Tigres UANL,Tijuana,0.5827955128383894,0.25266737978860626,0.16453710737300425,0.2589470511209322,0.2589470511209322,0.2589470511209322,0.40348551820196504,0.5480239852829979,0.5480239852829979,0.6966518557468839,0.8452797262107701,0.8452797262107701,0.8452797262107701,0.9055085738373873,0.9657374214640044,0.034262578535995715,0.034262578535995715,0.034262578535995715,0.09449142616261287,0.15472027378923003,0.15472027378923003,0.3033481442531161,0.4519760147170022,0.4519760147170022,0.4519760147170022,0.596514481798035,0.7410529488790679
2026/07/24,Tigres UANL,Toluca,0.3853335727602391,0.29539004804758395,0.31927637919217683,0.12389253066892775,0.12389253066892775,0.12389253066892775,0.2403593957079227,0.35682626074691765,0.35682626074691765,0.530585112539614,0.7043439643323104,0.7043439643323104,0.7043439643323104,0.8064176839567161,0.9084914035811218,0.09150859641887794,0.09150859641887794,0.09150859641887794,0.19358231604328366,0.2956560356676894,0.2956560356676894,0.46941488746038584,0.6431737392530823,0.6431737392530823,0.6431737392530823,0.7596406042920772,0.8761074693310722
2026/07/24,Tigres UANL,UNAM Pumas,0.5656418597253577,0.2571248447668741,0.17723329550776812,0.24563446305906006,0.24563446305906006,0.24563446305906006,0.38836339879650417,0.5310923345339482,0.5310923345339482,0.6823422432203448,0.8335921519067413,0.8335921519067413,0.8335921519067413,0.8975773875469107,0.9615626231870802,0.03843737681291975,0.03843737681291975,0.03843737681291975,0.10242261245308923,0.1664078480932587,0.1664078480932587,0.3176577567796553,0.4689076654660519,0.4689076654660519,0.4689076654660519,0.6116366012034959,0.7543655369409399
2026/07/24,Tijuana,Atlante,0.6153791621999352,0.27012256742885943,0.11449827037120539,0.2618106533940023,0.2618106533940023,0.2618106533940023,0.41849953547613916,0.575188417558276,0.575188417558276,0.7340840454576051,0.8929796733569342,0.8929796733569342,0.8929796733569342,0.9383852820291454,0.9837908907013565,0.016209109298643443,0.016209109298643443,0.016209109298643443,0.061614717970854646,0.10702032664306585,0.10702032664306585,0.26591595454239486,0.4248115824417239,0.4248115824417239,0.4248115824417239,0.5815004645238607,0.7381893466059976
2026/07/24,Tijuana,Atlas,0.5310555892260899,0.2639408905038552,0.20500352027005495,0.22095569872272147,0.22095569872272147,0.22095569872272147,0.3592030509905991,0.4974504032584767,0.4974504032584767,0.6527097506136857,0.8079690979688947,0.8079690979688947,0.8079690979688947,0.8797707581422058,0.9515724183155169,0.04842758168448323,0.04842758168448323,0.04842758168448323,0.12022924185779424,0.19203090203110526,0.19203090203110526,0.34729024938631425,0.5025495967415232,0.5025495967415232,0.5025495967415232,0.6407969490094009,0.7790443012772785
2026/07/24,Tijuana,Atletico San Luis,0.5216104176316518,0.2522900437383031,0.22609953863004514,0.22449052798952293,0.22449052798952293,0.22449052798952293,0.35752104183704286,0.4905515556845628,0.4905515556845628,0.6389574637659177,0.7873633718472725,0.7873633718472725,0.7873633718472725,0.8634727297224443,0.9395820875976162,0.060417912402383755,0.060417912402383755,0.060417912402383755,0.13652727027755573,0.2126366281527277,0.2126366281527277,0.36104253623408245,0.5094484443154372,0.5094484443154372,0.5094484443154372,0.6424789581629572,0.7755094720104772
2026/07/24,Tijuana,Club America,0.28927342819292173,0.29918259271740877,0.4115439790896696,0.07653803474016138,0.07653803474016138,0.07653803474016138,0.17200934944282925,0.26748066414549715,0.26748066414549715,0.4434704245675023,0.6194601849895074,0.6194601849895074,0.6194601849895074,0.7420015883763309,0.8645429917631543,0.1354570082368456,0.1354570082368456,0.1354570082368456,0.25799841162366904,0.3805398150104925,0.3805398150104925,0.5565295754324977,0.7325193358545028,0.7325193358545028,0.7325193358545028,0.8279906505571708,0.9234619652598387
2026/07/24,Tijuana,Cruz Azul,0.29685889277592203,0.2792757950057862,0.42386531221829166,0.0861300876881805,0.0861300876881805,0.0861300876881805,0.18134471114097572,0.27655933459377097,0.27655933459377097,0.44083921400893933,0.6051190934241077,0.6051190934241077,0.6051190934241077,0.7266550260610543,0.8481909586980007,0.15180904130199943,0.15180904130199943,0.15180904130199943,0.2733449739389459,0.39488090657589237,0.39488090657589237,0.5591607859910608,0.7234406654062291,0.7234406654062291,0.7234406654062291,0.8186552888590244,0.9138699123118197
2026/07/24,Tijuana,FC Juarez,0.5520375913579093,0.24457176116977106,0.20339064747231958,0.2484705084440953,0.2484705084440953,0.2484705084440953,0.38448432614653627,0.5204981438489773,0.5204981438489773,0.6643638857135485,0.8082296275781198,0.8082296275781198,0.8082296275781198,0.8781553297641957,0.9480810319502716,0.05191896804972836,0.05191896804972836,0.05191896804972836,0.12184467023580432,0.19177037242188028,0.19177037242188028,0.33563611428645146,0.4795018561510227,0.4795018561510227,0.4795018561510227,0.6155156738534637,0.7515294915559049
2026/07/24,Tijuana,Guadalajara,0.35342737157727083,0.2817757729922826,0.36479685543044665,0.1134400702945465,0.1134400702945465,0.1134400702945465,0.22119922396268063,0.32895837763081476,0.32895837763081476,0.49470883233215746,0.6604592870335001,0.6604592870335001,0.6604592870335001,0.7705799270230176,0.8807005670125352,0.11929943298746493,0.11929943298746493,0.11929943298746493,0.2294200729769824,0.33954071296649985,0.33954071296649985,0.5052911676678425,0.6710416223691853,0.6710416223691853,0.6710416223691853,0.7788007760373195,0.8865599297054535
2026/07/24,Tijuana,Leon,0.5590357940246998,0.24570144680119313,0.195262759174107,0.2515362608589643,0.2515362608589643,0.2515362608589643,0.38921859832588745,0.5269009357928106,0.5269009357928106,0.6714311986170418,0.815961461441273,0.815961461441273,0.815961461441273,0.8839479694731938,0.9519344775051146,0.0480655224948856,0.0480655224948856,0.0480655224948856,0.11605203052680622,0.18403853855872684,0.18403853855872684,0.32856880138295813,0.4730990642071894,0.4730990642071894,0.4730990642071894,0.6107814016741127,0.7484637391410358
2026/07/24,Tijuana,Mazatlan,0.6095436774159286,0.23567686726515177,0.15477945531891948,0.28960773594629147,0.28960773594629147,0.28960773594629147,0.43299178946359584,0.5763758429809003,0.5763758429809003,0.7150092943133425,0.8536427456457847,0.8536427456457847,0.8536427456457847,0.9102569895540308,0.9668712334622769,0.03312876653772314,0.03312876653772314,0.03312876653772314,0.0897430104459692,0.14635725435421526,0.14635725435421526,0.2849907056866574,0.4236241570190996,0.4236241570190996,0.4236241570190996,0.567008210536404,0.7103922640537085
2026/07/24,Tijuana,Monterrey,0.4142162553407935,0.2560412406813263,0.32974250397788024,0.15950561097870622,0.15950561097870622,0.15950561097870622,0.2742823844084536,0.389059157838201,0.389059157838201,0.5396716523566283,0.6902841468750556,0.6902841468750556,0.6902841468750556,0.7891738424099846,0.8880635379449134,0.11193646205508673,0.11193646205508673,0.11193646205508673,0.21082615759001563,0.30971585312494454,0.30971585312494454,0.4603283476433719,0.6109408421617992,0.6109408421617992,0.6109408421617992,0.7257176155915466,0.8404943890212939
2026/07/24,Tijuana,Necaxa,0.5364389389165231,0.23832679149920014,0.22523426958427684,0.24471844789794897,0.24471844789794897,0.24471844789794897,0.37576829235392406,0.5068181368098992,0.5068181368098992,0.6470103671035463,0.7872025973971933,0.7872025973971933,0.7872025973971933,0.8617095123452767,0.93621642729336,0.06378357270664009,0.06378357270664009,0.06378357270664009,0.13829048765472335,0.21279740260280658,0.21279740260280658,0.35298963289645374,0.4931818631901009,0.4931818631901009,0.4931818631901009,0.6242317076460759,0.755281552102051
2026/07/24,Tijuana,Pachuca,0.3532240584435767,0.30426551629095694,0.3425104252654663,0.10455382645306847,0.10455382645306847,0.10455382645306847,0.2152587552958864,0.3259636841387043,0.3259636841387043,0.504943399603973,0.6839231150692417,0.6839231150692417,0.6839231150692417,0.7922323201562778,0.9005415252433137,0.09945847475668623,0.09945847475668623,0.09945847475668623,0.20776767984372213,0.31607688493075803,0.31607688493075803,0.49505660039602684,0.6740363158612956,0.6740363158612956,0.6740363158612956,0.7847412447041135,0.8954461735469316
2026/07/24,Tijuana,Puebla,0.6171155405786823,0.2463884889749175,0.13649597044640013,0.28351181991048124,0.28351181991048124,0.28351181991048124,0.43251115084702185,0.5815104817835625,0.5815104817835625,0.7264448870629258,0.8713792923422891,0.8713792923422891,0.8713792923422891,0.9231805765530019,0.9749818607637148,0.02501813923628536,0.02501813923628536,0.02501813923628536,0.07681942344699821,0.12862070765771108,0.12862070765771108,0.27355511293707446,0.4184895182164378,0.4184895182164378,0.4184895182164378,0.5674888491529784,0.7164881800895189
2026/07/24,Tijuana,Queretaro,0.5466768448512825,0.264855646713546,0.1884675084351714,0.2289617713324647,0.2289617713324647,0.2289617713324647,0.3704409145544696,0.5119200577764744,0.5119200577764744,0.6677174970197368,0.8235149362629993,0.8235149362629993,0.8235149362629993,0.8909936809284392,0.9584724255938791,0.041527574406120975,0.041527574406120975,0.041527574406120975,0.10900631907156091,0.17648506373700085,0.17648506373700085,0.3322825029802633,0.4880799422235257,0.4880799422235257,0.4880799422235257,0.6295590854455306,0.7710382286675355
2026/07/24,Tijuana,Santos Laguna,0.612783153130945,0.21927905638911985,0.1679377904799352,0.30844979695068386,0.30844979695068386,0.30844979695068386,0.4454302273707821,0.5824106577908803,0.5824106577908803,0.7113983380197744,0.8403860182486683,0.8403860182486683,0.8403860182486683,0.8994149679934729,0.9584439177382774,0.0415560822617224,0.0415560822617224,0.0415560822617224,0.10058503200652702,0.15961398175133162,0.15961398175133162,0.28860166198022563,0.4175893422091197,0.4175893422091197,0.4175893422091197,0.5545697726292178,0.691550203049316
2026/07/24,Tijuana,Tigres UANL,0.3247842042937744,0.29557215743826454,0.3796436382679611,0.09406016226814161,0.09406016226814161,0.09406016226814161,0.19739776028392275,0.3007353582997039,0.3007353582997039,0.47460133326338894,0.648467308227074,0.648467308227074,0.648467308227074,0.7637589190791167,0.8790505299311594,0.12094947006884066,0.12094947006884066,0.12094947006884066,0.23624108092088336,0.35153269177292606,0.35153269177292606,0.5253986667366111,0.699264641700296,0.699264641700296,0.699264641700296,0.8026022397160771,0.9059398377318583
2026/07/24,Tijuana,Toluca,0.2706477625973537,0.2680864631296003,0.46126577427304605,0.0770450944710136,0.0770450944710136,0.0770450944710136,0.1650993729888968,0.25315365150678,0.25315365150678,0.4108515709947801,0.5685494904827803,0.5685494904827803,0.5685494904827803,0.6948222758269195,0.8210950611710587,0.17890493882894115,0.17890493882894115,0.17890493882894115,0.30517772417308037,0.4314505095172196,0.4314505095172196,0.5891484290052197,0.7468463484932197,0.7468463484932197,0.7468463484932197,0.834900627011103,0.9229549055289862
2026/07/24,Tijuana,UNAM Pumas,0.4485736075399184,0.2681526281658026,0.28327376429427903,0.17174981771661404,0.17174981771661404,0.17174981771661404,0.2956593888936405,0.419568960070667,0.419568960070667,0.5773058001681979,0.7350426402657289,0.7350426402657289,0.7350426402657289,0.8259378828258009,0.916833125385873,0.08316687461412692,0.08316687461412692,0.08316687461412692,0.174062117174199,0.2649573597342711,0.2649573597342711,0.422694199831802,0.580431039929333,0.580431039929333,0.580431039929333,0.7043406111063595,0.8282501822833859
2026/07/24,Toluca,Atlante,0.7749002728065901,0.17733119759409846,0.047768529599311466,0.44727890139779725,0.44727890139779725,0.44727890139779725,0.596351257306006,0.7454236132142148,0.7454236132142148,0.8497360823872138,0.9540485515602128,0.9540485515602128,0.9540485515602128,0.9745874896534127,0.9951264277466125,0.004873572253387513,0.004873572253387513,0.004873572253387513,0.025412510346587265,0.04595144843978702,0.04595144843978702,0.15026391761278607,0.2545763867857851,0.2545763867857851,0.2545763867857851,0.4036487426939939,0.5527210986022028
2026/07/24,Toluca,Atlas,0.7227724504277702,0.18782423096722187,0.0894033186050078,0.40809411997644374,0.40809411997644374,0.40809411997644374,0.5506848644448801,0.6932756089133165,0.6932756089133165,0.8037604506587412,0.9142452924041659,0.9142452924041659,0.9142452924041659,0.9494594437275162,0.9846735950508666,0.015326404949133536,0.015326404949133536,0.015326404949133536,0.05054055627248388,0.08575470759583423,0.08575470759583423,0.19623954934125898,0.3067243910866837,0.3067243910866837,0.3067243910866837,0.44931513555512004,0.5919058800235564
2026/07/24,Toluca,Atletico San Luis,0.7228573053722923,0.1797084580174237,0.09743423661028382,0.42021678645527816,0.42021678645527816,0.42021678645527816,0.5575638677562849,0.6949109490572914,0.6949109490572914,0.8006218067145996,0.9063326643719076,0.9063326643719076,0.9063326643719076,0.9436990539473631,0.9810654435228184,0.01893455647718159,0.01893455647718159,0.01893455647718159,0.05630094605263702,0.09366733562809244,0.09366733562809244,0.1993781932854005,0.30508905094270855,0.30508905094270855,0.30508905094270855,0.4424361322437152,0.5797832135447218
2026/07/24,Toluca,Club America,0.4751784286598277,0.2887371458529423,0.23608442548723005,0.17401528438533875,0.17401528438533875,0.17401528438533875,0.3075763850600584,0.44113748573477807,0.44113748573477807,0.6109828656482736,0.7808282455617691,0.7808282455617691,0.7808282455617691,0.8623328058427204,0.9438373661236718,0.05616263387632851,0.05616263387632851,0.05616263387632851,0.13766719415727977,0.219171754438231,0.219171754438231,0.3890171343517265,0.558862514265222,0.558862514265222,0.558862514265222,0.6924236149399416,0.8259847156146614
2026/07/24,Toluca,Cruz Azul,0.4942069784230154,0.26789241794918367,0.23790060362780094,0.19750103069609362,0.19750103069609362,0.19750103069609362,0.3298975379149257,0.4622940451337578,0.4622940451337578,0.6198778203979834,0.7774615956622091,0.7774615956622091,0.7774615956622091,0.8578141848142748,0.9381667739663407,0.06183322603365917,0.06183322603365917,0.06183322603365917,0.14218581518572496,0.22253840433779076,0.22253840433779076,0.38012217960201644,0.5377059548662422,0.5377059548662422,0.5377059548662422,0.6701024620850742,0.8024989693039062
2026/07/24,Toluca,FC Juarez,0.7484954381700197,0.16702029568787488,0.08448426614210536,0.45275370668204756,0.45275370668204756,0.45275370668204756,0.5873821839588502,0.7220106612356528,0.7220106612356528,0.8202578939932264,0.9185051267507998,0.9185051267507998,0.9185051267507998,0.9514186094674297,0.9843320921840596,0.015667907815940286,0.015667907815940286,0.015667907815940286,0.04858139053257027,0.08149487324920025,0.08149487324920025,0.17974210600677368,0.2779893387643471,0.2779893387643471,0.2779893387643471,0.41261781604114967,0.5472462933179523
2026/07/24,Toluca,Guadalajara,0.5570141432879752,0.2508390459536949,0.19214681075833004,0.24599530141528977,0.24599530141528977,0.24599530141528977,0.3850485598787916,0.5241018183422934,0.5241018183422934,0.6716541983150552,0.8192065782878172,0.8192065782878172,0.8192065782878172,0.8867718847445982,0.9543371912013793,0.04566280879862084,0.04566280879862084,0.04566280879862084,0.11322811525540201,0.18079342171218318,0.18079342171218318,0.328345801684945,0.4758981816577068,0.4758981816577068,0.4758981816577068,0.6149514401212086,0.7540046985847104
2026/07/24,Toluca,Leon,0.7524011208992203,0.16670168136510588,0.08089719773567379,0.4550522337352195,0.4550522337352195,0.4550522337352195,0.5904456629599646,0.7258390921847095,0.7258390921847095,0.8238989047524189,0.9219587173201282,0.9219587173201282,0.9219587173201282,0.9537508774890047,0.9855430376578812,0.014456962342118842,0.014456962342118842,0.014456962342118842,0.04624912251099529,0.07804128267987175,0.07804128267987175,0.1761010952475811,0.27416090781529046,0.27416090781529046,0.27416090781529046,0.40955433704003547,0.5449477662647805
2026/07/24,Toluca,Mazatlan,0.7891818087141539,0.14985912551243788,0.060959065773408164,0.5003531767031258,0.5003531767031258,0.5003531767031258,0.6324927697144502,0.7646323627257746,0.7646323627257746,0.8527847894977969,0.9409372162698191,0.9409372162698191,0.9409372162698191,0.9657478030804751,0.9905583898911311,0.009441610108868976,0.009441610108868976,0.009441610108868976,0.034252196919524885,0.0590627837301808,0.0590627837301808,0.14721521050220307,0.23536763727422533,0.23536763727422533,0.23536763727422533,0.3675072302855497,0.4996468232968741
2026/07/24,Toluca,Monterrey,0.6330108494104982,0.20914835978332008,0.15784079080618155,0.33166276633476166,0.33166276633476166,0.33166276633476166,0.46756570459610264,0.6034686428574436,0.6034686428574436,0.7264970897888083,0.8495255367201731,0.8495255367201731,0.8495255367201731,0.9052065228072453,0.9608875088943176,0.039112491105682476,0.039112491105682476,0.039112491105682476,0.09479347719275469,0.1504744632798269,0.1504744632798269,0.27350291021119155,0.3965313571425563,0.3965313571425563,0.3965313571425563,0.5324342954038972,0.6683372336652382
2026/07/24,Toluca,Necaxa,0.742025209713738,0.16454755312168065,0.09342723716458134,0.4539423779176582,0.4539423779176582,0.4539423779176582,0.58508851634878,0.7162346547799019,0.7162346547799019,0.8130273330867728,0.9098200113936438,0.9098200113936438,0.9098200113936438,0.9452784401262148,0.9807368688587857,0.01926313114121417,0.01926313114121417,0.01926313114121417,0.05472155987378517,0.09017998860635618,0.09017998860635618,0.18697266691322714,0.2837653452200981,0.2837653452200981,0.2837653452200981,0.41491148365121994,0.5460576220823418
2026/07/24,Toluca,Pachuca,0.5452091481406042,0.271091877700461,0.18369897415893494,0.22347704620105066,0.22347704620105066,0.22347704620105066,0.3664514968458068,0.5094259474905629,0.5094259474905629,0.6688917579025986,0.8283575683146344,0.8283575683146344,0.8283575683146344,0.8948621032163373,0.9613666381180401,0.03863336188195958,0.03863336188195958,0.03863336188195958,0.10513789678366245,0.1716424316853653,0.1716424316853653,0.3311082420974011,0.49057405250943686,0.49057405250943686,0.49057405250943686,0.633548503154193,0.7765229537989491
2026/07/24,Toluca,Puebla,0.7876640604859396,0.15761467705624446,0.054721262457815924,0.48538074076047466,0.48538074076047466,0.48538074076047466,0.6235186320241635,0.7616565232878522,0.7616565232878522,0.8543710392032902,0.947085555118728,0.947085555118728,0.947085555118728,0.9699215995156855,0.9927576439126429,0.007242356087357101,0.007242356087357101,0.007242356087357101,0.030078400484314545,0.05291444488127199,0.05291444488127199,0.14562896079670998,0.23834347671214795,0.23834347671214795,0.23834347671214795,0.37648136797583664,0.5146192592395253
2026/07/24,Toluca,Queretaro,0.7331888861736724,0.18542709877926014,0.0813840150470676,0.4166127543259,0.4166127543259,0.4166127543259,0.5601742553349659,0.7037357563440317,0.7037357563440317,0.8128105203318319,0.9218852843196319,0.9218852843196319,0.9218852843196319,0.9544430594985156,0.9870008346773992,0.012999165322600838,0.012999165322600838,0.012999165322600838,0.04555694050148447,0.0781147156803681,0.0781147156803681,0.18718947966816818,0.29626424365596826,0.29626424365596826,0.29626424365596826,0.43982574466503416,0.5833872456741
2026/07/24,Toluca,Santos Laguna,0.8009020506552538,0.13561991914120294,0.0634780302035434,0.5331482477542865,0.5331482477542865,0.5331482477542865,0.6559374745448152,0.7787267013353438,0.7787267013353438,0.8585031243595809,0.9382795473838178,0.9382795473838178,0.9382795473838178,0.9634439896004363,0.9886084318170549,0.011391568182944895,0.011391568182944895,0.011391568182944895,0.03655601039956351,0.061720452616182114,0.061720452616182114,0.14149687564041907,0.221273298664656,0.221273298664656,0.221273298664656,0.34406252545518473,0.46685175224571346
2026/07/24,Toluca,Tigres UANL,0.5184348862120525,0.2728684833924478,0.20869663039549993,0.2075262842034318,0.2075262842034318,0.2075262842034318,0.34581427469929077,0.4841022651951497,0.4841022651951497,0.6446131377789425,0.8051240103627352,0.8051240103627352,0.8051240103627352,0.8784785453628549,0.9518330803629745,0.0481669196370254,0.0481669196370254,0.0481669196370254,0.12152145463714506,0.1948759896372647,0.1948759896372647,0.3553868622210574,0.5158977348048501,0.5158977348048501,0.5158977348048501,0.6541857253007091,0.7924737157965681
2026/07/24,Toluca,Tijuana,0.6727145980053251,0.2048360198110713,0.12244938218360359,0.35916540342542114,0.35916540342542114,0.35916540342542114,0.5006494608551536,0.6421335182848861,0.6421335182848861,0.7626252946443397,0.8831170710037932,0.8831170710037932,0.8831170710037932,0.9289898610187566,0.9748626510337198,0.025137348966279973,0.025137348966279973,0.025137348966279973,0.07101013898124324,0.11688292899620652,0.11688292899620652,0.2373747053556601,0.3578664817151137,0.3578664817151137,0.3578664817151137,0.4993505391448462,0.6408345965745786
2026/07/24,Toluca,UNAM Pumas,0.6559614240729452,0.210787128770142,0.13325144715691276,0.34267689809458013,0.34267689809458013,0.34267689809458013,0.4838605466094625,0.6250441951243448,0.6250441951243448,0.7490366238126637,0.8730290525009825,0.8730290525009825,0.8730290525009825,0.9222755175807515,0.9715219826605205,0.028478017339479626,0.028478017339479626,0.028478017339479626,0.07772448241924858,0.12697094749901752,0.12697094749901752,0.2509633761873364,0.3749558048756553,0.3749558048756553,0.3749558048756553,0.5161394533905377,0.6573231019054201
2026/07/24,UNAM Pumas,Atlante,0.6348951499294413,0.2592130864033503,0.10589176366720829,0.28131325172688326,0.28131325172688326,0.28131325172688326,0.43850185853173584,0.5956904653365884,0.5956904653365884,0.7481687514562062,0.900647037575824,0.900647037575824,0.900647037575824,0.9429868885807741,0.9853267395857241,0.014673260414276003,0.014673260414276003,0.014673260414276003,0.05701311141922598,0.09935296242417596,0.09935296242417596,0.2518312485437939,0.4043095346634118,0.4043095346634118,0.4043095346634118,0.5614981414682643,0.7186867482731168
2026/07/24,UNAM Pumas,Atlas,0.5529814263632857,0.25612497766275144,0.1908935959739628,0.23935196612419127,0.23935196612419127,0.23935196612419127,0.3793668680916046,0.5193817700590179,0.5193817700590179,0.6700435216253422,0.8207052731916666,0.8207052731916666,0.8207052731916666,0.8882998767216762,0.9558944802516858,0.04410551974831435,0.04410551974831435,0.04410551974831435,0.11170012327832385,0.17929472680833333,0.17929472680833333,0.32995647837465775,0.48061822994098213,0.48061822994098213,0.48061822994098213,0.6206331319083954,0.7606480338758087
2026/07/24,UNAM Pumas,Atletico San Luis,0.5443940621741259,0.2451496468667064,0.21045629095916774,0.2435356378463838,0.2435356378463838,0.2435356378463838,0.3783647951106683,0.5131939523749528,0.5131939523749528,0.6573996270024272,0.8016053016299016,0.8016053016299016,0.8016053016299016,0.8733076252889522,0.9450099489480028,0.0549900510519973,0.0549900510519973,0.0549900510519973,0.12669237471104788,0.1983946983700985,0.1983946983700985,0.3426003729975729,0.4868060476250473,0.4868060476250473,0.4868060476250473,0.6216352048893319,0.7564643621536163
2026/07/24,UNAM Pumas,Club America,0.30693616272083724,0.29896142657294794,0.3941024107062149,0.08460880091739399,0.08460880091739399,0.08460880091739399,0.1842229696903675,0.283837138463341,0.283837138463341,0.45969680115331046,0.6355564638432799,0.6355564638432799,0.6355564638432799,0.7544022940673378,0.8732481242913958,0.1267518757086043,0.1267518757086043,0.1267518757086043,0.24559770593266225,0.3644435361567202,0.3644435361567202,0.5403031988466896,0.7161628615366591,0.7161628615366591,0.7161628615366591,0.8157770303096326,0.9153911990826061
2026/07/24,UNAM Pumas,Cruz Azul,0.3155382287812965,0.27921904352296834,0.4052427276957352,0.09529946672441214,0.09529946672441214,0.09529946672441214,0.19463345282275693,0.2939674389211017,0.2939674389211017,0.4582139351110832,0.6224604313010648,0.6224604313010648,0.6224604313010648,0.7403172468575339,0.8581740624140031,0.1418259375859971,0.1418259375859971,0.1418259375859971,0.25968275314246625,0.37753956869893546,0.37753956869893546,0.5417860648889169,0.7060325610788983,0.7060325610788983,0.7060325610788983,0.8053665471772431,0.9047005332755877
2026/07/24,UNAM Pumas,FC Juarez,0.574782725192589,0.23663720601162355,0.18858006879578745,0.2688085207243059,0.2688085207243059,0.2688085207243059,0.4060739743579703,0.5433394279916348,0.5433394279916348,0.6825377844690604,0.8217361409464861,0.8217361409464861,0.8217361409464861,0.8873323456459692,0.9529285503454524,0.0470714496545476,0.0470714496545476,0.0470714496545476,0.11266765435403076,0.1782638590535139,0.1782638590535139,0.31746221553093945,0.456660572008365,0.456660572008365,0.456660572008365,0.5939260256420296,0.7311914792756942
2026/07/24,UNAM Pumas,Guadalajara,0.37370283091745127,0.2797193290796112,0.3465778400029377,0.12485511289103376,0.12485511289103376,0.12485511289103376,0.23647368117935685,0.3480922494676799,0.3480922494676799,0.512633031279216,0.677173813090752,0.677173813090752,0.677173813090752,0.7831986962225717,0.8892235793543913,0.11077642064560873,0.11077642064560873,0.11077642064560873,0.21680130377742837,0.322826186909248,0.322826186909248,0.48736696872078406,0.6519077505323201,0.6519077505323201,0.6519077505323201,0.7635263188206431,0.8751448871089662
2026/07/24,UNAM Pumas,Leon,0.5815494530422058,0.23749767480203704,0.1809528721557572,0.27191620160491636,0.27191620160491636,0.27191620160491636,0.4107502365768537,0.5495842715487911,0.5495842715487911,0.6892887861382246,0.8289933007276582,0.8289933007276582,0.8289933007276582,0.892717393388442,0.956441486049226,0.043558513950774154,0.043558513950774154,0.043558513950774154,0.10728260661155796,0.17100669927234177,0.17100669927234177,0.3107112138617753,0.4504157284512088,0.4504157284512088,0.4504157284512088,0.5892497634231462,0.7280837983950836
2026/07/24,UNAM Pumas,Mazatlan,0.6312637697929178,0.22614459475403234,0.14259163545304987,0.3115586801322693,0.3115586801322693,0.3115586801322693,0.45513402894072696,0.5987093777491846,0.5987093777491846,0.731735609957439,0.8647618421656934,0.8647618421656934,0.8647618421656934,0.9174567283119373,0.9701516144581811,0.02984838554181897,0.02984838554181897,0.02984838554181897,0.08254327168806283,0.1352381578343067,0.1352381578343067,0.268264390042561,0.4012906222508153,0.4012906222508153,0.4012906222508153,0.544865971059273,0.6884413198677307
2026/07/24,UNAM Pumas,Monterrey,0.4369337486021253,0.2525035821240222,0.31056266927385234,0.17488632688673478,0.17488632688673478,0.17488632688673478,0.292886878344934,0.4108874298031332,0.4108874298031332,0.5594189486996168,0.7079504675961005,0.7079504675961005,0.7079504675961005,0.802452993408119,0.8969555192201375,0.10304448077986236,0.10304448077986236,0.10304448077986236,0.19754700659188096,0.2920495324038995,0.2920495324038995,0.4405810513003831,0.5891125701968667,0.5891125701968667,0.5891125701968667,0.7071131216550659,0.8251136731132651
2026/07/24,UNAM Pumas,Necaxa,0.5599302513189632,0.23110386233123328,0.2089658863498034,0.2652649391142209,0.2652649391142209,0.2652649391142209,0.3977479597101426,0.5302309803060643,0.5302309803060643,0.6661744287362016,0.8021178771663389,0.8021178771663389,0.8021178771663389,0.8721320321832249,0.942146187200111,0.05785381279988899,0.05785381279988899,0.05785381279988899,0.12786796781677512,0.19788212283366122,0.19788212283366122,0.33382557126379847,0.4697690196939357,0.4697690196939357,0.4697690196939357,0.6022520402898575,0.7347350608857791
2026/07/24,UNAM Pumas,Pachuca,0.3725431797873414,0.30168453457095307,0.32577228564170546,0.11490431008181455,0.11490431008181455,0.11490431008181455,0.22952269869008946,0.34414108729836435,0.34414108729836435,0.5216025782224545,0.6990640691465446,0.6990640691465446,0.6990640691465446,0.8032973296090495,0.9075305900715545,0.09246940992844553,0.09246940992844553,0.09246940992844553,0.19670267039095055,0.30093593085345555,0.30093593085345555,0.47839742177754563,0.6558589127016357,0.6558589127016357,0.6558589127016357,0.7704773013099107,0.8850956899181855
2026/07/24,UNAM Pumas,Puebla,0.637892871975315,0.23624372457392104,0.125863403450764,0.30469214179969223,0.30469214179969223,0.30469214179969223,0.45388263496238856,0.6030731281250848,0.6030731281250848,0.7420400249332738,0.8810069217414628,0.8810069217414628,0.8810069217414628,0.9292192897627557,0.9774316577840486,0.02256834221595166,0.02256834221595166,0.02256834221595166,0.07078071023724454,0.11899307825853742,0.11899307825853742,0.25795997506672647,0.3969268718749155,0.3969268718749155,0.3969268718749155,0.5461173650376118,0.695307858200308
2026/07/24,UNAM Pumas,Queretaro,0.5682732531192738,0.2564720710808683,0.17525467579985785,0.24764031505186962,0.24764031505186962,0.24764031505186962,0.3906609167397055,0.5336815184275413,0.5336815184275413,0.684547442592758,0.8354133667579746,0.8354133667579746,0.8354133667579746,0.8988197237843136,0.9622260808106526,0.037773919189347346,0.037773919189347346,0.037773919189347346,0.1011802762156864,0.16458663324202544,0.16458663324202544,0.3154525574072421,0.4663184815724587,0.4663184815724587,0.4663184815724587,0.6093390832602946,0.7523596849481305
2026/07/24,UNAM Pumas,Santos Laguna,0.6355624833647434,0.21019677828280764,0.15424073835244903,0.3318924502037087,0.3318924502037087,0.3318924502037087,0.46880269341023323,0.6057129366167577,0.6057129366167577,0.7293581003125269,0.8530032640082961,0.8530032640082961,0.8530032640082961,0.9078448853466727,0.9626865066850493,0.03731349331495067,0.03731349331495067,0.03731349331495067,0.09215511465332728,0.14699673599170388,0.14699673599170388,0.2706418996874731,0.39428706338324226,0.39428706338324226,0.39428706338324226,0.5311973065897667,0.6681075497962912
2026/07/24,UNAM Pumas,Tigres UANL,0.3437257116411444,0.2941984172381889,0.3620758711206667,0.10368749314246703,0.10368749314246703,0.10368749314246703,0.21106471080957218,0.3184419284766773,0.3184419284766773,0.4914998209697296,0.6645577134627819,0.6645577134627819,0.6645577134627819,0.77591168514702,0.8872656568312581,0.11273434316874165,0.11273434316874165,0.11273434316874165,0.22408831485297986,0.3354422865372181,0.3354422865372181,0.5085001790302703,0.6815580715233227,0.6815580715233227,0.6815580715233227,0.7889352891904278,0.8963125068575328
2026/07/24,UNAM Pumas,Tijuana,0.4900240657030133,0.26122413766650354,0.24875179663048297,0.1997277528532028,0.1997277528532028,0.1997277528532028,0.3295875685330644,0.459447384212926,0.459447384212926,0.6131086416638104,0.7667698991146947,0.7667698991146947,0.7667698991146947,0.8490752196857219,0.931380540256749,0.06861945974325091,0.06861945974325091,0.06861945974325091,0.15092478031427797,0.23323010088530505,0.23323010088530505,0.3868913583361894,0.5405526157870737,0.5405526157870737,0.5405526157870737,0.6704124314669354,0.8002722471467971
2026/07/24,UNAM Pumas,Toluca,0.2887292690640992,0.26912809213946587,0.44214263879643495,0.08553197742724046,0.08553197742724046,0.08553197742724046,0.17774958487552864,0.26996719232381683,0.26996719232381683,0.4282778347587967,0.5865884771937766,0.5865884771937766,0.5865884771937766,0.709510514552026,0.8324325519102753,0.16756744808972474,0.16756744808972474,0.16756744808972474,0.29048948544797404,0.4134115228062233,0.4134115228062233,0.5717221652412032,0.7300328076761831,0.7300328076761831,0.7300328076761831,0.8222504151244714,0.9144680225727596
